CREATE DATABASE  IF NOT EXISTS `chestnut` /*!40100 DEFAULT CHARACTER SET utf8mb4 COLLATE utf8mb4_0900_ai_ci */ /*!80016 DEFAULT ENCRYPTION='N' */;
USE `chestnut`;
-- MySQL dump 10.13  Distrib 8.0.36, for Win64 (x86_64)
--
-- Host: i11d107.p.ssafy.io    Database: chestnut
-- ------------------------------------------------------
-- Server version	8.0.39

/*!40101 SET @OLD_CHARACTER_SET_CLIENT=@@CHARACTER_SET_CLIENT */;
/*!40101 SET @OLD_CHARACTER_SET_RESULTS=@@CHARACTER_SET_RESULTS */;
/*!40101 SET @OLD_COLLATION_CONNECTION=@@COLLATION_CONNECTION */;
/*!50503 SET NAMES utf8 */;
/*!40103 SET @OLD_TIME_ZONE=@@TIME_ZONE */;
/*!40103 SET TIME_ZONE='+00:00' */;
/*!40014 SET @OLD_UNIQUE_CHECKS=@@UNIQUE_CHECKS, UNIQUE_CHECKS=0 */;
/*!40014 SET @OLD_FOREIGN_KEY_CHECKS=@@FOREIGN_KEY_CHECKS, FOREIGN_KEY_CHECKS=0 */;
/*!40101 SET @OLD_SQL_MODE=@@SQL_MODE, SQL_MODE='NO_AUTO_VALUE_ON_ZERO' */;
/*!40111 SET @OLD_SQL_NOTES=@@SQL_NOTES, SQL_NOTES=0 */;

--
-- Table structure for table `announcement`
--

DROP TABLE IF EXISTS `announcement`;
/*!40101 SET @saved_cs_client     = @@character_set_client */;
/*!50503 SET character_set_client = utf8mb4 */;
CREATE TABLE `announcement` (
  `announce_id` int unsigned NOT NULL AUTO_INCREMENT COMMENT '공지 식별 번호',
  `member_id` bigint NOT NULL,
  `title` varchar(100) NOT NULL,
  `created_at` timestamp NOT NULL DEFAULT CURRENT_TIMESTAMP COMMENT '작성 날짜',
  `updated_at` timestamp NOT NULL DEFAULT CURRENT_TIMESTAMP COMMENT '수정 날짜',
  `content` text NOT NULL,
  `hit` int unsigned NOT NULL DEFAULT '0' COMMENT '조회수',
  `announce_category_id` tinyint NOT NULL COMMENT '공지 유형 식별번호',
  PRIMARY KEY (`announce_id`),
  KEY `member_idx` (`member_id`),
  KEY `announce_category_idx` (`announce_category_id`),
  CONSTRAINT `FK9jhukvc1noj2feontno7njjvn` FOREIGN KEY (`announce_category_id`) REFERENCES `announcement_category` (`announce_category_id`),
  CONSTRAINT `FKibvknlhmqcob0njrw9cghkirb` FOREIGN KEY (`member_id`) REFERENCES `member` (`member_id`)
) ENGINE=InnoDB AUTO_INCREMENT=36 DEFAULT CHARSET=utf8mb4 COLLATE=utf8mb4_0900_ai_ci;
/*!40101 SET character_set_client = @saved_cs_client */;

--
-- Dumping data for table `announcement`
--

LOCK TABLES `announcement` WRITE;
/*!40000 ALTER TABLE `announcement` DISABLE KEYS */;
INSERT INTO `announcement` VALUES (28,1,'도토리 지급 기준 안내입니다.','2024-08-14 14:26:44','2024-08-14 14:28:52','출석 보상\n- 매일 출석: 1밤송이\n- 연속 5일 출석: 3밤송이\n\n학습 보상\n- 매일 10문제 풀이: 1밤송이\n- 챗봇과 자유 대화: 1밤송이\n\n단, 보상은 각각 1일 1회로 제한됩니다.',77,5),(29,1,'단원별 학습 내용 안내입니다.','2024-08-14 14:28:00','2024-08-14 14:28:00','자모음(1단원) → 한 글자(2단원) → 받침 글자(3단원) → 음운 변동(4단원) → 단어(5단원) → 문장(6단원) → 헷갈리는 발음(7단원)\n\n자모음부터 헷갈리는 발음까지 체계적인 학습 커리큘럼을 제공합니다.',63,2),(30,1,'QnA 답변 안내입니다.','2024-08-14 16:21:27','2024-08-14 16:21:27','순차적으로 답변 중에 있습니다. 다소 시간이 소요될 수 있습니다.\n\n답변 시간: 10:00 ~ 18:00 (주말, 공휴일 제외)',60,6),(31,1,'왕밤빵 서비스 소개','2024-08-14 16:23:57','2024-08-14 16:52:50','왕밤빵은 청각장애인을 위한 발음 연습 플랫폼으로, \n단원별 학습부터 AI와의 자유 대화까지 다양한 방법으로 발음을 연습하고 의사소통 능력을 향상시키는 서비스를 제공합니다.',328,6),(32,1,'왕밤빵 기능 안내','2024-08-14 16:24:41','2024-08-14 16:47:39','- 단원별 학습: 체계적인 학습으로 발음하는 방법부터 음운론, 문장 연습까지 학습할 수 있습니다.\n- 자유 대화: AI와의 자유 대화를 통해 실생활에서의 발음 연습을 지원합니다.\n- 발음 분석: 사용자의 발음을 분석하고 피드백을 제공합니다.\n- 진도 관리: 메인페이지 내 캘린더를 통해 출석을 체크하고, 챕터 내 학습 현황을 통해 자신의 학습량을 체크할 수 있습니다.',139,6);
/*!40000 ALTER TABLE `announcement` ENABLE KEYS */;
UNLOCK TABLES;

--
-- Table structure for table `announcement_category`
--

DROP TABLE IF EXISTS `announcement_category`;
/*!40101 SET @saved_cs_client     = @@character_set_client */;
/*!50503 SET character_set_client = utf8mb4 */;
CREATE TABLE `announcement_category` (
  `announce_category_id` tinyint NOT NULL COMMENT '공지 유형 식별번호, AI 아님',
  `announce_category_name` varchar(5) NOT NULL,
  PRIMARY KEY (`announce_category_id`)
) ENGINE=InnoDB DEFAULT CHARSET=utf8mb4 COLLATE=utf8mb4_0900_ai_ci;
/*!40101 SET character_set_client = @saved_cs_client */;

--
-- Dumping data for table `announcement_category`
--

LOCK TABLES `announcement_category` WRITE;
/*!40000 ALTER TABLE `announcement_category` DISABLE KEYS */;
INSERT INTO `announcement_category` VALUES (1,'회원정보'),(2,'학습'),(3,'오픈채팅'),(4,'대화연습'),(5,'보상'),(6,'기타');
/*!40000 ALTER TABLE `announcement_category` ENABLE KEYS */;
UNLOCK TABLES;

--
-- Table structure for table `attendance_log`
--

DROP TABLE IF EXISTS `attendance_log`;
/*!40101 SET @saved_cs_client     = @@character_set_client */;
/*!50503 SET character_set_client = utf8mb4 */;
CREATE TABLE `attendance_log` (
  `attendance_log_id` int unsigned NOT NULL AUTO_INCREMENT COMMENT '출석 내역 식별 번호',
  `member_id` bigint NOT NULL,
  `attendance_at` timestamp NOT NULL COMMENT '하루 첫  학습 시 출석 insert - 학습 내역 insert 시 트리거 동작',
  `attendance_count` smallint NOT NULL DEFAULT '1',
  PRIMARY KEY (`attendance_log_id`),
  KEY `attend_member_idx` (`member_id`),
  CONSTRAINT `FKs13ilpqryegjygg05x8st6g26` FOREIGN KEY (`member_id`) REFERENCES `member` (`member_id`)
) ENGINE=InnoDB AUTO_INCREMENT=32 DEFAULT CHARSET=utf8mb4 COLLATE=utf8mb4_0900_ai_ci;
/*!40101 SET character_set_client = @saved_cs_client */;

--
-- Dumping data for table `attendance_log`
--

LOCK TABLES `attendance_log` WRITE;
/*!40000 ALTER TABLE `attendance_log` DISABLE KEYS */;
INSERT INTO `attendance_log` VALUES (1,1,'2024-08-11 04:12:24',1),(2,1,'2024-08-11 10:04:34',1),(3,1,'2024-08-12 01:28:48',2),(4,1,'2024-08-12 04:53:09',2),(5,1,'2024-08-12 05:05:42',2),(6,1,'2024-08-12 05:50:27',2),(7,1,'2024-08-12 16:49:52',3),(8,4,'2024-08-13 01:59:59',1),(9,1,'2024-08-13 12:31:55',3),(10,1,'2024-08-14 00:22:31',4),(11,27,'2024-08-14 07:41:06',1),(12,3,'2024-08-14 08:08:40',1),(13,29,'2024-08-14 10:55:17',1),(14,4,'2024-08-14 13:11:57',2),(15,26,'2024-08-14 13:19:45',1),(16,4,'2024-08-14 15:00:09',3),(17,26,'2024-08-14 15:15:23',2),(18,1,'2024-08-14 15:25:57',5),(19,40,'2024-08-14 18:12:50',1),(20,43,'2024-08-15 03:30:40',1),(21,3,'2024-08-15 06:30:04',2),(22,13,'2024-08-15 08:20:41',1),(23,1,'2024-08-15 20:53:22',6),(24,26,'2024-08-16 00:00:11',3),(25,4,'2024-08-16 00:47:59',4),(26,44,'2024-08-16 06:24:43',1),(27,1,'2024-08-16 15:12:58',7),(28,49,'2024-08-18 02:10:44',1),(29,1,'2024-08-18 08:27:55',8),(30,3,'2024-08-22 04:34:10',1),(31,1,'2024-08-22 04:54:23',1);
/*!40000 ALTER TABLE `attendance_log` ENABLE KEYS */;
UNLOCK TABLES;

--
-- Table structure for table `avatar`
--

DROP TABLE IF EXISTS `avatar`;
/*!40101 SET @saved_cs_client     = @@character_set_client */;
/*!50503 SET character_set_client = utf8mb4 */;
CREATE TABLE `avatar` (
  `avatar_id` tinyint NOT NULL COMMENT 'AI 아닌 데이터 직접 입력 & 관리 (1~7)',
  `avatar_name` varchar(10) NOT NULL,
  `avatar_img_url` varchar(255) NOT NULL COMMENT '각 단계 이미지 파일 위치',
  `avatar_thumbnail_url` varchar(255) NOT NULL COMMENT '각 단계 썸네일 이미지 파일 위치',
  `lower_limit` tinyint NOT NULL COMMENT '각 단계 도달을 위한 최소 경험치',
  PRIMARY KEY (`avatar_id`)
) ENGINE=InnoDB DEFAULT CHARSET=utf8mb4 COLLATE=utf8mb4_0900_ai_ci;
/*!40101 SET character_set_client = @saved_cs_client */;

--
-- Dumping data for table `avatar`
--

LOCK TABLES `avatar` WRITE;
/*!40000 ALTER TABLE `avatar` DISABLE KEYS */;
INSERT INTO `avatar` VALUES (1,'초록밤송이','/images/avatar_img/green_chipmonk.png','/images/avatar_thumbnail/green_chipmonk.png',0),(2,'갈색밤송이','/images/avatar_img/brown_chipmonk.png','/images/avatar_thumbnail/brown_chipmonk.png',10),(3,'아기다람쥐','/images/avatar_img/baby_chipmonk.png','/images/avatar_thumbnail/baby_chipmonk.png',23),(4,'공부다람쥐','/images/avatar_img/studying_chipmonk.png','/images/avatar_thumbnail/studying_chipmonk.png',39),(5,'말하는다람쥐','/images/avatar_img/talking_chipmonk.png','/images/avatar_thumbnail/talking_chipmonk.png',58),(6,'우승다람쥐','/images/avatar_img/winner_chipmonk.png','/images/avatar_thumbnail/winner_chipmonk.png',80),(7,'졸업다람쥐','/images/avatar_img/graduate_chipmonk.png','/images/avatar_thumbnail/graduate_chipmonk.png',105);
/*!40000 ALTER TABLE `avatar` ENABLE KEYS */;
UNLOCK TABLES;

--
-- Table structure for table `chapter`
--

DROP TABLE IF EXISTS `chapter`;
/*!40101 SET @saved_cs_client     = @@character_set_client */;
/*!50503 SET character_set_client = utf8mb4 */;
CREATE TABLE `chapter` (
  `chapter_id` tinyint NOT NULL COMMENT '챕터 식별 번호, AI 아님',
  `chapter_name` varchar(10) NOT NULL,
  `total_studies` smallint NOT NULL COMMENT '챕터별 학습 수',
  PRIMARY KEY (`chapter_id`)
) ENGINE=InnoDB DEFAULT CHARSET=utf8mb4 COLLATE=utf8mb4_0900_ai_ci;
/*!40101 SET character_set_client = @saved_cs_client */;

--
-- Dumping data for table `chapter`
--

LOCK TABLES `chapter` WRITE;
/*!40000 ALTER TABLE `chapter` DISABLE KEYS */;
INSERT INTO `chapter` VALUES (1,'자음 / 모음',39),(2,'한 글자',286),(3,'받침 글자',7),(4,'음운 변동',11),(5,'단어',924),(6,'문장',987),(7,'헷갈리는 발음',62);
/*!40000 ALTER TABLE `chapter` ENABLE KEYS */;
UNLOCK TABLES;

--
-- Table structure for table `log_type`
--

DROP TABLE IF EXISTS `log_type`;
/*!40101 SET @saved_cs_client     = @@character_set_client */;
/*!50503 SET character_set_client = utf8mb4 */;
CREATE TABLE `log_type` (
  `log_type_id` tinyint NOT NULL COMMENT 'AI 아닌 직접 입력 & 관리, 총 4가지 - code [1, 2, 3, 4]',
  `log_name` varchar(6) NOT NULL,
  PRIMARY KEY (`log_type_id`)
) ENGINE=InnoDB DEFAULT CHARSET=utf8mb4 COLLATE=utf8mb4_0900_ai_ci;
/*!40101 SET character_set_client = @saved_cs_client */;

--
-- Dumping data for table `log_type`
--

LOCK TABLES `log_type` WRITE;
/*!40000 ALTER TABLE `log_type` DISABLE KEYS */;
INSERT INTO `log_type` VALUES (1,'출석로그'),(2,'AI대화로그'),(3,'문제로그');
/*!40000 ALTER TABLE `log_type` ENABLE KEYS */;
UNLOCK TABLES;

--
-- Table structure for table `member`
--

DROP TABLE IF EXISTS `member`;
/*!40101 SET @saved_cs_client     = @@character_set_client */;
/*!50503 SET character_set_client = utf8mb4 */;
CREATE TABLE `member` (
  `member_id` bigint NOT NULL AUTO_INCREMENT,
  `login_id` varchar(255) NOT NULL,
  `password` varchar(255) NOT NULL COMMENT '탈퇴시 "-"변경',
  `email` varchar(255) NOT NULL,
  `nickname` varchar(255) NOT NULL,
  `birthday` date DEFAULT NULL COMMENT '사용자 선택 입력, 탈퇴시 9999-12-31로 변경',
  `member_name` varchar(255) NOT NULL,
  `is_admin` tinyint(1) NOT NULL DEFAULT '0' COMMENT '관리자 여부(1:관리자, 0:일반)',
  `reward` bigint NOT NULL,
  `join_at` timestamp NOT NULL DEFAULT CURRENT_TIMESTAMP COMMENT '가입 일시',
  `withdraw_at` timestamp NULL DEFAULT NULL COMMENT '탈퇴 일시',
  `is_withdraw` tinyint(1) NOT NULL DEFAULT '0' COMMENT '탈퇴 여부',
  `avatar_id` tinyint NOT NULL COMMENT '사용자 아바타 진화 단계 표시',
  `study_id` int unsigned DEFAULT NULL COMMENT '사용자가 마지막으로 공부한 학습 식별 번호',
  `ranking` int unsigned NOT NULL COMMENT '회원 개인 랭크',
  PRIMARY KEY (`member_id`),
  UNIQUE KEY `unique_loginId` (`login_id`),
  UNIQUE KEY `unique_email` (`email`),
  UNIQUE KEY `nickname` (`nickname`),
  KEY `member_avater_idx` (`avatar_id`),
  KEY `member_study_idx` (`study_id`) /*!80000 INVISIBLE */,
  KEY `member_login_idx` (`login_id`),
  CONSTRAINT `FK7ybged4jpsq02kfboou5rwy6t` FOREIGN KEY (`avatar_id`) REFERENCES `avatar` (`avatar_id`),
  CONSTRAINT `FKhdo70vef9f4jijmbg3r465ay4` FOREIGN KEY (`study_id`) REFERENCES `study` (`study_id`)
) ENGINE=InnoDB AUTO_INCREMENT=50 DEFAULT CHARSET=utf8mb4 COLLATE=utf8mb4_0900_ai_ci;
/*!40101 SET character_set_client = @saved_cs_client */;

--
-- Dumping data for table `member`
--

LOCK TABLES `member` WRITE;
/*!40000 ALTER TABLE `member` DISABLE KEYS */;
INSERT INTO `member` VALUES (1,'duli123','$2a$10$68BOijj/vIYf/S5VvoSmZO.pjPb9idLjXth0WjEkMUUxbDOStVGhC','duli@naver.com','둘리',NULL,'김둘리',1,114,'2024-08-02 06:42:51',NULL,0,7,41,1),(2,'pingu','$2a$10$GmNXdHLkOcWyGFJwekoPwe6UpQlMCjH41n1qYCFN1PA3qycJRGpHC','pingu@naver.com','핑핑',NULL,'김핑구',0,82,'2024-08-10 15:31:19',NULL,0,6,NULL,2),(3,'kitty','$2a$10$A5vtn.4lBn30fO0JI/mk/eMH/d2fh4TJ0Uabo5xyiTzqdQfmONd0u','kitty@naver.com','티티',NULL,'키티',0,76,'2024-08-10 15:52:42',NULL,0,5,675,3),(4,'cherry','$2a$10$EmKT1altLXAUXWCMUtSa8eiDvpaG3.GR3UDEs9MwA6JlvBVmVoKSm','cherry@naver.com','체리','1921-01-12','한체리',0,71,'2024-08-10 15:53:23',NULL,0,5,724,4),(5,'dolphin','$2a$10$03qwow.vSof1K8v45K6ucuLKv924tHvSpCGNVv138EU/sxhLlfrhK','dolphin@naver.com','돌돌이',NULL,'돌고래',0,29,'2024-08-10 15:54:39',NULL,0,3,NULL,9),(9,'dolphin2','$2a$10$KUkZXPH8PUpnR2k/iFU5YexiTw4UtI0/71bEwZXtfcAC7chTQkofi','dolphin2@naver.com','우영우최애',NULL,'돌고래',0,45,'2024-08-10 20:29:46',NULL,0,5,NULL,6),(13,'eunji','$2a$10$DZY.6pUn/WgSUQ9ghzlqrO4Vdw.tusumut.rCLNQENfu09MF06h8u','eunji@naver.com','dd',NULL,'dd',0,33,'2024-08-12 12:54:49',NULL,0,3,1,8),(14,'hye9807','$2a$10$V1Rtz03Wn8QbJJ0dsErqWecs/N4gDO3S7MZ5/kTCY.jaJi3brzzGa','hye9807@naver.com','바보핑구','1998-07-06','바보핑구',0,38,'2024-08-12 13:17:46',NULL,0,3,NULL,7),(26,'qwerasdf','$2a$10$TZ9X7ygjB5XPEPxbR61uhO9sOqfOtlxYmrdsympwW2sylEIZ5UFR.','gus3260@naver.com','시현',NULL,'시현',0,59,'2024-08-14 07:17:33',NULL,0,5,655,5),(27,'pororo','$2a$10$Gqbk.c6iNnl/2NVcvNeeh.udL.GPK7iB7MVE7NqKuoaJ8YIkzvW/2','kitity@gmail.com','키티티','1998-07-06','뽀로로캬캬',0,12,'2024-08-14 07:39:53',NULL,0,2,1,12),(29,'eunjee0404','$2a$10$80wJATzdwx96FxMgs8YONeQa.LtUN/XLrNBKpwcqCG1AFrwksWYei','eunjee04@naver.com','은지',NULL,'은지',0,2,'2024-08-14 10:54:58',NULL,0,1,1,15),(30,'zerom','$2a$10$Zyd1PNhfMimV9J4Vq/BEsuxLXwX2qEbo2gggHwXudt6Ly67Jl5gb.','zerom980706@naver.com','zerom','2021-12-29','zerom',0,5,'2024-08-14 12:10:21',NULL,0,1,NULL,13),(32,'hye98071','$2a$10$Licsby26A6nNUHdoJNnBlOZxRZtXQcgDToxOt.6UAVxs0XwB1q/3S','hye9807@g.skku.edu','jihye','2021-12-28','jihye',0,17,'2024-08-14 13:22:22',NULL,0,2,NULL,11),(33,'asdfzxcv','$2a$10$1z5zo0QfFHn56uhyvXwrLO2MKtUrcaY1EWQ0DG5Dpd41lSyDFIEIu','lazenca0126@naver.com','태훈','1993-12-26','허태훈',0,24,'2024-08-14 13:59:38',NULL,0,3,NULL,10),(34,'asdfjk','$2a$10$cUWRXV7aI/dZz7W1K4J6Pu4UioynU2uT/5BiqXpUhuN8p2S7i8whS','22wintersleep@naver.com','hush2','2021-12-30','허태운',0,3,'2024-08-14 14:26:26',NULL,0,1,NULL,14),(40,'ssafy123','$2a$10$PMgipnK2GBSMLyX7yWWDB.WEE8.2c/ZlKYTHkbjmnAdiKA5yM3Lqe','codemj99@gmail.com','싸피맨','2021-12-29','싸피맨',0,1,'2024-08-14 17:18:06',NULL,0,1,1,17),(42,'lili123','$2a$10$TUNLejAHKEL3kQigj1RNreqguVFyC5ljVnL0RCYziWYAICGdTclL2','rdf136@naver.com','lili','2021-12-29','te14oW',0,0,'2024-08-14 18:43:33',NULL,0,1,NULL,20),(43,'kiki123','$2a$10$/Wv2TPyOMMSrBIpTmYHXCelxmpvYw14Gv5uus.42Bty8fi8zgNwxu','zerom980706@gmail.com','키키',NULL,'키키',0,1,'2024-08-15 03:19:22',NULL,0,1,26,17),(44,'kdj4355','$2a$10$GSkfRmBzY6X67JhALnve4OdHuujldnSAWk077.JpD/gQrL5JrrRA.','kdj4355@naver.com','Joon','1995-03-14','김동준',0,1,'2024-08-16 06:23:50',NULL,0,1,2,17),(45,'chest','$2a$10$MWHNQzbW7Ny.iL.kRBxhH.e1nicx067QumPj9SjRc030IleIWPKmq','chest@naver.com','밤빵','2020-12-28','왕밤빵',0,0,'2024-08-17 17:25:05',NULL,0,1,NULL,20),(48,'chestnut','$2a$10$g1j2k1RLDCc26yu7cSIZ1.yEZMEcu7wwuruD4p7MbYR0g9l3kHiTe','eunjee0404@naver.com','밤빵이','2021-12-29','왕밤빵',0,0,'2024-08-17 17:36:23',NULL,0,1,NULL,20),(49,'mjyh0507','$2a$10$Szv7gQqSfQbihBaQIKdbueGbfjzWrEVi7KlNJ34T.Xez54srExWaO','dbe05188@naver.com','라이언과함께춤을','1998-07-21','라이언과함께춤을',0,2,'2024-08-18 02:06:30',NULL,0,1,33,15);
/*!40000 ALTER TABLE `member` ENABLE KEYS */;
UNLOCK TABLES;

--
-- Table structure for table `qna`
--

DROP TABLE IF EXISTS `qna`;
/*!40101 SET @saved_cs_client     = @@character_set_client */;
/*!50503 SET character_set_client = utf8mb4 */;
CREATE TABLE `qna` (
  `qna_id` int unsigned NOT NULL AUTO_INCREMENT COMMENT 'qna 식별 번호',
  `member_id` bigint NOT NULL,
  `title` varchar(100) NOT NULL,
  `content` text NOT NULL,
  `created_at` timestamp NOT NULL DEFAULT CURRENT_TIMESTAMP COMMENT '질문 날짜',
  `is_answer` tinyint(1) NOT NULL DEFAULT '0' COMMENT '답변 여부',
  `answer` text,
  `answer_at` timestamp NULL DEFAULT NULL COMMENT '답변 날짜',
  `qna_category_id` tinyint NOT NULL COMMENT 'qna 유형 식별번호',
  PRIMARY KEY (`qna_id`),
  KEY `qna_member_idx` (`member_id`),
  KEY `qna_category_idx` (`qna_category_id`),
  CONSTRAINT `FKg55auu4qfkh4dqgxwjjbk5hdc` FOREIGN KEY (`qna_category_id`) REFERENCES `qna_category` (`qna_category_id`),
  CONSTRAINT `FKm1m3olxkohgmxid7vamkwo8i9` FOREIGN KEY (`member_id`) REFERENCES `member` (`member_id`)
) ENGINE=InnoDB AUTO_INCREMENT=29 DEFAULT CHARSET=utf8mb4 COLLATE=utf8mb4_0900_ai_ci;
/*!40101 SET character_set_client = @saved_cs_client */;

--
-- Dumping data for table `qna`
--

LOCK TABLES `qna` WRITE;
/*!40000 ALTER TABLE `qna` DISABLE KEYS */;
INSERT INTO `qna` VALUES (1,4,'어떻게 하면 레벨이 오르나요?','어떻게 하면 다람쥐 레벨이 오르나요?','2024-08-11 01:28:27',1,'왕밤빵 이용해주셔서 감사합니다.\n다음 활동을 통해 보상을 모으신 후 일정 보상 갯수에 도달하면, 레벨이 오릅니다.\n출석 보상\n - 매일 출석: 1밤송이\n - 연속 5일 출석: 3밤송이\n 학습 보상\n - 매일 10문제 풀이: 1밤송이\\n\n - 챗봇과 자유 대화: 1밤송이\n단, 연속 출석를 제외한 보상은 각각 1일 1회로 제한됩니다.','2024-08-11 04:22:47',6),(2,2,'다람쥐 스탬프가 너무 귀여워요','스탬프는 어떻게 받나요?','2024-08-11 04:23:33',1,'왕밤빵 이용해주셔서 감사합니다.\n하루 최소 한번 새로운 학습을 하실 경우, 출석으로 인정되어 스탬프가 발급됩니다.','2024-08-15 04:20:32',6),(3,3,'랭킹은 언제 갱신되나요?','밤송이를 모았는데, 랭킹 갱신이 안 되요','2024-08-11 04:23:41',1,'왕밤빵을 이용해주셔서 감사합니다.\n 매일 자정 랭킹이 갱신됩니다.','2024-08-12 08:01:38',6),(4,5,'보상 관련해서 질문있습니다.','뭐하면 보상을 주나요?','2024-08-11 04:25:03',0,NULL,NULL,5),(5,9,'놓치다 발음이 녿치다에요?','노치다 아니에요?','2024-08-11 04:25:19',0,NULL,NULL,2),(6,13,'발음은 어떻게 인식되나요?','사람이 직접 듣고 적어주는 건가요?','2024-08-11 04:25:35',0,NULL,NULL,2),(7,26,'보상은 밤송이인가요? 도토리인가요?','.','2024-08-11 04:53:54',0,NULL,NULL,5),(8,14,'회원 탈퇴 후 재가입','같은 아이디로 가능해요?','2024-08-11 04:54:04',1,'왕밤빵을 이용해주셔서 감사합니다\n동일한 아이디로 재가입은 불가합니다.\n추가적인 문의가 있다면, 다시 문의바랍니다.\n감사합니다.','2024-08-12 08:37:07',1),(9,27,'발음 인식이 안됩니다.','인식 자체가 안 되는 거 같아요','2024-08-11 04:54:17',0,NULL,NULL,2),(10,29,'단어 업데이트는 언제 됩니까','ㅈㄱㄴ','2024-08-11 04:54:29',0,NULL,NULL,2),(11,30,'대화 연습이 초기화 되요','1시간 전에 대화하고 이어서 아려고 하는데 다시하래요','2024-08-11 04:55:19',0,NULL,NULL,4),(12,32,'아이디 변경 관련','아이디 변경 가능한가요','2024-08-11 10:49:33',1,'왕밤빵을 이용해주셔서 감사합니다.\n아이디 변경은 불가합니다.\n감사합니다.','2024-08-12 08:36:51',1),(13,33,'튜토리얼을 다시 보고 싶습니다.','문의드립니다.','2024-08-12 09:47:51',1,'왕밤빵을 이용해주셔서 감사합니다.\n메인페이지에서 우측 하단 ? 아이콘를 누르시면 다시 튜토리얼 확인이 가능합니다.','2024-08-12 13:54:02',6),(14,34,'대화연습은 24시간 되는 건가요?','언제든 할 수 있나요?','2024-08-12 13:56:42',0,NULL,NULL,4),(15,40,'어제 깜빡하고 공부를 못했는데..','끊어진 연속 일자 다시 살릴 수 없나요?','2024-08-12 13:57:07',1,'적극적으로 왕밤빵을 이용해주셔서 감사합니다.\n끊어진 연속 출석 날짜는 다시 학습 및 출석을 통해서만 살릴 수 있습니다.\n기존 출석 일자를 이을 수는 없습니다.','2024-08-12 14:00:18',1),(16,42,'오픈 채팅 내역','보고 싶어요','2024-08-12 14:28:57',1,'왕밤빵 이용해주셔서 감사합니다.\n개인정보 보호를 위해, 특별한 사유가 없는 한, 개인에게 오픈 채팅 내역을 공개하지 않고 있습니다.\n추가 문의가 있을 경우, 다시 문의 바랍니다.','2024-08-15 06:01:33',3),(17,43,'다람쥐 캐릭터으로 상품은 안 만드시나요','인형이라든가.. 만들 계획 없나요?','2024-08-12 14:29:02',1,'왕밤빵 마스코드 밤빵이를 사랑해주셔서 감사합니다.\n현재 상품 제작은 계획이 없습니다.','2024-08-13 05:43:44',6),(18,4,'카메라가 안되요','카메라부분이 검은 상자로 떠요','2024-08-12 14:29:09',1,'왕밤빵 이용해주셔서 감사합니다.\n브라우저 카메라 허용을 하지않으면 카메라를 사용할 수 없습니다.\n추가적인 문제가 있을 경우 다시 문의해주시길 바랍니다.','2024-08-14 21:40:31',2),(19,13,'관리자는 누구인가요','한명이에요??','2024-08-12 14:29:15',1,'왕밤빵 이용해주셔서 감사합니다.\n여러분의 원활한 이용을 위해 다수의 관리자가 운영하고 있습니다.\n불편 사항이 있을 경우 언제든 문의바랍니다.','2024-08-14 20:59:49',6),(20,26,'아 너무 재밌어요','진짜 너무 재밌네요','2024-08-12 14:29:21',1,'왕밤빵 이용해주셔서 감사합니다.\n여러분의 학습을 위해 언제나 노력하겠습니다.','2024-08-14 20:50:21',6),(21,5,'사용자간 커뮤니티 만들어주세요','사람과 대화하고 싶어요','2024-08-12 14:29:28',1,'왕밤빵을 이용해주셔서 감사합니다.\n현재 사용자간 커뮤니티를 위해 오픈채팅을 운영하고 있습니다.\n로그인 후 좌측 하단 말풍선 버튼으로 오픈채팅에을 이용할 수 있습니다.\n나아가 주신 의견을 바탕으로 더 만족스러운 서비스를 제공하기 위해 노력하겠습니다.','2024-08-15 07:36:51',6),(22,9,'질문이 있습니다','했던 공부 또 할 수 있나요?','2024-08-13 01:01:25',1,'왕밤빵을 이용해주셔서 감사합니다.\n이미 했던 공부를 언제나 원할 때 다시 공부하실 수 있습니다.\n우영우최애님의 학습을 응원합니다.','2024-08-15 07:37:44',2),(23,4,'대화 연습이 너무 좋네요','한 번 했는데, 또 할 수 있나요?','2024-08-13 01:10:41',1,'왕밤빵을 이용해 주셔서 감사합니다.\nAI 대화 연습은 2024.08.15기준 언제든 자유롭게 이용가능합니다.\n체리님의 학습을 응원합니다.','2024-08-15 07:40:49',4),(24,3,'단어하다가 그냥 문장 공부해도 되나요?','단어가 많아서 그냥 바로 문장하고 싶은데, 가능한지 궁금합니다.','2024-08-13 07:26:23',0,NULL,NULL,2),(25,26,'이메일 바꾸고 싶어요','근데.. 제 이메일이 아니라서.. 가능한가요?','2024-08-14 12:35:30',1,'왕밤빵을 이용해 주셔서 감사합니다.\n개인정보보호법상 본인의 이메일을 이용하여 회원 가입 및 정보 수정이 가능합니다.','2024-08-15 07:41:49',1),(26,2,'캐릭터 이전걸로 되돌아가고 싶은데,','가능한가요......?','2024-08-14 16:19:42',0,NULL,NULL,6),(27,13,'문의사항있습니다.','학습이 너무 유용한데, 모바일 지원 예정인가요?','2024-08-14 21:12:31',0,NULL,NULL,6),(28,1,'랭킹 시스템','랭킹 시스템은 어떻게 작동하나요?','2024-08-18 07:55:43',1,'랭킹 시스템은 하루에 한번 자정에 업데이트 됩니다.','2024-08-18 07:56:11',1);
/*!40000 ALTER TABLE `qna` ENABLE KEYS */;
UNLOCK TABLES;

--
-- Table structure for table `qna_category`
--

DROP TABLE IF EXISTS `qna_category`;
/*!40101 SET @saved_cs_client     = @@character_set_client */;
/*!50503 SET character_set_client = utf8mb4 */;
CREATE TABLE `qna_category` (
  `qna_category_id` tinyint NOT NULL,
  `qna_category_name` varchar(5) NOT NULL,
  PRIMARY KEY (`qna_category_id`)
) ENGINE=InnoDB DEFAULT CHARSET=utf8mb4 COLLATE=utf8mb4_0900_ai_ci;
/*!40101 SET character_set_client = @saved_cs_client */;

--
-- Dumping data for table `qna_category`
--

LOCK TABLES `qna_category` WRITE;
/*!40000 ALTER TABLE `qna_category` DISABLE KEYS */;
INSERT INTO `qna_category` VALUES (1,'회원정보'),(2,'학습'),(3,'오픈채팅'),(4,'대화연습'),(5,'보상'),(6,'기타');
/*!40000 ALTER TABLE `qna_category` ENABLE KEYS */;
UNLOCK TABLES;

--
-- Table structure for table `refresh_entity`
--

DROP TABLE IF EXISTS `refresh_entity`;
/*!40101 SET @saved_cs_client     = @@character_set_client */;
/*!50503 SET character_set_client = utf8mb4 */;
CREATE TABLE `refresh_entity` (
  `id` bigint NOT NULL AUTO_INCREMENT,
  `expiration` varchar(255) DEFAULT NULL,
  `login_id` varchar(255) DEFAULT NULL,
  `refresh` varchar(255) DEFAULT NULL,
  PRIMARY KEY (`id`),
  KEY `refresh_login_idx` (`login_id`)
) ENGINE=InnoDB DEFAULT CHARSET=utf8mb4 COLLATE=utf8mb4_0900_ai_ci;
/*!40101 SET character_set_client = @saved_cs_client */;

--
-- Dumping data for table `refresh_entity`
--

LOCK TABLES `refresh_entity` WRITE;
/*!40000 ALTER TABLE `refresh_entity` DISABLE KEYS */;
/*!40000 ALTER TABLE `refresh_entity` ENABLE KEYS */;
UNLOCK TABLES;

--
-- Table structure for table `reward_log`
--

DROP TABLE IF EXISTS `reward_log`;
/*!40101 SET @saved_cs_client     = @@character_set_client */;
/*!50503 SET character_set_client = utf8mb4 */;
CREATE TABLE `reward_log` (
  `reward_log_id` int unsigned NOT NULL AUTO_INCREMENT COMMENT '보상 지급 내역 식별 번호',
  `member_id` bigint NOT NULL,
  `log_type_id` tinyint NOT NULL COMMENT 'AI 아닌 직접 입력 & 관리, 총 4가지 - code [1, 2, 3, 4]',
  `reward_type_id` tinyint NOT NULL COMMENT 'AI 아닌 직접 입력 & 관리, 총 5가지 - code',
  `reward_at` timestamp NOT NULL COMMENT '보상일시',
  PRIMARY KEY (`reward_log_id`),
  KEY `reward_member_idx` (`member_id`),
  KEY `reward_log_idx` (`log_type_id`),
  KEY `reward_type_idx` (`reward_type_id`),
  CONSTRAINT `FK8j0i5o58l0skf3iov74q0u7q1` FOREIGN KEY (`log_type_id`) REFERENCES `log_type` (`log_type_id`),
  CONSTRAINT `FKarviqp87vu0ghof67du4k7ie3` FOREIGN KEY (`member_id`) REFERENCES `member` (`member_id`),
  CONSTRAINT `FKica40q5e7xq3q59cb783bnvqj` FOREIGN KEY (`reward_type_id`) REFERENCES `reward_type` (`reward_type_id`)
) ENGINE=InnoDB AUTO_INCREMENT=71 DEFAULT CHARSET=utf8mb4 COLLATE=utf8mb4_0900_ai_ci;
/*!40101 SET character_set_client = @saved_cs_client */;

--
-- Dumping data for table `reward_log`
--

LOCK TABLES `reward_log` WRITE;
/*!40000 ALTER TABLE `reward_log` DISABLE KEYS */;
INSERT INTO `reward_log` VALUES (1,1,2,5,'2024-08-10 05:19:56'),(2,1,2,5,'2024-08-11 00:00:24'),(3,1,1,1,'2024-08-11 04:12:24'),(4,1,3,3,'2024-08-11 04:12:38'),(5,1,2,5,'2024-08-11 09:38:03'),(6,1,1,1,'2024-08-11 10:04:34'),(7,1,3,3,'2024-08-11 12:46:50'),(8,1,2,5,'2024-08-11 17:06:42'),(9,1,1,1,'2024-08-12 01:28:48'),(10,1,3,3,'2024-08-12 03:58:15'),(11,1,1,1,'2024-08-12 04:53:09'),(12,1,3,3,'2024-08-12 04:53:10'),(13,1,1,1,'2024-08-12 05:05:42'),(14,1,3,3,'2024-08-12 05:07:25'),(15,1,2,5,'2024-08-12 14:21:48'),(16,1,1,1,'2024-08-12 05:50:27'),(17,1,2,5,'2024-08-12 05:50:59'),(18,1,3,3,'2024-08-12 05:55:25'),(19,1,2,5,'2024-08-12 06:42:47'),(20,1,2,5,'2024-08-12 08:02:51'),(21,1,1,1,'2024-08-12 16:49:52'),(22,1,3,3,'2024-08-12 16:49:55'),(23,1,2,5,'2024-08-13 01:47:10'),(24,4,1,1,'2024-08-13 01:59:59'),(25,4,3,3,'2024-08-13 02:05:07'),(26,1,1,1,'2024-08-13 12:31:55'),(27,1,3,3,'2024-08-13 12:31:58'),(28,1,1,1,'2024-08-14 00:22:31'),(29,1,3,3,'2024-08-14 00:22:32'),(30,27,1,1,'2024-08-14 07:41:06'),(31,27,3,3,'2024-08-14 07:41:12'),(32,3,1,1,'2024-08-14 08:08:40'),(33,29,1,1,'2024-08-14 10:55:17'),(34,29,3,3,'2024-08-14 10:55:24'),(35,4,1,1,'2024-08-14 13:11:57'),(36,26,1,1,'2024-08-14 13:19:45'),(37,26,3,3,'2024-08-14 13:23:00'),(38,4,3,3,'2024-08-14 14:00:54'),(39,4,1,1,'2024-08-14 15:00:09'),(40,4,3,3,'2024-08-14 15:02:47'),(41,26,1,1,'2024-08-14 15:15:23'),(42,1,1,1,'2024-08-14 15:25:57'),(43,1,1,2,'2024-08-14 15:25:57'),(44,40,1,1,'2024-08-14 18:12:50'),(45,26,3,3,'2024-08-14 18:15:20'),(46,1,3,3,'2024-08-14 19:25:02'),(47,43,1,1,'2024-08-15 03:30:40'),(48,1,2,5,'2024-08-15 03:55:25'),(49,3,1,1,'2024-08-15 06:30:04'),(50,3,3,3,'2024-08-15 06:48:07'),(52,4,2,5,'2024-08-15 09:17:51'),(53,1,1,1,'2024-08-15 20:53:22'),(54,1,3,3,'2024-08-15 21:19:21'),(55,1,2,5,'2024-08-15 23:54:41'),(56,26,1,1,'2024-08-16 00:00:11'),(57,26,3,3,'2024-08-16 00:31:44'),(58,26,2,5,'2024-08-16 00:44:57'),(59,4,1,1,'2024-08-16 00:47:59'),(60,4,3,3,'2024-08-16 01:04:06'),(61,44,1,1,'2024-08-16 06:24:43'),(62,1,1,1,'2024-08-16 15:12:58'),(63,1,2,5,'2024-08-16 15:24:41'),(64,49,1,1,'2024-08-18 02:10:44'),(65,49,3,3,'2024-08-18 02:12:10'),(66,1,1,1,'2024-08-18 08:27:55'),(67,1,3,3,'2024-08-18 08:29:16'),(68,1,2,5,'2024-08-18 13:03:37'),(69,3,1,1,'2024-08-22 04:34:10'),(70,1,1,1,'2024-08-22 04:54:23');
/*!40000 ALTER TABLE `reward_log` ENABLE KEYS */;
UNLOCK TABLES;

--
-- Table structure for table `reward_type`
--

DROP TABLE IF EXISTS `reward_type`;
/*!40101 SET @saved_cs_client     = @@character_set_client */;
/*!50503 SET character_set_client = utf8mb4 */;
CREATE TABLE `reward_type` (
  `reward_type_id` tinyint NOT NULL COMMENT 'AI 아닌 직접 입력 & 관리, 총 5가지 - code [1, 2, 3, 4, 5]',
  `reward_category` varchar(255) NOT NULL COMMENT '총 5가지  - code value[출석, 연속출석, 문제10개풀이, 챕터, 자유대화]',
  `reward_amount` tinyint NOT NULL,
  PRIMARY KEY (`reward_type_id`)
) ENGINE=InnoDB DEFAULT CHARSET=utf8mb4 COLLATE=utf8mb4_0900_ai_ci;
/*!40101 SET character_set_client = @saved_cs_client */;

--
-- Dumping data for table `reward_type`
--

LOCK TABLES `reward_type` WRITE;
/*!40000 ALTER TABLE `reward_type` DISABLE KEYS */;
INSERT INTO `reward_type` VALUES (1,'출석보상',1),(2,'연속출석보상',3),(3,'문제풀이보상',1),(4,'챕터완료보상',5),(5,'자유대화보상',1);
/*!40000 ALTER TABLE `reward_type` ENABLE KEYS */;
UNLOCK TABLES;

--
-- Table structure for table `study`
--

DROP TABLE IF EXISTS `study`;
/*!40101 SET @saved_cs_client     = @@character_set_client */;
/*!50503 SET character_set_client = utf8mb4 */;
CREATE TABLE `study` (
  `study_id` int unsigned NOT NULL AUTO_INCREMENT COMMENT 'AI, 학습 식별 번호',
  `chapter_id` tinyint NOT NULL COMMENT '챕터 식별 번호',
  `study_category_id` tinyint DEFAULT NULL COMMENT '단어, 문장의 경우 학습 카테고리 id ex. 스포츠, 경제..',
  `word` varchar(70) DEFAULT NULL,
  `pronounce` varchar(70) DEFAULT NULL,
  `chapter_type` varchar(31) NOT NULL,
  PRIMARY KEY (`study_id`),
  KEY `chapter_studycategory_idx` (`chapter_id`,`study_category_id`),
  KEY `study_chapter_idx` (`chapter_id`),
  KEY `study_category_idx` (`study_category_id`),
  CONSTRAINT `FK3ibfcb5y393i28k4f5ignu0p7` FOREIGN KEY (`study_category_id`) REFERENCES `study_category` (`study_category_id`),
  CONSTRAINT `FK6q64cjqgl2awysxbvi3ryd0sm` FOREIGN KEY (`chapter_id`) REFERENCES `chapter` (`chapter_id`)
) ENGINE=InnoDB AUTO_INCREMENT=2438 DEFAULT CHARSET=utf8mb4 COLLATE=utf8mb4_0900_ai_ci;
/*!40101 SET character_set_client = @saved_cs_client */;

--
-- Dumping data for table `study`
--

LOCK TABLES `study` WRITE;
/*!40000 ALTER TABLE `study` DISABLE KEYS */;
INSERT INTO `study` VALUES (1,1,1,'ㄱ','ㄱ','RESOURCE'),(2,1,1,'ㄲ','ㄲ','RESOURCE'),(3,1,1,'ㄴ','ㄴ','RESOURCE'),(4,1,1,'ㄷ','ㄷ','RESOURCE'),(5,1,1,'ㄸ','ㄸ','RESOURCE'),(6,1,1,'ㄹ','ㄹ','RESOURCE'),(7,1,1,'ㅁ','ㅁ','RESOURCE'),(8,1,1,'ㅂ','ㅂ','RESOURCE'),(9,1,1,'ㅃ','ㅃ','RESOURCE'),(10,1,1,'ㅅ','ㅅ','RESOURCE'),(11,1,1,'ㅆ','ㅆ','RESOURCE'),(12,1,1,'ㅇ','ㅇ','RESOURCE'),(13,1,1,'ㅈ','ㅈ','RESOURCE'),(14,1,1,'ㅉ','ㅉ','RESOURCE'),(15,1,1,'ㅊ','ㅊ','RESOURCE'),(16,1,1,'ㅋ','ㅋ','RESOURCE'),(17,1,1,'ㅌ','ㅌ','RESOURCE'),(18,1,1,'ㅍ','ㅍ','RESOURCE'),(19,1,1,'ㅎ','ㅎ','RESOURCE'),(20,1,2,'ㅏ','ㅏ','RESOURCE'),(21,1,2,'ㅐ','ㅐ','RESOURCE'),(22,1,2,'ㅑ','ㅑ','RESOURCE'),(23,1,2,'ㅒ','ㅒ','RESOURCE'),(24,1,2,'ㅓ','ㅓ','RESOURCE'),(25,1,2,'ㅔ','ㅔ','RESOURCE'),(26,1,2,'ㅕ','ㅕ','RESOURCE'),(27,1,2,'ㅖ','ㅖ','RESOURCE'),(28,1,2,'ㅗ','ㅗ','RESOURCE'),(29,1,2,'ㅘ','ㅘ','RESOURCE'),(30,1,2,'ㅙ','ㅙ','RESOURCE'),(31,1,2,'ㅚ','ㅚ','RESOURCE'),(32,1,2,'ㅛ','ㅛ','RESOURCE'),(33,1,2,'ㅜ','ㅜ','RESOURCE'),(34,1,2,'ㅝ','ㅝ','RESOURCE'),(35,1,2,'ㅞ','ㅞ','RESOURCE'),(36,1,2,'ㅟ','ㅟ','RESOURCE'),(37,1,2,'ㅠ','ㅠ','RESOURCE'),(38,1,2,'ㅡ','ㅡ','RESOURCE'),(39,1,2,'ㅢ','ㅢ','RESOURCE'),(40,1,2,'ㅣ','ㅣ','RESOURCE'),(41,2,3,'가','가','NONE'),(42,2,3,'개','개','NONE'),(43,2,3,'갸','갸','NONE'),(44,2,3,'걔','걔','NONE'),(45,2,3,'거','거','NONE'),(46,2,3,'게','게','NONE'),(47,2,3,'겨','겨','NONE'),(48,2,3,'계','계','NONE'),(49,2,3,'고','고','NONE'),(50,2,3,'과','과','NONE'),(51,2,3,'괘','괘','NONE'),(52,2,3,'괴','괴','NONE'),(53,2,3,'교','교','NONE'),(54,2,3,'구','구','NONE'),(55,2,3,'궈','궈','NONE'),(56,2,3,'궤','궤','NONE'),(57,2,3,'귀','귀','NONE'),(58,2,3,'규','규','NONE'),(59,2,3,'그','그','NONE'),(61,2,3,'기','기','NONE'),(62,2,4,'까','까','NONE'),(63,2,4,'깨','깨','NONE'),(64,2,4,'꺄','꺄','NONE'),(66,2,4,'꺼','꺼','NONE'),(67,2,4,'께','께','NONE'),(68,2,4,'껴','껴','NONE'),(70,2,4,'꼬','꼬','NONE'),(71,2,4,'꽈','꽈','NONE'),(72,2,4,'꽤','꽤','NONE'),(73,2,4,'꾀','꾀','NONE'),(75,2,4,'꾸','꾸','NONE'),(76,2,4,'꿔','꿔','NONE'),(77,2,4,'꿰','꿰','NONE'),(80,2,4,'끄','끄','NONE'),(82,2,4,'끼','끼','NONE'),(83,2,5,'나','나','NONE'),(84,2,5,'내','내','NONE'),(85,2,5,'냐','냐','NONE'),(87,2,5,'너','너','NONE'),(88,2,5,'네','네','NONE'),(89,2,5,'녀','녀','NONE'),(91,2,5,'노','노','NONE'),(92,2,5,'놔','놔','NONE'),(94,2,5,'뇌','뇌','NONE'),(95,2,5,'뇨','뇨','NONE'),(96,2,5,'누','누','NONE'),(97,2,5,'눠','눠','NONE'),(99,2,5,'뉘','뉘','NONE'),(100,2,5,'뉴','뉴','NONE'),(101,2,5,'느','느','NONE'),(103,2,5,'니','니','NONE'),(104,2,6,'다','다','NONE'),(105,2,6,'대','대','NONE'),(108,2,6,'더','더','NONE'),(109,2,6,'데','데','NONE'),(110,2,6,'뎌','뎌','NONE'),(112,2,6,'도','도','NONE'),(114,2,6,'돼','돼','NONE'),(115,2,6,'되','되','NONE'),(117,2,6,'두','두','NONE'),(118,2,6,'둬','둬','NONE'),(119,2,6,'뒈','뒈','NONE'),(120,2,6,'뒤','뒤','NONE'),(121,2,6,'듀','듀','NONE'),(122,2,6,'드','드','NONE'),(124,2,6,'디','디','NONE'),(125,2,7,'따','따','NONE'),(126,2,7,'때','때','NONE'),(129,2,7,'떠','떠','NONE'),(130,2,7,'떼','떼','NONE'),(133,2,7,'또','또','NONE'),(134,2,7,'똬','똬','NONE'),(136,2,7,'뙤','뙤','NONE'),(138,2,7,'뚜','뚜','NONE'),(141,2,7,'뛰','뛰','NONE'),(143,2,7,'뜨','뜨','NONE'),(144,2,7,'띄','띄','NONE'),(145,2,7,'띠','띠','NONE'),(146,2,8,'라','라','NONE'),(147,2,8,'래','래','NONE'),(148,2,8,'랴','랴','NONE'),(150,2,8,'러','러','NONE'),(151,2,8,'레','레','NONE'),(152,2,8,'려','려','NONE'),(153,2,8,'례','례','NONE'),(154,2,8,'로','로','NONE'),(157,2,8,'뢰','뢰','NONE'),(158,2,8,'료','료','NONE'),(159,2,8,'루','루','NONE'),(163,2,8,'류','류','NONE'),(164,2,8,'르','르','NONE'),(166,2,8,'리','리','NONE'),(167,2,9,'마','마','NONE'),(168,2,9,'매','매','NONE'),(171,2,9,'머','머','NONE'),(172,2,9,'메','메','NONE'),(173,2,9,'며','며','NONE'),(175,2,9,'모','모','NONE'),(178,2,9,'뫼','뫼','NONE'),(179,2,9,'묘','묘','NONE'),(180,2,9,'무','무','NONE'),(181,2,9,'뭐','뭐','NONE'),(182,2,9,'뭬','뭬','NONE'),(184,2,9,'뮤','뮤','NONE'),(185,2,9,'므','므','NONE'),(187,2,9,'미','미','NONE'),(188,2,10,'바','바','NONE'),(189,2,10,'배','배','NONE'),(190,2,10,'뱌','뱌','NONE'),(192,2,10,'버','버','NONE'),(193,2,10,'베','베','NONE'),(194,2,10,'벼','벼','NONE'),(196,2,10,'보','보','NONE'),(197,2,10,'봐','봐','NONE'),(198,2,10,'봬','봬','NONE'),(199,2,10,'뵈','뵈','NONE'),(201,2,10,'부','부','NONE'),(204,2,10,'뷔','뷔','NONE'),(205,2,10,'뷰','뷰','NONE'),(206,2,10,'브','브','NONE'),(208,2,10,'비','비','NONE'),(209,2,11,'빠','빠','NONE'),(210,2,11,'빼','빼','NONE'),(211,2,11,'뺘','뺘','NONE'),(213,2,11,'뻐','뻐','NONE'),(215,2,11,'뼈','뼈','NONE'),(217,2,11,'뽀','뽀','NONE'),(221,2,11,'뾰','뾰','NONE'),(222,2,11,'뿌','뿌','NONE'),(227,2,11,'쁘','쁘','NONE'),(229,2,11,'삐','삐','NONE'),(230,2,12,'사','사','NONE'),(231,2,12,'새','새','NONE'),(232,2,12,'샤','샤','NONE'),(234,2,12,'서','서','NONE'),(235,2,12,'세','세','NONE'),(236,2,12,'셔','셔','NONE'),(238,2,12,'소','소','NONE'),(239,2,12,'솨','솨','NONE'),(240,2,12,'쇄','쇄','NONE'),(241,2,12,'쇠','쇠','NONE'),(242,2,12,'쇼','쇼','NONE'),(243,2,12,'수','수','NONE'),(244,2,12,'숴','숴','NONE'),(245,2,12,'쉐','쉐','NONE'),(246,2,12,'쉬','쉬','NONE'),(247,2,12,'슈','슈','NONE'),(248,2,12,'스','스','NONE'),(250,2,12,'시','시','NONE'),(251,2,13,'싸','싸','NONE'),(252,2,13,'쌔','쌔','NONE'),(255,2,13,'써','써','NONE'),(256,2,13,'쎄','쎄','NONE'),(259,2,13,'쏘','쏘','NONE'),(260,2,13,'쏴','쏴','NONE'),(261,2,13,'쐐','쐐','NONE'),(263,2,13,'쑈','쑈','NONE'),(264,2,13,'쑤','쑤','NONE'),(265,2,13,'쒀','쒀','NONE'),(269,2,13,'쓰','쓰','NONE'),(270,2,13,'씌','씌','NONE'),(271,2,13,'씨','씨','NONE'),(272,2,14,'아','아','NONE'),(273,2,14,'애','애','NONE'),(274,2,14,'야','야','NONE'),(275,2,14,'얘','얘','NONE'),(276,2,14,'어','어','NONE'),(277,2,14,'에','에','NONE'),(278,2,14,'여','여','NONE'),(279,2,14,'예','예','NONE'),(280,2,14,'오','오','NONE'),(281,2,14,'와','와','NONE'),(282,2,14,'왜','왜','NONE'),(283,2,14,'외','외','NONE'),(284,2,14,'요','요','NONE'),(285,2,14,'우','우','NONE'),(286,2,14,'워','워','NONE'),(287,2,14,'웨','웨','NONE'),(288,2,14,'위','위','NONE'),(289,2,14,'유','유','NONE'),(290,2,14,'으','으','NONE'),(291,2,14,'의','의','NONE'),(292,2,14,'이','이','NONE'),(293,2,15,'자','자','NONE'),(294,2,15,'재','재','NONE'),(296,2,15,'쟤','쟤','NONE'),(297,2,15,'저','저','NONE'),(298,2,15,'제','제','NONE'),(299,2,15,'져','져','NONE'),(301,2,15,'조','조','NONE'),(302,2,15,'좌','좌','NONE'),(303,2,15,'좨','좨','NONE'),(304,2,15,'죄','죄','NONE'),(305,2,15,'죠','죠','NONE'),(306,2,15,'주','주','NONE'),(307,2,15,'줘','줘','NONE'),(309,2,15,'쥐','쥐','NONE'),(311,2,15,'즈','즈','NONE'),(313,2,15,'지','지','NONE'),(314,2,16,'짜','짜','NONE'),(315,2,16,'째','째','NONE'),(318,2,16,'쩌','쩌','NONE'),(319,2,16,'쩨','쩨','NONE'),(320,2,16,'쪄','쪄','NONE'),(322,2,16,'쪼','쪼','NONE'),(323,2,16,'쫘','쫘','NONE'),(327,2,16,'쭈','쭈','NONE'),(331,2,16,'쮸','쮸','NONE'),(332,2,16,'쯔','쯔','NONE'),(334,2,16,'찌','찌','NONE'),(335,2,17,'차','차','NONE'),(336,2,17,'채','채','NONE'),(339,2,17,'처','처','NONE'),(340,2,17,'체','체','NONE'),(341,2,17,'쳐','쳐','NONE'),(343,2,17,'초','초','NONE'),(344,2,17,'촤','촤','NONE'),(346,2,17,'최','최','NONE'),(347,2,17,'쵸','쵸','NONE'),(348,2,17,'추','추','NONE'),(349,2,17,'춰','춰','NONE'),(350,2,17,'췌','췌','NONE'),(351,2,17,'취','취','NONE'),(352,2,17,'츄','츄','NONE'),(353,2,17,'츠','츠','NONE'),(355,2,17,'치','치','NONE'),(356,2,18,'카','카','NONE'),(357,2,18,'캐','캐','NONE'),(358,2,18,'캬','캬','NONE'),(360,2,18,'커','커','NONE'),(361,2,18,'케','케','NONE'),(362,2,18,'켜','켜','NONE'),(364,2,18,'코','코','NONE'),(365,2,18,'콰','콰','NONE'),(366,2,18,'쾌','쾌','NONE'),(368,2,18,'쿄','쿄','NONE'),(369,2,18,'쿠','쿠','NONE'),(370,2,18,'쿼','쿼','NONE'),(371,2,18,'퀘','퀘','NONE'),(373,2,18,'큐','큐','NONE'),(374,2,18,'크','크','NONE'),(376,2,18,'키','키','NONE'),(377,2,19,'타','타','NONE'),(378,2,19,'태','태','NONE'),(381,2,19,'터','터','NONE'),(382,2,19,'테','테','NONE'),(383,2,19,'텨','텨','NONE'),(385,2,19,'토','토','NONE'),(388,2,19,'퇴','퇴','NONE'),(390,2,19,'투','투','NONE'),(392,2,19,'퉤','퉤','NONE'),(393,2,19,'튀','튀','NONE'),(394,2,19,'튜','튜','NONE'),(395,2,19,'트','트','NONE'),(397,2,19,'티','티','NONE'),(398,2,20,'파','파','NONE'),(399,2,20,'패','패','NONE'),(402,2,20,'퍼','퍼','NONE'),(403,2,20,'페','페','NONE'),(404,2,20,'펴','펴','NONE'),(405,2,20,'폐','폐','NONE'),(406,2,20,'포','포','NONE'),(410,2,20,'표','표','NONE'),(411,2,20,'푸','푸','NONE'),(415,2,20,'퓨','퓨','NONE'),(416,2,20,'프','프','NONE'),(418,2,20,'피','피','NONE'),(419,2,21,'하','하','NONE'),(420,2,21,'해','해','NONE'),(421,2,21,'햐','햐','NONE'),(423,2,21,'허','허','NONE'),(424,2,21,'헤','헤','NONE'),(425,2,21,'혀','혀','NONE'),(427,2,21,'호','호','NONE'),(428,2,21,'화','화','NONE'),(429,2,21,'홰','홰','NONE'),(430,2,21,'회','회','NONE'),(431,2,21,'효','효','NONE'),(432,2,21,'후','후','NONE'),(433,2,21,'훠','훠','NONE'),(434,2,21,'훼','훼','NONE'),(435,2,21,'휘','휘','NONE'),(436,2,21,'휴','휴','NONE'),(437,2,21,'흐','흐','NONE'),(438,2,21,'희','희','NONE'),(439,2,21,'히','히','NONE'),(440,3,71,'각','각','NONE'),(441,3,71,'간','간','NONE'),(442,3,71,'갇','갇','NONE'),(443,3,71,'갈','갈','NONE'),(444,3,71,'감','감','NONE'),(445,3,71,'갑','갑','NONE'),(446,3,71,'강','강','NONE'),(447,4,22,'비음화','','PHONOLOGY'),(448,4,22,'유음화','','PHONOLOGY'),(449,4,22,'구개음화','','PHONOLOGY'),(450,4,22,'경음화','','PHONOLOGY'),(451,4,24,'\'ㄴ\' 첨가','','PHONOLOGY'),(452,4,24,'반모음 첨가','','PHONOLOGY'),(453,4,25,'자음군 단순화','','PHONOLOGY'),(454,4,25,'자음탈락','','PHONOLOGY'),(455,4,25,'모음탈락','','PHONOLOGY'),(456,4,25,'두음법칙','','PHONOLOGY'),(457,4,23,'거센소리되기','','PHONOLOGY'),(458,5,60,'마음','마음','NONE'),(459,5,27,'너','너','NONE'),(460,5,41,'말','말ː','NONE'),(461,5,63,'눈','눈','NONE'),(462,5,63,'입','입','NONE'),(463,5,60,'귀엽다','귀ː엽따','NONE'),(464,5,41,'알다','알ː다','NONE'),(465,5,63,'손','손','NONE'),(466,5,27,'사람','사ː람','NONE'),(467,5,63,'머리','머리','NONE'),(468,5,33,'들다','들다','NONE'),(469,5,60,'좋다','조ː타','NONE'),(470,5,63,'가슴','가슴','NONE'),(471,5,60,'웃다','욷ː따','NONE'),(472,5,63,'발','발','NONE'),(473,5,27,'공무원','공무원','NONE'),(474,5,60,'느끼다','느끼다','NONE'),(475,5,47,'세우다','세우다','NONE'),(476,5,63,'코','코','NONE'),(477,5,33,'가지다','가지다','NONE'),(478,5,31,'나오다','나오다','NONE'),(479,5,63,'귀','귀','NONE'),(480,5,31,'보이다','보이다','NONE'),(481,5,41,'모르다','모ː르다','NONE'),(482,5,31,'나가다','나가다','NONE'),(483,5,49,'치다','치다','NONE'),(484,5,63,'혀','혀','NONE'),(485,5,60,'사랑','사랑','NONE'),(486,5,49,'개','개ː','NONE'),(487,5,63,'고개','고개','NONE'),(488,5,63,'예쁘다','예ː쁘다','NONE'),(489,5,62,'어울리다','어울리다','NONE'),(490,5,60,'놀라다','놀ː라다','NONE'),(491,5,60,'좋아하다','조ː아하다','NONE'),(492,5,61,'게으르다','게으르다','NONE'),(493,5,35,'끊다','끈타','NONE'),(494,5,63,'배','배','NONE'),(495,5,60,'답답하다','답따파다','NONE'),(496,5,28,'모시다','모ː시다','NONE'),(497,5,32,'내리다','내리다','NONE'),(498,5,63,'못생기다','몯ː쌩기다','NONE'),(499,5,32,'걸리다','걸리다','NONE'),(500,5,61,'급하다','그파다','NONE'),(501,5,41,'맞추다','맏추다','NONE'),(502,5,63,'목','목','NONE'),(503,5,42,'힘들다','힘들다','NONE'),(504,5,28,'나','나','NONE'),(505,5,41,'의미','의ː미','NONE'),(506,5,35,'넣다','너ː타','NONE'),(507,5,63,'얼굴','얼굴','NONE'),(508,5,28,'자식','자식','NONE'),(509,5,63,'어깨','어깨','NONE'),(510,5,40,'일어나다','이러나다','NONE'),(511,5,57,'드리다','드리다','NONE'),(512,5,41,'알아보다','아라보다','NONE'),(513,5,60,'귀찮다','귀찬타','NONE'),(514,5,63,'늙다','늑따','NONE'),(515,5,60,'울다','울ː다','NONE'),(516,5,30,'속','속ː','NONE'),(517,5,31,'길','길','NONE'),(518,5,60,'괜찮다','괜찬타','NONE'),(519,5,30,'가리키다','가리키다','NONE'),(520,5,63,'몸','몸','NONE'),(521,5,41,'끝나다','끈나다','NONE'),(522,5,63,'엉덩이','엉ː덩이','NONE'),(523,5,60,'불쌍하다','불쌍하다','NONE'),(524,5,31,'가깝다','가깝따','NONE'),(525,5,60,'궁금하다','궁금하다','NONE'),(526,5,41,'맞다','맏따','NONE'),(527,5,27,'살다','살ː다','NONE'),(528,5,60,'섭섭하다','섭써파다','NONE'),(529,5,41,'어렵다','어렵따','NONE'),(530,5,63,'잘생기다','잘생기다','NONE'),(531,5,60,'기쁘다','기쁘다','NONE'),(532,5,31,'내려가다','내려가다','NONE'),(533,5,39,'시원하다','시원하다','NONE'),(534,5,63,'무릎','무릅','NONE'),(535,5,36,'넘다','넘ː따','NONE'),(536,5,63,'아름답다','아름답따','NONE'),(537,5,51,'아프다','아프다','NONE'),(538,5,51,'약하다','야카다','NONE'),(539,5,48,'놀다','놀ː다','NONE'),(540,5,30,'멀다','멀ː다','NONE'),(541,5,31,'걸어오다','거러오다','NONE'),(542,5,62,'끼다','끼다','NONE'),(543,5,60,'관심','관심','NONE'),(544,5,60,'걱정','걱쩡','NONE'),(545,5,60,'외롭다','외롭따','NONE'),(546,5,60,'즐겁다','즐겁따','NONE'),(547,5,63,'세다','세ː다','NONE'),(548,5,34,'달다','달다','NONE'),(549,5,61,'착하다','차카다','NONE'),(550,5,30,'그렇다','그러타','NONE'),(551,5,28,'계시다','계ː시다','NONE'),(552,5,29,'여자','여자','NONE'),(553,5,28,'어머니','어머니','NONE'),(554,5,60,'무섭다','무섭따','NONE'),(555,5,49,'부르다','부르다','NONE'),(556,5,34,'밥','밥','NONE'),(557,5,31,'걸어가다','거러가다','NONE'),(558,5,54,'읽다','익따','NONE'),(559,5,61,'부지런하다','부지런하다','NONE'),(560,5,30,'뒤','뒤ː','NONE'),(561,5,60,'그립다','그립따','NONE'),(562,5,26,'반갑다','반갑따','NONE'),(563,5,61,'성격','성ː껵','NONE'),(564,5,41,'쉽다','쉽ː따','NONE'),(565,5,39,'나쁘다','나쁘다','NONE'),(566,5,41,'쓰다','쓰다','NONE'),(567,5,61,'훌륭하다','훌륭하다','NONE'),(568,5,41,'접다','접따','NONE'),(569,5,33,'값','갑','NONE'),(570,5,26,'지내다','지ː내다','NONE'),(571,5,60,'화','화ː','NONE'),(572,5,33,'가게','가ː게','NONE'),(573,5,45,'고맙다','고ː맙따','NONE'),(574,5,44,'바꾸다','바꾸다','NONE'),(575,5,49,'모으다','모으다','NONE'),(576,5,32,'타다','타다','NONE'),(577,5,60,'슬프다','슬프다','NONE'),(578,5,33,'다르다','다르다','NONE'),(579,5,39,'맑다','막따','NONE'),(580,5,28,'부부','부부','NONE'),(581,5,31,'보이다','보이다','NONE'),(582,5,60,'슬퍼하다','슬퍼하다','NONE'),(583,5,58,'넓다','널따','NONE'),(584,5,26,'어떻다','어떠타','NONE'),(585,5,60,'원하다','원ː하다','NONE'),(586,5,41,'가르치다','가르치다','NONE'),(587,5,61,'똑똑하다','똑또카다','NONE'),(588,5,46,'실례','실례','NONE'),(589,5,60,'부끄럽다','부끄럽따','NONE'),(590,5,63,'입술','입쑬','NONE'),(591,5,39,'그치다','그치다','NONE'),(592,5,57,'들르다','들르다','NONE'),(593,5,29,'이름','이름','NONE'),(594,5,34,'남기다','남기다','NONE'),(595,5,28,'우리','우리','NONE'),(596,5,41,'외우다','외우다','NONE'),(597,5,36,'늦다','늗따','NONE'),(598,5,60,'싫다','실타','NONE'),(599,5,40,'감다','감ː따','NONE'),(600,5,48,'계획','계ː획','NONE'),(601,5,60,'부럽다','부럽따','NONE'),(602,5,29,'다니다','다니다','NONE'),(603,5,60,'기분','기분','NONE'),(604,5,55,'부치다','부치다','NONE'),(605,5,63,'허리','허리','NONE'),(606,5,28,'형','형','NONE'),(607,5,62,'입다','입따','NONE'),(608,5,42,'떠나다','떠나다','NONE'),(609,5,27,'노인','노ː인','NONE'),(610,5,39,'뜨겁다','뜨겁따','NONE'),(611,5,61,'능력','능녁','NONE'),(612,5,63,'살','살','NONE'),(613,5,28,'아버지','아버지','NONE'),(614,5,41,'조용하다','조용하다','NONE'),(615,5,58,'집','집','NONE'),(616,5,28,'가족','가족','NONE'),(617,5,51,'튼튼하다','튼튼하다','NONE'),(618,5,33,'깎다','깍따','NONE'),(619,5,63,'길다','길ː다','NONE'),(620,5,27,'친구','친구','NONE'),(621,5,36,'때','때','NONE'),(622,5,62,'매다','매ː다','NONE'),(623,5,60,'웃음','우슴','NONE'),(624,5,45,'돕다','돕ː따','NONE'),(625,5,41,'학교','학꾜','NONE'),(626,5,40,'깨다','깨ː다','NONE'),(627,5,63,'똑같다','똑깓따','NONE'),(628,5,60,'재미','재미','NONE'),(629,5,63,'찌다','찌다','NONE'),(630,5,61,'부드럽다','부드럽따','NONE'),(631,5,51,'건강','건ː강','NONE'),(632,5,63,'날씬하다','날씬하다','NONE'),(633,5,60,'희망','히망','NONE'),(634,5,63,'젊다','점ː따','NONE'),(635,5,31,'묻다','묻ː따','NONE'),(636,5,60,'소중하다','소ː중하다','NONE'),(637,5,63,'손바닥','손빠닥','NONE'),(638,5,45,'감사','감ː사','NONE'),(639,5,51,'힘','힘','NONE'),(640,5,48,'쉬다','쉬ː다','NONE'),(641,5,37,'날','날','NONE'),(642,5,60,'고프다','고프다','NONE'),(643,5,28,'아내','아내','NONE'),(644,5,63,'다리','다리','NONE'),(645,5,36,'이르다','이르다','NONE'),(646,5,34,'쓰다','쓰다','NONE'),(647,5,49,'찍다','찍따','NONE'),(648,5,39,'쌀쌀하다','쌀쌀하다','NONE'),(649,5,36,'가끔','가끔','NONE'),(650,5,57,'가져가다','가저가다','NONE'),(651,5,36,'동안','동안','NONE'),(652,5,63,'뚱뚱하다','뚱뚱하다','NONE'),(653,5,30,'밑','믿','NONE'),(654,5,28,'엄마','엄마','NONE'),(655,5,50,'명절','명절','NONE'),(656,5,35,'굽다','굽ː따','NONE'),(657,5,60,'긴장','긴장','NONE'),(658,5,27,'남자','남자','NONE'),(659,5,32,'얼마나','얼마나','NONE'),(660,5,33,'고르다','고르다','NONE'),(661,5,27,'직업','지겁','NONE'),(662,5,34,'맛있다','마딛따','NONE'),(663,5,60,'짜증','짜증','NONE'),(664,5,32,'갈아타다','가라타다','NONE'),(665,5,32,'거리','거ː리','NONE'),(666,5,57,'시간','시간','NONE'),(667,5,28,'누나','누ː나','NONE'),(668,5,63,'팔','팔','NONE'),(669,5,28,'남편','남편','NONE'),(670,5,57,'꽃','꼳','NONE'),(671,5,58,'좁다','좁따','NONE'),(672,5,36,'늦다','늗따','NONE'),(673,5,49,'키우다','키우다','NONE'),(674,5,43,'지키다','지키다','NONE'),(675,5,50,'세배','세ː배','NONE'),(676,5,39,'바람','바람','NONE'),(677,5,41,'끝내다','끈내다','NONE'),(678,5,34,'물','물','NONE'),(679,5,28,'어머님','어머님','NONE'),(680,5,27,'저','저','NONE'),(681,5,33,'가격','가격','NONE'),(682,5,60,'귀여워하다','귀ː여워하다','NONE'),(683,5,49,'고양이','고양이','NONE'),(684,5,54,'빌리다','빌리다','NONE'),(685,5,39,'따뜻하다','따뜨타다','NONE'),(686,5,30,'앞','압','NONE'),(687,5,57,'찾아오다','차자오다','NONE'),(688,5,36,'하루','하루','NONE'),(689,5,42,'재미있다','재미읻따','NONE'),(690,5,62,'메다','메ː다','NONE'),(691,5,59,'마르다','마르다','NONE'),(692,5,34,'싱겁다','싱겁따','NONE'),(693,5,57,'가져오다','가저오다','NONE'),(694,5,27,'저희','저히','NONE'),(695,5,36,'금방','금방','NONE'),(696,5,36,'끝','끋','NONE'),(697,5,34,'시키다','시키다','NONE'),(698,5,32,'막히다','마키다','NONE'),(699,5,41,'떠들다','떠ː들다','NONE'),(700,5,41,'배우다','배우다','NONE'),(701,5,32,'거리','거리','NONE'),(702,5,60,'싫어하다','시러하다','NONE'),(703,5,28,'아빠','아빠','NONE'),(704,5,50,'추석','추석','NONE'),(705,5,60,'부르다','부르다','NONE'),(706,5,35,'끓이다','끄리다','NONE'),(707,5,49,'즐기다','즐기다','NONE'),(708,5,60,'느낌','느낌','NONE'),(709,5,36,'기회','기회','NONE'),(710,5,62,'벗다','벋따','NONE'),(711,5,60,'결정','결쩡','NONE'),(712,5,46,'죄송하다','죄ː송하다','NONE'),(713,5,42,'익숙하다','익쑤카다','NONE'),(714,5,33,'크다','크다','NONE'),(715,5,60,'행복','행ː복','NONE'),(716,5,27,'선생님','선생님','NONE'),(717,5,41,'이야기','이야기','NONE'),(718,5,60,'편하다','편하다','NONE'),(719,5,30,'사이','사이','NONE'),(720,5,26,'어떠하다','어떠하다','NONE'),(721,5,28,'언니','언니','NONE'),(722,5,48,'연휴','연휴','NONE'),(723,5,51,'편찮다','편찬타','NONE'),(724,5,50,'떡국','떡꾹','NONE'),(725,5,36,'아침','아침','NONE'),(726,5,60,'화나다','화ː나다','NONE'),(727,5,46,'실수','실쑤','NONE'),(728,5,40,'서두르다','서두르다','NONE'),(729,5,27,'간호사','간호사','NONE'),(730,5,62,'옷','옫','NONE'),(731,5,33,'작다','작ː따','NONE'),(732,5,62,'쓰다','쓰다','NONE'),(733,5,63,'이마','이마','NONE'),(734,5,60,'기뻐하다','기뻐하다','NONE'),(735,5,60,'기쁨','기쁨','NONE'),(736,5,39,'구름','구름','NONE'),(737,5,30,'이것','이걷','NONE'),(738,5,28,'할아버지','하라버지','NONE'),(739,5,40,'마치다','마치다','NONE'),(740,5,42,'벌다','벌ː다','NONE'),(741,5,29,'외국인','외ː구긴','NONE'),(742,5,28,'오빠','오빠','NONE'),(743,5,33,'팔리다','팔리다','NONE'),(744,5,34,'사과','사과','NONE'),(745,5,27,'자신','자신','NONE'),(746,5,36,'아직','아직','NONE'),(747,5,39,'얼다','얼ː다','NONE'),(748,5,41,'시험','시험','NONE'),(749,5,60,'화내다','화ː내다','NONE'),(750,5,48,'쉬다','쉬ː다','NONE'),(751,5,45,'도와주다','도와주다','NONE'),(752,5,58,'바닥','바닥','NONE'),(753,5,50,'결혼','결혼','NONE'),(754,5,33,'팔다','팔다','NONE'),(755,5,60,'지루하다','지루하다','NONE'),(756,5,62,'갈아입다','가라입따','NONE'),(757,5,27,'남성','남성','NONE'),(758,5,28,'닮다','담ː따','NONE'),(759,5,27,'내','내','NONE'),(760,5,62,'가방','가방','NONE'),(761,5,59,'깨끗하다','깨끄타다','NONE'),(762,5,39,'덥다','덥ː따','NONE'),(763,5,49,'그리다','그ː리다','NONE'),(764,5,53,'바르다','바르다','NONE'),(765,5,63,'머리카락','머리카락','NONE'),(766,5,36,'전','전','NONE'),(767,5,51,'피곤','피곤','NONE'),(768,5,33,'돈','돈ː','NONE'),(769,5,39,'불다','불ː다','NONE'),(770,5,61,'자랑','자랑','NONE'),(771,5,39,'눈','눈ː','NONE'),(772,5,50,'결혼식','결혼식','NONE'),(773,5,30,'어디','어디','NONE'),(774,5,30,'그거','그거','NONE'),(775,5,36,'드디어','드디어','NONE'),(776,5,41,'공부','공부','NONE'),(777,5,36,'다시','다시','NONE'),(778,5,30,'그','그','NONE'),(779,5,50,'신랑','실랑','NONE'),(780,5,59,'버리다','버리다','NONE'),(781,5,36,'벌써','벌써','NONE'),(782,5,47,'세상','세ː상','NONE'),(783,5,30,'밖','박','NONE'),(784,5,41,'전공','전공','NONE'),(785,5,50,'설날','설ː랄','NONE'),(786,5,29,'여성','여성','NONE'),(787,5,33,'무료','무료','NONE'),(788,5,39,'춥다','춥따','NONE'),(789,5,49,'노래','노래','NONE'),(790,5,26,'인사','인사','NONE'),(791,5,49,'춤','춤','NONE'),(792,5,41,'수업','수업','NONE'),(793,5,41,'여쭙다','여ː쭙따','NONE'),(794,5,63,'모습','모습','NONE'),(795,5,29,'한국','한ː국','NONE'),(796,5,60,'즐거워하다','즐거워하다','NONE'),(797,5,27,'뵙다','뵙ː따','NONE'),(798,5,37,'오늘','오늘','NONE'),(799,5,60,'울음','우름','NONE'),(800,5,30,'가운데','가운데','NONE'),(801,5,32,'멈추다','멈추다','NONE'),(802,5,33,'크다','크다','NONE'),(803,5,37,'요즘','요즘','NONE'),(804,5,33,'계산','계ː산','NONE'),(805,5,31,'물어보다','무러보다','NONE'),(806,5,63,'오른손','오른손','NONE'),(807,5,58,'가구','가구','NONE'),(808,5,30,'그것','그걷','NONE'),(809,5,36,'점심','점ː심','NONE'),(810,5,50,'태어나다','태어나다','NONE'),(811,5,27,'처음','처음','NONE'),(812,5,43,'약속','약쏙','NONE'),(813,5,50,'윷놀이','윤ː노리','NONE'),(814,5,48,'휴가','휴가','NONE'),(815,5,32,'기차','기차','NONE'),(816,5,37,'달','달','NONE'),(817,5,36,'저녁','저녁','NONE'),(818,5,52,'사고','사ː고','NONE'),(819,5,60,'불안','부란','NONE'),(820,5,39,'차갑다','차갑따','NONE'),(821,5,39,'겨울','겨울','NONE'),(822,5,28,'고모','고모','NONE'),(823,5,47,'여행','여행','NONE'),(824,5,46,'미안','미안','NONE'),(825,5,54,'책','책','NONE'),(826,5,59,'더럽다','더ː럽따','NONE'),(827,5,36,'우선','우선','NONE'),(828,5,46,'정말','정ː말','NONE'),(829,5,41,'문제','문ː제','NONE'),(830,5,34,'맛','맏','NONE'),(831,5,27,'너희','너히','NONE'),(832,5,47,'산','산','NONE'),(833,5,30,'주변','주변','NONE'),(834,5,28,'할머니','할머니','NONE'),(835,5,26,'헤어지다','헤어지다','NONE'),(836,5,41,'규칙','규칙','NONE'),(837,5,30,'거기','거기','NONE'),(838,5,28,'식구','식꾸','NONE'),(839,5,26,'오래되다','오래되다','NONE'),(840,5,60,'슬픔','슬픔','NONE'),(841,5,28,'형제','형제','NONE'),(842,5,49,'문화','문화','NONE'),(843,5,28,'누구','누구','NONE'),(844,5,40,'바쁘다','바쁘다','NONE'),(845,5,30,'멀리','멀ː리','NONE'),(846,5,36,'순서','순ː서','NONE'),(847,5,48,'공원','공원','NONE'),(848,5,39,'봄','봄','NONE'),(849,5,41,'사전','사전','NONE'),(850,5,28,'시어머니','시어머니','NONE'),(851,5,39,'계절','계ː절','NONE'),(852,5,28,'동생','동생','NONE'),(853,5,28,'딸','딸','NONE'),(854,5,27,'사업','사ː업','NONE'),(855,5,47,'관광객','관광객','NONE'),(856,5,33,'싸다','싸다','NONE'),(857,5,35,'익다','익따','NONE'),(858,5,41,'얘기','얘ː기','NONE'),(859,5,30,'근처','근ː처','NONE'),(860,5,30,'이렇다','이러타','NONE'),(861,5,33,'여기','여기','NONE'),(862,5,48,'주말','주말','NONE'),(863,5,60,'편안','펴난','NONE'),(864,5,27,'나이','나이','NONE'),(865,5,34,'짜다','짜다','NONE'),(866,5,44,'전화','전ː화','NONE'),(867,5,33,'비싸다','비싸다','NONE'),(868,5,33,'얼마','얼마','NONE'),(869,5,26,'오랜만','오랜만','NONE'),(870,5,34,'떡','떡','NONE'),(871,5,30,'겉','걷','NONE'),(872,5,26,'안녕히','안녕히','NONE'),(873,5,27,'학생','학쌩','NONE'),(874,5,36,'어젯밤','어제빰','NONE'),(875,5,63,'멋있다','머딛따','NONE'),(876,5,39,'가을','가을','NONE'),(877,5,63,'모양','모양','NONE'),(878,5,50,'송편','송편','NONE'),(879,5,62,'화려하다','화려하다','NONE'),(880,5,34,'식사','식싸','NONE'),(881,5,34,'신선하다','신선하다','NONE'),(882,5,28,'부모님','부모님','NONE'),(883,5,49,'그림','그ː림','NONE'),(884,5,39,'비','비','NONE'),(885,5,37,'며칠','며칠','NONE'),(886,5,37,'지난주','지난주','NONE'),(887,5,36,'일찍','일찍','NONE'),(888,5,35,'썰다','썰ː다','NONE'),(889,5,64,'영화','영화','NONE'),(890,5,36,'나중','나ː중','NONE'),(891,5,35,'그릇','그륻','NONE'),(892,5,34,'식다','식따','NONE'),(893,5,27,'여러분','여러분','NONE'),(894,5,61,'친절','친절','NONE'),(895,5,47,'경치','경치','NONE'),(896,5,34,'시다','시다','NONE'),(897,5,34,'맵다','맵따','NONE'),(898,5,63,'발가락','발까락','NONE'),(899,5,63,'비슷하다','비스타다','NONE'),(900,5,36,'이제','이제','NONE'),(901,5,28,'아들','아들','NONE'),(902,5,34,'음식','음ː식','NONE'),(903,5,36,'항상','항상','NONE'),(904,5,31,'건너가다','건ː너가다','NONE'),(905,5,62,'모자','모자','NONE'),(906,5,39,'날씨','날씨','NONE'),(907,5,50,'생일','생일','NONE'),(908,5,30,'중심','중심','NONE'),(909,5,36,'자주','자주','NONE'),(910,5,35,'진하다','진하다','NONE'),(911,5,53,'약','약','NONE'),(912,5,61,'조심','조ː심','NONE'),(913,5,45,'도움','도움','NONE'),(914,5,47,'땅','땅','NONE'),(915,5,27,'회사','회ː사','NONE'),(916,5,60,'한가하다','한가하다','NONE'),(917,5,27,'기자','기자','NONE'),(918,5,26,'성함','성ː함','NONE'),(919,5,30,'그쪽','그쪽','NONE'),(920,5,31,'건너다','건ː너다','NONE'),(921,5,49,'가요','가요','NONE'),(922,5,41,'칠판','칠판','NONE'),(923,5,28,'남동생','남동생','NONE'),(924,5,36,'늘','늘','NONE'),(925,5,36,'방금','방금','NONE'),(926,5,41,'적다','적따','NONE'),(927,5,34,'계란','계란','NONE'),(928,5,27,'고향','고향','NONE'),(929,5,28,'조카','조카','NONE'),(930,5,36,'새벽','새벽','NONE'),(931,5,27,'네','네','NONE'),(932,5,37,'매일','매ː일','NONE'),(933,5,39,'푸르다','푸르다','NONE'),(934,5,35,'볶다','복따','NONE'),(935,5,39,'태풍','태풍','NONE'),(936,5,57,'잔치','잔치','NONE'),(937,5,36,'기간','기간','NONE'),(938,5,36,'후','후ː','NONE'),(939,5,27,'가수','가수','NONE'),(940,5,34,'국수','국쑤','NONE'),(941,5,48,'방학','방ː학','NONE'),(942,5,37,'날짜','날짜','NONE'),(943,5,47,'단풍','단풍','NONE'),(944,5,27,'직장','직짱','NONE'),(945,5,42,'취직','취ː직','NONE'),(946,5,41,'역사','역싸','NONE'),(947,5,30,'이쪽','이쪽','NONE'),(948,5,36,'먼저','먼저','NONE'),(949,5,35,'섞다','석따','NONE'),(950,5,62,'유행','유행','NONE'),(951,5,36,'어제','어제','NONE'),(952,5,36,'미리','미리','NONE'),(953,5,36,'방금','방금','NONE'),(954,5,41,'한글','한ː글','NONE'),(955,5,34,'잔','잔','NONE'),(956,5,37,'내일','내일','NONE'),(957,5,32,'도로','도ː로','NONE'),(958,5,54,'도서관','도서관','NONE'),(959,5,39,'여름','여름','NONE'),(960,5,28,'여동생','여동생','NONE'),(961,5,42,'월급','월급','NONE'),(962,5,35,'간장','간장','NONE'),(963,5,27,'이분','이분','NONE'),(964,5,36,'이따가','이따가','NONE'),(965,5,34,'맛없다','마덥따','NONE'),(966,5,48,'소풍','소풍','NONE'),(967,5,36,'언제','언ː제','NONE'),(968,5,34,'고기','고기','NONE'),(969,5,41,'가위','가위','NONE'),(970,5,49,'경기','경ː기','NONE'),(971,5,55,'요금','요ː금','NONE'),(972,5,28,'친척','친척','NONE'),(973,5,26,'어서','어서','NONE'),(974,5,41,'의자','의자','NONE'),(975,5,34,'식당','식땅','NONE'),(976,5,47,'강','강','NONE'),(977,5,36,'그때','그때','NONE'),(978,5,27,'나라','나라','NONE'),(979,5,36,'지금','지금','NONE'),(980,5,50,'신부','신부','NONE'),(981,5,36,'마지막','마지막','NONE'),(982,5,49,'강아지','강아지','NONE'),(983,5,37,'그저께','그저께','NONE'),(984,5,41,'검사','검사','NONE'),(985,5,62,'구두','구두','NONE'),(986,5,58,'방','방','NONE'),(987,5,49,'노래방','노래방','NONE'),(988,5,49,'낚시','낙씨','NONE'),(989,5,27,'남녀','남녀','NONE'),(990,5,36,'잠깐','잠깐','NONE'),(991,5,36,'먼저','먼저','NONE'),(992,5,41,'내용','내ː용','NONE'),(993,5,34,'우유','우유','NONE'),(994,5,41,'성적','성적','NONE'),(995,5,41,'교실','교ː실','NONE'),(996,5,35,'찌다','찌다','NONE'),(997,5,41,'단어','다너','NONE'),(998,5,49,'취미','취ː미','NONE'),(999,5,36,'그동안','그동안','NONE'),(1000,5,36,'시계','시계','NONE'),(1001,5,32,'비행기','비행기','NONE'),(1002,5,27,'경찰','경ː찰','NONE'),(1003,5,37,'올해','올해','NONE'),(1004,5,34,'간식','간ː식','NONE'),(1005,5,41,'학원','하권','NONE'),(1006,5,36,'언제나','언ː제나','NONE'),(1007,5,36,'최근','최ː근','NONE'),(1008,5,47,'구경','구ː경','NONE'),(1009,5,47,'풍경','풍경','NONE'),(1010,5,41,'교육','교ː육','NONE'),(1011,5,44,'소식','소식','NONE'),(1012,5,34,'갈비','갈비','NONE'),(1013,5,41,'숙제','숙쩨','NONE'),(1014,5,33,'물건','물건','NONE'),(1015,5,59,'집안일','지반닐','NONE'),(1016,5,32,'교통','교통','NONE'),(1017,5,30,'반대','반ː대','NONE'),(1018,5,36,'이번','이번','NONE'),(1019,5,58,'짐','짐','NONE'),(1020,5,47,'바다','바다','NONE'),(1021,5,49,'요리','요리','NONE'),(1022,5,45,'칭찬','칭찬','NONE'),(1023,5,28,'삼촌','삼촌','NONE'),(1024,5,27,'저분','저분','NONE'),(1025,5,63,'거울','거울','NONE'),(1026,5,36,'이제','이제','NONE'),(1027,5,32,'차','차','NONE'),(1028,5,58,'층','층','NONE'),(1029,5,36,'과거','과ː거','NONE'),(1030,5,62,'안경','안ː경','NONE'),(1031,5,64,'극장','극짱','NONE'),(1032,5,40,'감다','감ː따','NONE'),(1033,5,28,'이모','이모','NONE'),(1034,5,30,'위','위','NONE'),(1035,5,41,'글','글','NONE'),(1036,5,41,'점수','점쑤','NONE'),(1037,5,54,'찾아보다','차자보다','NONE'),(1038,5,30,'바깥','바깓','NONE'),(1039,5,30,'위치','위치','NONE'),(1040,5,45,'부탁','부ː탁','NONE'),(1041,5,58,'계단','계단','NONE'),(1042,5,36,'낮','낟','NONE'),(1043,5,49,'운동','운ː동','NONE'),(1044,5,59,'깨끗이','깨끄시','NONE'),(1045,5,49,'놀이','노리','NONE'),(1046,5,32,'자동차','자동차','NONE'),(1047,5,41,'입학','이팍','NONE'),(1048,5,52,'치료','치료','NONE'),(1049,5,36,'옛날','옌ː날','NONE'),(1050,5,60,'깜짝','깜짝','NONE'),(1051,5,41,'시끄럽다','시끄럽따','NONE'),(1052,5,41,'책상','책쌍','NONE'),(1053,5,47,'자연','자연','NONE'),(1054,5,49,'사진','사진','NONE'),(1055,5,33,'시장','시ː장','NONE'),(1056,5,62,'주머니','주머니','NONE'),(1057,5,36,'오래','오래','NONE'),(1058,5,30,'이거','이거','NONE'),(1059,5,57,'선물','선ː물','NONE'),(1060,5,52,'병원','병ː원','NONE'),(1061,5,44,'신호','신ː호','NONE'),(1062,5,36,'현재','현ː재','NONE'),(1063,5,41,'공책','공책','NONE'),(1064,5,41,'교수','교ː수','NONE'),(1065,5,63,'똑같이','똑까치','NONE'),(1066,5,35,'재료','재료','NONE'),(1067,5,36,'밤','밤','NONE'),(1068,5,34,'감자','감자','NONE'),(1069,5,47,'세계','세ː계','NONE'),(1070,5,55,'편지','편ː지','NONE'),(1071,5,41,'말씀','말ː씀','NONE'),(1072,5,57,'마중','마중','NONE'),(1073,5,30,'장소','장소','NONE'),(1074,5,33,'교환','교환','NONE'),(1075,5,58,'문','문','NONE'),(1076,5,36,'미래','미ː래','NONE'),(1077,5,29,'지방','지방','NONE'),(1078,5,26,'오래간만','오래간만','NONE'),(1079,5,60,'재미없다','재미업따','NONE'),(1080,5,38,'주','주','NONE'),(1081,5,27,'소개','소개','NONE'),(1082,5,46,'정말','정ː말','NONE'),(1083,5,27,'회사원','회ː사원','NONE'),(1084,5,30,'동네','동ː네','NONE'),(1085,5,40,'출장','출짱','NONE'),(1086,5,28,'손녀','손녀','NONE'),(1087,5,57,'병문안','병ː무난','NONE'),(1088,5,50,'생신','생신','NONE'),(1089,5,49,'대회','대ː회','NONE'),(1090,5,34,'비빔밥','비빔빱','NONE'),(1091,5,39,'안개','안ː개','NONE'),(1092,5,30,'주위','주위','NONE'),(1093,5,33,'할인','하린','NONE'),(1094,5,34,'빵','빵','NONE'),(1095,5,41,'교사','교ː사','NONE'),(1096,5,34,'김치','김치','NONE'),(1097,5,62,'신다','신ː따','NONE'),(1098,5,44,'연결','연결','NONE'),(1099,5,58,'휴지','휴지','NONE'),(1100,5,34,'찬물','찬물','NONE'),(1101,5,34,'씹다','씹따','NONE'),(1102,5,36,'오전','오ː전','NONE'),(1103,5,63,'왼손','왼ː손','NONE'),(1104,5,30,'저렇다','저러타','NONE'),(1105,5,49,'음악','으막','NONE'),(1106,5,58,'화장실','화장실','NONE'),(1107,5,33,'손님','손님','NONE'),(1108,5,27,'애인','애ː인','NONE'),(1109,5,58,'부엌','부억','NONE'),(1110,5,58,'옷장','옫짱','NONE'),(1111,5,32,'위험','위험','NONE'),(1112,5,34,'달걀','달걀','NONE'),(1113,5,41,'여학생','여학쌩','NONE'),(1114,5,47,'외국','외ː국','NONE'),(1115,5,26,'오랫동안','오래똥안','NONE'),(1116,5,30,'도시','도시','NONE'),(1117,5,49,'추다','추다','NONE'),(1118,5,47,'관광','관광','NONE'),(1119,5,41,'고등학교','고등학꾜','NONE'),(1120,5,62,'색깔','색깔','NONE'),(1121,5,30,'저거','저거','NONE'),(1122,5,39,'차다','차다','NONE'),(1123,5,41,'서류','서류','NONE'),(1124,5,26,'축하','추카','NONE'),(1125,5,33,'공짜','공짜','NONE'),(1126,5,58,'벽','벽','NONE'),(1127,5,36,'아까','아까','NONE'),(1128,5,32,'자전거','자전거','NONE'),(1129,5,62,'우산','우ː산','NONE'),(1130,5,62,'차다','차다','NONE'),(1131,5,30,'저기','저기','NONE'),(1132,5,55,'택배','택빼','NONE'),(1133,5,49,'태권도','태꿘도','NONE'),(1134,5,44,'연락','열락','NONE'),(1135,5,34,'김밥','김ː밥','NONE'),(1136,5,29,'서울','서울','NONE'),(1137,5,54,'조용히','조용히','NONE'),(1138,5,48,'공휴일','공휴일','NONE'),(1139,5,33,'상품','상품','NONE'),(1140,5,30,'방향','방향','NONE'),(1141,5,41,'유학','유학','NONE'),(1142,5,44,'대답','대ː답','NONE'),(1143,5,49,'달리기','달리기','NONE'),(1144,5,39,'기온','기온','NONE'),(1145,5,43,'예약','예ː약','NONE'),(1146,5,41,'대학교','대ː학꾜','NONE'),(1147,5,41,'연필','연필','NONE'),(1148,5,34,'김치찌개','김치찌개','NONE'),(1149,5,34,'미역국','미역꾹','NONE'),(1150,5,41,'질문','질문','NONE'),(1151,5,34,'과자','과자','NONE'),(1152,5,41,'상','상','NONE'),(1153,5,39,'선선하다','선선하다','NONE'),(1154,5,41,'영어','영어','NONE'),(1155,5,46,'거절','거ː절','NONE'),(1156,5,49,'등산','등산','NONE'),(1157,5,35,'튀기다','튀기다','NONE'),(1158,5,49,'동물','동ː물','NONE'),(1159,5,33,'과일','과ː일','NONE'),(1160,5,49,'공','공ː','NONE'),(1161,5,41,'기숙사','기숙싸','NONE'),(1162,5,37,'모레','모ː레','NONE'),(1163,5,36,'잠시','잠ː시','NONE'),(1164,5,41,'운동장','운ː동장','NONE'),(1165,5,58,'건물','건ː물','NONE'),(1166,5,32,'교통사고','교통사고','NONE'),(1167,5,35,'타다','타다','NONE'),(1168,5,34,'감','감ː','NONE'),(1169,5,34,'접시','접씨','NONE'),(1170,5,41,'지우개','지우개','NONE'),(1171,5,31,'도착','도ː착','NONE'),(1172,5,34,'차','차','NONE'),(1173,5,31,'횡단보도','횡단보도','NONE'),(1174,5,36,'동시','동시','NONE'),(1175,5,59,'쓰레기','쓰레기','NONE'),(1176,5,32,'배','배','NONE'),(1177,5,39,'온도','온도','NONE'),(1178,5,47,'바닷가','바다까','NONE'),(1179,5,30,'왼쪽','왼ː쪽','NONE'),(1180,5,32,'역','역','NONE'),(1181,5,30,'저쪽','저쪽','NONE'),(1182,5,30,'아래','아래','NONE'),(1183,5,39,'장마','장마','NONE'),(1184,5,58,'댁','댁','NONE'),(1185,5,59,'설거지','설거지','NONE'),(1186,5,41,'학기','학끼','NONE'),(1187,5,58,'침대','침ː대','NONE'),(1188,5,57,'찾아가다','차자가다','NONE'),(1189,5,35,'기름','기름','NONE'),(1190,5,41,'유학생','유학쌩','NONE'),(1191,5,31,'건너편','건ː너편','NONE'),(1192,5,60,'불편','불편','NONE'),(1193,5,37,'새해','새해','NONE'),(1194,5,41,'교과서','교ː과서','NONE'),(1195,5,37,'지난달','지난달','NONE'),(1196,5,49,'예술','예ː술','NONE'),(1197,5,36,'이후','이ː후','NONE'),(1198,5,34,'떡볶이','떡뽀끼','NONE'),(1199,5,34,'야채','야ː채','NONE'),(1200,5,41,'대학원','대ː하권','NONE'),(1201,5,47,'신혼여행','신혼녀행','NONE'),(1202,5,34,'채소','채ː소','NONE'),(1203,5,57,'집들이','집뜨리','NONE'),(1204,5,37,'그날','그날','NONE'),(1205,5,47,'돌','돌ː','NONE'),(1206,5,48,'연극','연ː극','NONE'),(1207,5,58,'정원','정원','NONE'),(1208,5,59,'청소','청소','NONE'),(1209,5,34,'막걸리','막껄리','NONE'),(1210,5,62,'신발','신발','NONE'),(1211,5,41,'지각','지각','NONE'),(1212,5,33,'백화점','배콰점','NONE'),(1213,5,63,'화장품','화장품','NONE'),(1214,5,59,'정리','정ː니','NONE'),(1215,5,63,'붉다','북따','NONE'),(1216,5,49,'야구','야ː구 ','NONE'),(1217,5,62,'멋','먿','NONE'),(1218,5,30,'옆','엽','NONE'),(1219,5,36,'이전','이ː전','NONE'),(1220,5,30,'시내','시ː내','NONE'),(1221,5,49,'산책','산ː책','NONE'),(1222,5,62,'반지','반지','NONE'),(1223,5,44,'답장','답짱','NONE'),(1224,5,34,'물고기','물꼬기','NONE'),(1225,5,59,'빨래','빨래','NONE'),(1226,5,52,'주사','주ː사','NONE'),(1227,5,48,'박물관','방물관','NONE'),(1228,5,62,'귀걸이','귀거리','NONE'),(1229,5,34,'불고기','불고기','NONE'),(1230,5,34,'음료수','음ː뇨수','NONE'),(1231,5,30,'그곳','그곧','NONE'),(1232,5,41,'졸업','조럽','NONE'),(1233,5,32,'지하철','지하철','NONE'),(1234,5,34,'생선','생선','NONE'),(1235,5,32,'공항','공항','NONE'),(1236,5,58,'마당','마당','NONE'),(1237,5,34,'국','국','NONE'),(1238,5,41,'글자','글짜','NONE'),(1239,5,37,'작년','장년','NONE'),(1240,5,63,'키','키','NONE'),(1241,5,57,'초대','초대','NONE'),(1242,5,34,'콩','콩','NONE'),(1243,5,49,'독서','독써','NONE'),(1244,5,49,'축구','축꾸','NONE'),(1245,5,62,'목걸이','목꺼리','NONE'),(1246,5,62,'지갑','지갑','NONE'),(1247,5,41,'반','반','NONE'),(1248,5,34,'반찬','반찬','NONE'),(1249,5,41,'언어','어너','NONE'),(1250,5,64,'배우','배우','NONE'),(1251,5,44,'연락처','열락처','NONE'),(1252,5,58,'옷걸이','옫꺼리','NONE'),(1253,5,38,'월요일','워료일','NONE'),(1254,5,37,'연말','연말','NONE'),(1255,5,38,'목요일','모교일','NONE'),(1256,5,33,'영수증','영수증','NONE'),(1257,5,29,'영국','영국','NONE'),(1258,5,47,'해외','해ː외','NONE'),(1259,5,41,'답','답','NONE'),(1260,5,29,'사장','사장','NONE'),(1261,5,41,'글씨','글씨','NONE'),(1262,5,30,'북쪽','북쪽','NONE'),(1263,5,37,'월','월','NONE'),(1264,5,33,'주인','주인','NONE'),(1265,5,41,'정문','정ː문','NONE'),(1266,5,32,'이용','이ː용','NONE'),(1267,5,29,'일본','일본','NONE'),(1268,5,30,'시골','시골','NONE'),(1269,5,33,'종업원','종어붠','NONE'),(1270,5,64,'표','표','NONE'),(1271,5,58,'거실','거실','NONE'),(1272,5,58,'창문','창문','NONE'),(1273,5,36,'지금','지금','NONE'),(1274,5,41,'결석','결썩','NONE'),(1275,5,28,'연세','연세','NONE'),(1276,5,41,'설명','설명','NONE'),(1277,5,62,'장갑','장ː갑','NONE'),(1278,5,34,'찌개','찌개','NONE'),(1279,5,29,'주소','주ː소','NONE'),(1280,5,30,'여기저기','여기저기','NONE'),(1281,5,27,'우리나라','우리나라','NONE'),(1282,5,47,'유명','유ː명','NONE'),(1283,5,34,'딸기','딸ː기','NONE'),(1284,5,58,'열쇠','열ː쐬','NONE'),(1285,5,34,'주문','주ː문','NONE'),(1286,5,33,'선택','선ː택','NONE'),(1287,5,36,'잠깐','잠깐','NONE'),(1288,5,30,'오른쪽','오른쪽','NONE'),(1289,5,29,'마을','마을','NONE'),(1290,5,57,'방문','방ː문','NONE'),(1291,5,30,'중간','중간','NONE'),(1292,5,47,'지도','지도','NONE'),(1293,5,38,'휴일','휴일','NONE'),(1294,5,64,'예매','예ː매','NONE'),(1295,5,58,'수건','수ː건','NONE'),(1296,5,62,'목도리','목또리','NONE'),(1297,5,55,'소포','소ː포','NONE'),(1298,5,49,'농구','농구','NONE'),(1299,5,35,'숟가락','숟까락','NONE'),(1300,5,58,'달력','달력','NONE'),(1301,5,32,'출발','출발','NONE'),(1302,5,36,'지난번','지난번','NONE'),(1303,5,41,'대학','대ː학','NONE'),(1304,5,34,'오이','오이','NONE'),(1305,5,41,'종이','종이','NONE'),(1306,5,49,'소설','소ː설','NONE'),(1307,5,35,'칼','칼','NONE'),(1308,5,41,'선배','선배','NONE'),(1309,5,41,'학년','항년','NONE'),(1310,5,41,'사무실','사ː무실','NONE'),(1311,5,32,'지하도','지하도','NONE'),(1312,5,30,'저','저','NONE'),(1313,5,59,'빨다','빨다','NONE'),(1314,5,32,'다리','다리','NONE'),(1315,5,37,'이틀','이틀','NONE'),(1316,5,58,'식탁','식탁','NONE'),(1317,5,32,'운전','운ː전','NONE'),(1318,5,30,'뒤쪽','뒤ː쪽','NONE'),(1319,5,34,'젓가락','저까락','NONE'),(1320,5,27,'연예인','여ː녜인','NONE'),(1321,5,35,'소금','소금','NONE'),(1322,5,33,'동전','동전','NONE'),(1323,5,34,'튀김','튀김','NONE'),(1324,5,58,'냉장고','냉ː장고','NONE'),(1325,5,37,'일주일','일쭈일','NONE'),(1326,5,33,'서점','서점','NONE'),(1327,5,49,'춤추다','춤추다','NONE'),(1328,5,64,'영화관','영화관','NONE'),(1329,5,37,'오늘','오늘','NONE'),(1330,5,47,'관광지','관광지','NONE'),(1331,5,35,'냄비','냄비','NONE'),(1332,5,27,'화가','화ː가','NONE'),(1333,5,62,'한복','한ː복','NONE'),(1334,5,48,'교회','교ː회','NONE'),(1335,5,41,'남학생','남학쌩','NONE'),(1336,5,32,'신호등','신ː호등','NONE'),(1337,5,52,'입원','이붠','NONE'),(1338,5,37,'내일','내일','NONE'),(1339,5,49,'방송','방ː송','NONE'),(1340,5,39,'사계절','사ː계절','NONE'),(1341,5,41,'후배','후ː배','NONE'),(1342,5,62,'바지','바지','NONE'),(1343,5,53,'감기약','감ː기약','NONE'),(1344,5,58,'비누','비누','NONE'),(1345,5,34,'갈비탕','갈비탕','NONE'),(1346,5,30,'저것','저걷','NONE'),(1347,5,41,'중학교','중학꾜','NONE'),(1348,5,45,'수고','수ː고','NONE'),(1349,5,29,'미국','미국','NONE'),(1350,5,27,'주부','주부','NONE'),(1351,5,38,'토요일','토요일','NONE'),(1352,5,58,'출구','출구','NONE'),(1353,5,27,'변호사','변ː호사','NONE'),(1354,5,35,'수저','수저','NONE'),(1355,5,62,'단추','단추','NONE'),(1356,5,27,'선수','선ː수','NONE'),(1357,5,52,'환자','환ː자','NONE'),(1358,5,27,'군인','구닌','NONE'),(1359,5,32,'열차','열차','NONE'),(1360,5,58,'휴게실','휴게실','NONE'),(1361,5,47,'국제','국쩨','NONE'),(1362,5,34,'잡수시다','잡쑤시다','NONE'),(1363,5,41,'봉투','봉투','NONE'),(1364,5,29,'중국','중국','NONE'),(1365,5,40,'출근','출근','NONE'),(1366,5,34,'귤','귤','NONE'),(1367,5,27,'성','성ː','NONE'),(1368,5,27,'직원','지권','NONE'),(1369,5,34,'냉면','냉ː면','NONE'),(1370,5,58,'이불','이불','NONE'),(1371,5,49,'잡지','잡찌','NONE'),(1372,5,37,'매일','매ː일','NONE'),(1373,5,32,'정류장','정뉴장','NONE'),(1374,5,40,'퇴근','퇴ː근','NONE'),(1375,5,41,'초등학교','초등학꾜','NONE'),(1376,5,26,'환영','화녕','NONE'),(1377,5,41,'대학생','대ː학쌩','NONE'),(1378,5,38,'금요일','그묘일','NONE'),(1379,5,47,'섬','섬ː','NONE'),(1380,5,47,'여행사','여행사','NONE'),(1381,5,37,'사흘','사흘','NONE'),(1382,6,60,'아이들은 마음이 순수해서 거짓말을 하지 못한다.','아이드른 마으미 순수애서 거짐마를 하지 모탄다','NONE'),(1383,6,27,'그가 내게 준 편지에는 너를 사랑해라고 적혀 있었다. ','그가 내게 준 편지에는 너를 사랑애라고 저켜 이썯따','NONE'),(1384,6,41,'감기에 걸려 목이 아파서 말이 잘 안 나온다.','강기에 걸려 모기 아파서 마리 잘 안 나온다','NONE'),(1385,6,63,'아이가 침대에 누워 눈을 감고 잠을 잔다.','아이가 침대에 누워 누늘 강고 자믈 잔다','NONE'),(1386,6,63,'피로가 쌓이면 입에 염증이 생기기도 한다.','피로가 싸이면 이베 염증이 생기기도 한다','NONE'),(1387,6,60,'퇴근 후 집에 들어가면 귀여운 고양이 한 마리가 애교 섞인 울음소리로 나를 반겼다.','퇴근 후 지베 드러가면 귀여운 고양이 한 마리가 애교 서낀 우름소리로 나를 방겯따','NONE'),(1388,6,41,'선생님은 학생들에게 어려운 내용을 알기 쉽게 설명해 주셨다.','선쌩니믄 학쌩드레게 어려운 내용을 알기 쉭께 설명애 주셛따','NONE'),(1389,6,63,'우리 형은 손이 커서 농구공도 한 손으로 잡을 수 있다.','우리 형은 소니 커서 농구공도 한 소느로 자블 수 읻따','NONE'),(1390,6,27,'사람은 생각하는 동물이다.','사라믄 생가카는 동무리다','NONE'),(1391,6,63,'나는 바닥에 머리를 대고 누워 잠시 휴식을 취했다.','나는 바다게 머리를 대고 누워 잠시 휴시글 취앧따','NONE'),(1392,6,33,'남편은 방에 들자마자 침대에 벌렁 누워 버렸다.','남펴는 방에 들자마자 침대에 벌렁 누워 버렫따','NONE'),(1393,6,60,'지수는 옷을 만드는 솜씨가 좋다.','지수는 오슬 만드는 솜씨가 조타','NONE'),(1394,6,63,'어머니는 아이를 가슴에 꼭 안았다.','어머니는 아이를 가스메 꼭 아낟따','NONE'),(1395,6,60,'아기가 엄마의 얼굴을 보고 방긋 웃는다.','아기가 엄마에 얼구를 보고 방귿 운는다','NONE'),(1396,6,63,'나는 손과 발을 깨끗이 씻었다.','나는 송과 바를 깨끄시 씨섣따','NONE'),(1397,6,27,'아버지는 시청에서 공무원으로 일하고 계신다.','아버지는 시청에서 공무워느로 이라고 게신따','NONE'),(1398,6,60,'지수는 수술하는 동안 마취를 해서 통증을 느끼지 못했다.','지수는 수수라는 동안 마취를 해서 통증을 느끼지 모탣따','NONE'),(1399,6,47,'한 친구가 술에 취해 넘어진 승규를 부축해 세웠다.','한 칭구가 수레 취애 너머진 승규를 부추캐 세웓따','NONE'),(1400,6,63,'아이의 코가 오똑하고 참 예쁘다.','아이에 코가 오또카고 참 예쁘다','NONE'),(1401,6,33,'내가 가진 돈이라고는 천 원이 전부였다.','내가 가진 도니라고는 천 워니 점부엳따','NONE'),(1402,6,31,'실컷 수영하고 나서 물 밖에 나오니 몸이 으슬으슬 춥다.','실컫 수영아고 나서 물 바께 나오니 모미 으스르슬 춥따','NONE'),(1403,6,63,'높은 산에 올라오니 귀가 먹먹해서 잘 안 들린다.','노픈 사네 올라오니 귀가 멍머캐서 잘 안 들린다','NONE'),(1404,6,31,'문틈으로 책을 읽고 있는 그의 모습이 보인다.','문트므로 채글 일꼬 인는 그에 모스비 보인다','NONE'),(1405,6,41,'어머니는 집안일을 하느라 밖에 비가 오는 것도 모르고 계셨다.','어머니는 지바니를 하느라 바께 비가 오는 걷또 모르고 게셛따','NONE'),(1406,6,31,'서울을 조금만 나가도 한적한 곳이 많다.','서우를 조금만 나가도 한저칸 고시 만타','NONE'),(1407,6,49,'김 과장은 화가 나서 주먹으로 책상을 쳤다.','김 과장은 화가 나서 주머그로 책쌍을 쳗따','NONE'),(1408,6,63,'레몬이 혀에 닿자 신맛이 느껴졌다.','레모니 혀에 다차 심마시 느껴젿따','NONE'),(1409,6,60,'나는 낭만적인 사랑을 꿈꾼다.','나는 낭만저긴 사랑을 꿍꾼다','NONE'),(1410,6,49,'나는 흰 개 한 마리와 검은 고양이 한 마리를 함께 기른다.','나는 힌 개 한 마리와 거믄 고양이 한 마리를 항께 기른다','NONE'),(1411,6,63,'한 시간 넘게 하늘을 올려다봤더니 고개가 뻐근하게 아파 왔다.','한 시간 넝께 하느를 올려다봗떠니 고개가 뻐그나게 아파 왇따','NONE'),(1412,6,63,'길가에 예쁜 꽃들이 줄지어 피어 있다.','길까에 예쁜 꼳뜨리 줄지어 피어 읻따','NONE'),(1413,6,62,'여러 색의 수수깡이 어울려 예쁜 작품이 하나 만들어졌다.','여러 새게 수수깡이 어ㅜㄹ려 예쁜 작푸미 하나 만드러젿따','NONE'),(1414,6,60,'동생은 밖에서 갑자기 큰 소리가 나서 화들짝 놀랐다.','동생은 바께서 갑짜기 큰 소리가 나서 화들짝 놀랃따','NONE'),(1415,6,60,'나는 흰색을 좋아해서 흰 옷을 즐겨 입는다.','나는 힌쌔글 조아애서 힌 오슬 즐겨 임는다','NONE'),(1416,6,61,'승규는 매우 게을러서 집에서 아무 일도 하지 않는다.','승규는 매우 게을러서 지베서 아무 일도 하지 안는다','NONE'),(1417,6,35,'할머니는 단추를 다 달고 나서 이로 실을 끊으셨다.','할머니는 단추를 다 달고 나서 이로 시를 끄느셛따','NONE'),(1418,6,63,'배탈이 나서 따뜻한 방바닥에 배를 대고 엎드려 있었다.','배타리 나서 따뜨탄 방바다게 배를 대고 업뜨려 이썯따','NONE'),(1419,6,60,'지수는 급하게 먹은 점심이 소화가 되지 않아 속이 답답하고 불편했다.','지수는 그파게 머근 점시미 소와가 되지 아나 소기 답따파고 불펴낻따','NONE'),(1420,6,28,'오빠는 결혼한 뒤에도 계속 부모님을 모셨다.','오빠는 겨로난 뒤에도 게속 부모니믈 모셛따','NONE'),(1421,6,32,'이 지역은 지금 폭설이 내려서 교통이 마비되었다.','이 지여근 지금 폭써리 내려서 교통이 마비되얻따','NONE'),(1422,6,63,'내 동생은 얼굴은 못생겼지만 자신감이 넘친다.','내 동생은 얼구른 몯쌩겯찌만 자싱까미 넘친다','NONE'),(1423,6,32,'넓은 벽에는 작은 액자 하나만 걸려 있었다.','널븐 벼게는 자근 액짜 하나만 걸려 이썯따','NONE'),(1424,6,61,'지수의 책상 위에는 급한 일로 잠시 자리를 비운다는 메모가 남겨져 있었다.','지수에 책쌍 위ㅔ는 그판 일로 잠시 자리를 비운다는 메모가 낭겨져 이썯따','NONE'),(1425,6,41,'아이들은 퍼즐을 맞추며 시간 가는 줄 몰랐다.','아이드른 퍼즈를 맏추며 시간 가는 줄 몰랃따','NONE'),(1426,6,63,'날씨가 추워서 목도리로 목을 감았다.','날씨가 추워서 목또리로 모글 가맏따','NONE'),(1427,6,42,'지수는 너무 오래 걸어서 힘들다고 투덜댔다. ','지수는 너무 오래 거러서 힘들다고 투덜댇따','NONE'),(1428,6,28,'나는 대한민국 서울에서 태어났다.','나는 대암밍국 서우레서 태어낟따','NONE'),(1429,6,41,'그가 쓴 글은 문법에 맞지 않아 의미가 전혀 통하지 않았다.','그가 쓴 그른 뭄뻐베 맏찌 아나 의미가 저녀 통아지 아낟따','NONE'),(1430,6,35,'동생은 일기장을 책상 제일 위 서랍 속에 넣어 둔다.','동생은 일기장을 책쌍 제일 위 서랍 소게 너어 둔다','NONE'),(1431,6,63,'어머니도 이제 나이가 드셨는지 얼굴에 주름이 많이 늘었다.','어머니도 이제 나이가 드션는지 얼구레 주르미 마니 느럳따','NONE'),(1432,6,28,'나에게는 가족으로 부모님과 아내 그리고 세 자식이 있다.','나에게는 가조그로 부모닝과 아내 그리고 세 자시기 읻따','NONE'),(1433,6,63,'남편은 어깨가 넓고 딱 벌어져서 정장을 입으면 참 멋있다.','남펴는 어깨가 널꼬 딱 버러져서 정장을 이브면 참 머딛따','NONE'),(1434,6,40,'선생님이 강의실 안으로 들어오자 학생들이 일제히 자리에서 일어났다.','선쌩니미 강이실 아느로 드러오자 학쌩드리 일제이 자리에서 이러낟따','NONE'),(1435,6,57,'지수는 첫 월급을 타서 어머니께 모두 드렸다.','지수는 첟 월그블 타서 어머니께 모두 드렫따','NONE'),(1436,6,41,'우리는 일본 여행에 대한 정보를 인터넷으로 알아보았다.','우리는 일본 여앵에 대안 정보를 인터네스로 아라보앋따','NONE'),(1437,6,60,'몸이 아프니까 모든 것이 다 귀찮다.','모미 아프니까 모든 거시 다 귀찬타','NONE'),(1438,6,63,'저는 늙으신 부모님과 함께 살고 있습니다. ','저는 늘그신 부모닝과 항께 살고 읻씀니다','NONE'),(1439,6,60,'어린아이는 뛰어가다가 넘어지자 울기 시작했다.','어리나이는 뛰어가다가 너머지자 울기 시자캗따','NONE'),(1440,6,30,'그 배추는 싱싱하고 속이 꽉 차 있었다.','그 배추는 싱싱아고 소기 꽉 차 이썯따','NONE'),(1441,6,31,'학교 앞에서 길을 건너면 경찰서가 있다. ','학꾜 아페서 기를 건너면 경찰서가 읻따','NONE'),(1442,6,60,'그는 조금 뚱뚱하긴 하지만 정말 괜찮은 남자다.','그는 조금 뚱뚱아긴 하지만 정말 괜차는 남자다','NONE'),(1443,6,30,'나는 거울을 손으로 가리켰다.','나는 거우를 소느로 가리켣따','NONE'),(1444,6,63,'아내는 다른 여자들에 비해 몸이 작고 마른 편이다.','아내는 다른 여자드레 비애 모미 작꼬 마른 펴니다','NONE'),(1445,6,41,'영화가 끝나자 극장의 불이 다시 환하게 켜졌다.','영와가 끈나자 극짱에 부리 다시 화나게 켜젿따','NONE'),(1446,6,63,'원숭이의 엉덩이는 도대체 왜 빨간 것일까?','원숭이에 엉덩이는 도대체 왜 빨간 거실까','NONE'),(1447,6,60,'지수는 부모에게 버림받은 아이들이 불쌍해서 눈물을 흘렸다.','지수는 부모에게 버림바든 아이드리 불쌍애서 눔무를 흘렫따','NONE'),(1448,6,31,'집이 학교에서 가까워요.','지비 학꾜에서 가까워요','NONE'),(1449,6,60,'지수는 백화점이 명절에 문을 여는지 궁금했다.','지수는 배콰저미 명저레 무늘 여는지 궁그맫따','NONE'),(1450,6,41,'이 문제에 맞는 답을 쓰시오.','이 문제에 만는 다블 쓰시오','NONE'),(1451,6,27,'그들은 건강하게 오래오래 살았다.','그드른 겅강아게 오래오래 사랃따','NONE'),(1452,6,60,'그가 미국으로 돌아간다는 소식을 듣자, 지수는 섭섭한 표정을 지었다.','그가 미구그로 도라간다는 소시글 듣짜 지수는 섭써판 표정을 지얻따','NONE'),(1453,6,41,'지수는 수학 시험에서 어려운 문제 하나를 빼고 모두 맞았다.','지수는 수악 시어메서 어려운 문제 하나를 빼고 모두 마잗따','NONE'),(1454,6,63,'내 남동생은 눈이 크고 코가 오뚝해서 잘생겼다.','내 남동생은 누니 크고 코가 오뚜캐서 잘쌩겯따','NONE'),(1455,6,60,'나는 이번 시험에서 일 등을 해서 매우 기뻤다.','나는 이번 시어메서 일 등을 해서 매우 기뻗따','NONE'),(1456,6,31,'나는 내 방에서 책을 가지고 일 층으로 내려갔다.','나는 내 방에서 채글 가지고 일 층으로 내려갇따','NONE'),(1457,6,39,'우리는 시원한 새벽 공기를 맞으며 함께 산을 올랐다.','우리는 시워난 새벽 공기를 마즈며 항께 사늘 올랃따','NONE'),(1458,6,63,'나는 무릎에 묻은 흙을 털며 일어섰다.','나는 무르페 무든 흘글 털며 이러섣따','NONE'),(1459,6,36,'삼촌은 마흔이 넘어서 첫 아들을 보았다.','삼초는 마으니 너머서 첟 아드를 보앋따','NONE'),(1460,6,63,'지수는 웃는 모습이 아름다웠다.','지수는 운는 모스비 아름다웓따','NONE'),(1461,6,51,'의사는 내가 앉자마자 아픈 곳이 어디냐고 물었다.','의사는 내가 안짜마자 아픈 고시 어디냐고 무럳따','NONE'),(1462,6,51,'발표자의 말소리가 약해서 무슨 말을 하는지 잘 안 들린다.','발표자에 말소리가 야캐서 무슨 마를 하는지 잘 안 들린다','NONE'),(1463,6,48,'아버지는 어린 아들과 공을 차면서 함께 놀아 주었다.','아버지는 어린 아들과 공을 차면서 항께 노라 주얻따','NONE'),(1464,6,30,'두 사람은 멀게 떨어져서 공을 주고받으며 놀고 있었다.','두 사라믄 멀게 떠러져서 공을 주고바드며 놀고 이썯따','NONE'),(1465,6,31,'그는 차비가 없어서 집까지 걸어와야 했다.','그는 차비가 업써서 직까지 거러와야 핻따','NONE'),(1466,6,62,'나는 와인을 따른 뒤 코르크 마개를 다시 병에 꼈다.','나는 와이늘 따른 뒤 코르크 마개를 다시 병에 껻따','NONE'),(1467,6,60,'그는 오직 연구에만 매달릴 뿐 돈에는 관심이 없었다.','그는 오직 영구에만 매달릴 뿐 도네는 관시미 업썯따','NONE'),(1468,6,60,'나는 좋은 직장에 취직해서 돈에 대한 걱정에서 벗어났다.','나는 조은 직짱에 취지캐서 도네 대안 걱쩡에서 버서낟따','NONE'),(1469,6,60,'아내를 잃고 나는 몹시 외로웠다.','아내를 일코 나는 몹씨 외로웓따','NONE'),(1470,6,60,'공원에는 도시락을 먹으며 즐거운 시간을 갖는 가족들이 많았다.','공워네는 도시라글 머그며 즐거운 시가늘 간는 가족뜨리 마낟따','NONE'),(1471,6,63,'그는 어렸을 때부터 운동을 많이 해서 또래에 비해 힘이 센 편이다.','그는 어려쓸 때부터 운동을 마니 해서 또래에 비애 히미 센 펴니다','NONE'),(1472,6,34,'할아버지는 사탕이나 초콜릿 같은 단 음식을 좋아하신다.','하라버지는 사탕이나 초콜릳 가튼 단 음시글 조아아신따','NONE'),(1473,6,61,'나는 선한 인상 때문에 항상 착한 역할만을 했는데 가끔은 나쁜 역할도 한번 해 보고 싶다. ','나는 서난 인상 때무네 항상 차칸 여칼마늘 핸는데 가끄믄 나쁜 여칼또 함번 해 보고 십따','NONE'),(1474,6,30,'지수는 가만히 있어도 그렇고 숨 쉴 때도 그렇고 가슴이 아프다고 했다.','지수는 가마니 이써도 그러코 숨 쉴 때도 그러코 가스미 아프다고 핻따','NONE'),(1475,6,28,'나는 고향에 계신 할머니께 전화를 드렸다.','나는 고양에 게신 할머니께 저놔를 드렫따','NONE'),(1476,6,29,'여자는 아이를 낳은 후 모성애가 생기기 마련이다.','여자는 아이를 나은 후 모성애가 생기기 마려니다','NONE'),(1477,6,28,'어느새 부쩍 늙어 버리신 어머니의 모습을 보니 마음이 아프다.','어느새 부쩍 늘거 버리신 어머니에 모스블 보니 마으미 아프다','NONE'),(1478,6,60,'아이는 혼자 자는 게 무서워서 항상 부모님과 함께 잤다.','아이는 혼자 자는 게 무서워서 항상 부모닝과 항께 잗따','NONE'),(1479,6,49,'아이는 엄마가 부르는 소리를 못 들은 척했다.','아이는 엄마가 부르는 소리를 몯 드른 처캗따','NONE'),(1480,6,34,'어머니가 밥을 안치는 동안 나는 상추를 씻었다.','어머니가 바블 안치는 동안 나는 상추를 씨섣따','NONE'),(1481,6,31,'다리가 아파서 더 이상은 못 걸어가겠어요.','다리가 아파서 더 이상은 몯 거러가게써요','NONE'),(1482,6,54,'절에 가니 스님이 경을 읽는 소리가 들렸다.','저레 가니 스니미 경을 잉는 소리가 들렫따','NONE'),(1483,6,61,'나는 게으르지만 동생은 부지런해서 항상 비교가 된다.','나는 게으르지만 동생은 부지러내서 항상 비교가 된다','NONE'),(1484,6,30,'제 뒤로 줄을 서세요.','제 뒤로 주를 서세요','NONE'),(1485,6,60,'유학을 오니 고국의 음식이 매우 그립다.','유아글 오니 고구게 음시기 매우 그립따','NONE'),(1486,6,26,'결혼한 지 삼 년이 지나도록 아이를 가지지 못했던 지수는 얼마 전 임신했다는 반가운 소식을 나에게 전했다.','겨로난 지 삼 녀니 지나도록 아이를 가지지 모탣떤 지수는 얼마 전 임시낻따는 방가운 소시글 나에게 저낻따','NONE'),(1487,6,61,'언니는 성격이 적극적인 반면 나는 소극적인 성격을 타고났다.','언니는 성겨기 적끅쩌긴 밤면 나는 소극쩌긴 성겨글 타고낟따','NONE'),(1488,6,41,'동생은 항상 간단하게 할 수 있는 쉬운 일만 하려고 한다. ','동생은 항상 간다나게 할 수 인는 쉬운 일만 하려고 한다','NONE'),(1489,6,39,'그는 부모도 없이 어린 동생을 홀로 키우는 나쁜 환경에서도 절망하지 않았다.','그는 부모도 업씨 어린 동생을 홀로 키우는 나쁜 황경에서도 절망아지 아낟따','NONE'),(1490,6,41,'아이는 새로 산 공책의 앞에 자기 이름을 썼다.','아이는 새로 산 공채게 아페 자기 이르믈 썯따','NONE'),(1491,6,61,'나는 신문에서 어려운 처지에도 기부를 한 훌륭한 사람에 대한 기사를 읽었다.','나는 심무네서 어려운 처지에도 기부를 한 훌륭안 사라메 대안 기사를 일걷따','NONE'),(1492,6,41,'나는 다 쓴 편지를 접어 편지 봉투에 넣었다.','나는 다 쓴 편지를 저버 편지 봉투에 너얻따','NONE'),(1493,6,33,'민준이는 비싼 값에 책을 팔았다. ','민주니는 비싼 갑쎄 채글 파랃따','NONE'),(1494,6,26,'그녀와 떨어져 지내는 시간은 나에게는 언제나 외롭고 쓸쓸했다.','그녀와 떠러져 지내는 시가는 나에게는 언제나 외록꼬 쓸쓰랟따','NONE'),(1495,6,60,'지수의 뻔뻔함에 승규는 화가 났다.','지수에 뻠뻐나메 승규는 화가 낟따','NONE'),(1496,6,33,'집 근처의 야채 가게는 야채가 좋고 값이 싸서 손님이 매우 많다.','집 근처에 야채 가게는 야채가 조코 갑씨 싸서 손니미 매우 만타','NONE'),(1497,6,45,'사장은 자신을 믿고 열심히 일하는 직원들이 고마웠다.','사장은 자시늘 믹꼬 열시미 이라는 지권드리 고마웓따','NONE'),(1498,6,44,'유월이 되자 어머니는 옷장에 있는 옷을 모두 여름옷으로 바꾸어 놓으셨다.','유ㅝ리 되자 어머니는 옫짱에 인는 오슬 모두 여르모스로 바꾸어 노으셛따','NONE'),(1499,6,49,'유민이는 의자에 앉아 다리를 다소곳이 모으고 자세를 바르게 했다.','유미니는 의자에 안자 다리를 다소고시 모으고 자세를 바르게 핻따','NONE'),(1500,6,32,'이 버스에 탄 사람들은 모두 서울로 가는 사람들이다.','이 버스에 탄 사람드른 모두 서울로 가는 사람드리다','NONE'),(1501,6,60,'이제 그만 만나자는 그녀의 말에 그는 슬픈 감정을 감출 수가 없었다.','이제 그만 만나자는 그녀에 마레 그는 슬픈 감정을 감출 수가 업썯따','NONE'),(1502,6,33,'말을 한다는 것이 인간과 다른 동물의 가장 큰 다른 점이다.','마를 한다는 거시 잉강과 다른 동무레 가장 큰 다른 저미다','NONE'),(1503,6,39,'술이 익으면 찌꺼기는 체로 걸러내 맑은 술만 술병에 담는다.','수리 이그면 찌꺼기는 체로 걸러내 말근 술만 술뼝에 담는다','NONE'),(1504,6,28,'남편이 이번 동창회는 부부 동반이라면서 같이 가자고 한다.','남펴니 이번 동창외는 부부 동바니라면서 가치 가자고 한다','NONE'),(1505,6,31,'아이는 활짝 웃으며 하얀 이를 드러내 보였다.','아이는 활짝 우스며 하얀 이를 드러내 보엳따','NONE'),(1506,6,60,'그는 친구의 불행한 죽음을 슬퍼했다.','그는 칭구에 부랭안 주그믈 슬퍼앧따','NONE'),(1507,6,58,'그는 넓은 이마를 가리려고 앞머리를 내렸다.','그는 널븐 이마를 가리려고 암머리를 내렫따','NONE'),(1508,6,26,'선생님께서 많이 아프셨다고 들었는데 요즘은 건강이 어떻습니까?','선쌩닝께서 마니 아프셛따고 드런는데 요즈믄 겅강이 어떠씀니까','NONE'),(1509,6,60,'나는 말다툼을 벌인 친구와 화해를 원했다.','나는 말다투믈 버린 칭구와 화애를 워낻따','NONE'),(1510,6,41,'선생님은 아이들에게 컴퓨터를 켜는 방법을 가르쳤다.','선쌩니믄 아이드레게 컴퓨터를 켜는 방버블 가르쳗따','NONE'),(1511,6,61,'너는 남을 말을 똑똑하게 듣는 연습이 필요하다.','너는 나믈 마를 똑또카게 든는 연스비 필료아다','NONE'),(1512,6,46,'나는 오늘 처음 만난 상대에게 괜히 친한 척을 하다 그만 실례를 범하고 말았다.','나는 오늘 처음 만난 상대에게 괘니 치난 처글 하다 그만 실레를 버마고 마랃따','NONE'),(1513,6,60,'지수는 사람들이 귀엽다고 할 때마다 부끄럽게 웃어 보였다.','지수는 사람드리 귀엽따고 할 때마다 부끄럭께 우서 보엳따','NONE'),(1514,6,63,'건조한 날씨 탓에 입술이 텄다.','건조안 날씨 타세 입쑤리 턷따','NONE'),(1515,6,39,'다행히 오전에 비가 그쳐 우리는 늦게나마 소풍을 갈 수 있었다.','다앵이 오저네 비가 그쳐 우리는 늑께나마 소풍을 갈 수 이썯따','NONE'),(1516,6,57,'우리는 여름휴가를 가면서 남편의 시골집에 들렀다.','우리는 여르뮤가를 가면서 남펴네 시골지베 들럳따','NONE'),(1517,6,29,'이 동물의 이름이 뭐야?','이 동무레 이르미 뭐야','NONE'),(1518,6,34,'우리 아이는 군것질을 좋아해서 용돈을 남기는 일이 없다.','우리 아이는 궁걷찌를 조아애서 용도늘 낭기는 이리 업따','NONE'),(1519,6,28,'얘들아, 올여름에는 우리 다 함께 여행 가자.','얘드라 올려르메는 우리 다 항께 여앵 가자','NONE'),(1520,6,41,'아이는 구구단을 모두 외웠다. ','아이는 구구다늘 모두 외ㅝㄷ따','NONE'),(1521,6,36,'민준은 약속 시간보다 한 시간이나 늦게 왔다.','민주는 약쏙 시감보다 한 시가니나 늑께 왇따','NONE'),(1522,6,60,'나는 단 음식이 싫다.','나는 단 음시기 실타','NONE'),(1523,6,40,'눈을 힘껏 감으세요.','누늘 힝껃 가므세요','NONE'),(1524,6,48,'승규는 게을러서 방학 계획을 세워 놓고 한 번도 실행한 적이 없다.','승규는 게을러서 방악 게외글 세워 노코 한 번도 시랭안 저기 업따','NONE'),(1525,6,60,'외아들인 나는 친척이 많은 친구가 그렇게 부러울 수가 없었다.','외ㅏ드린 나는 친처기 마는 칭구가 그러케 부러울 수가 업썯따','NONE'),(1526,6,29,'언니는 머리를 할 때면 늘 자주 가던 미용실에만 다녔다.','언니는 머리를 할 때면 늘 자주 가던 미용시레만 다녇따','NONE'),(1527,6,60,'그녀는 우중충한 날씨 탓인지 하루 종일 우울한 기분에 잠겨 있었다.','그녀는 우중충안 날씨 타신찌 하루 종일 우ㅜ란 기부네 장겨 이썯따','NONE'),(1528,6,55,'주소를 쓰지 않아 어머니 앞으로 부친 편지가 나에게 되돌아왔다.','주소를 쓰지 아나 어머니 아프로 부친 편지가 나에게 되도라왇따','NONE'),(1529,6,63,'민준은 허리를 구부려 땅에 떨어진 서류를 주웠다.','민주는 허리를 구부려 땅에 떠러진 서류를 주웓따','NONE'),(1530,6,28,'아버지는 나보다는 늘 형을 예뻐하셨다.','아버지는 나보다는 늘 형을 예뻐아셛따','NONE'),(1531,6,62,'그는 검정 바지에 하얀 와이셔츠를 입고 있었다.','그는 검정 바지에 하얀 와이셔츠를 익꼬 이썯따','NONE'),(1532,6,42,'내 동생은 영어를 공부하기 위해 작년에 미국으로 떠났다.','내 동생은 영어를 공부아기 위애 장녀네 미구그로 떠낟따','NONE'),(1533,6,27,'한낮에 공원에는 할 일 없는 노인들만이 여기저기 앉아 있었다.','한나제 공워네는 할 일 엄는 노인들마니 여기저기 안자 이썯따','NONE'),(1534,6,39,'우리는 한여름의 뜨거운 태양을 피하기 위해 가게 안으로 들어갔다.','우리는 한녀르메 뜨거운 태양을 피아기 위애 가게 아느로 드러갇따','NONE'),(1535,6,61,'그녀는 혼자서도 무대를 가득 채울 수 있는 능력 있는 배우이다.','그녀는 혼자서도 무대를 가득 채울 수 인는 능녁 인는 배우이다','NONE'),(1536,6,63,'아기는 살이 포동포동하게 올라 있었다.','아기는 사리 포동포동아게 올라 이썯따','NONE'),(1537,6,28,'어머니가 돌아가신 후로 나는 아버지와 둘이 산다.','어머니가 도라가신 후로 나는 아버지와 두리 산다','NONE'),(1538,6,41,'사장님의 한 마디에 직원들은 쥐 죽은 듯이 조용해졌다.','사장니메 한 마디에 지권드른 쥐 주근 드시 조용애젿따','NONE'),(1539,6,58,'우리는 방이 세 개 딸린 집에서 살고 있다.','우리는 방이 세 개 딸린 지베서 살고 읻따','NONE'),(1540,6,28,'이번 추석에는 오랜만에 형제들이 모두 와서 온 가족이 다 모이게 됐다.','이번 추서게는 오램마네 형제드리 모두 와서 온 가조기 다 모이게 됃따','NONE'),(1541,6,51,'장수부터 병사까지 모두 튼튼한 갑옷을 챙겨 입고 전쟁터로 나갔다.','장수부터 병사까지 모두 튼트난 가보슬 챙겨 익꼬 전쟁터로 나갇따','NONE'),(1542,6,33,'할머니는 명절 때면 밤을 깎아서 시장에 내다 파셨다.','할머니는 명절 때면 바믈 까까서 시장에 내다 파셛따','NONE'),(1543,6,63,'그 여자는 발목까지 내려오는 긴 치마를 입고 있었다.','그 여자는 발목까지 내려오는 긴 치마를 익꼬 이썯따','NONE'),(1544,6,27,'지수와 나는 어린 시절부터 10년 넘게 알고 지낸 오랜 친구이다.','지수와 나는 어린 시절부터 년 넝께 알고 지낸 오랜 칭구이다','NONE'),(1545,6,36,'지수는 웃을 때가 제일 예쁘다.','지수는 우슬 때가 제일 예쁘다','NONE'),(1546,6,62,'나는 아이의 풀린 신발 끈을 매어 주었다.','나는 아이에 풀린 심발 끄늘 매어 주얻따','NONE'),(1547,6,60,'웃음이 너무 컸는지 사람들이 모두 나를 쳐다보았다.','우스미 너무 컨는지 사람드리 모두 나를 쳐다보앋따','NONE'),(1548,6,45,'어머니는 나와 형에게 집에서 쉬는 날이면 집안일도 좀 도우라고 하셨다.','어머니는 나와 형에게 지베서 쉬는 나리면 지바닐도 좀 도우라고 하셛따','NONE'),(1549,6,41,'학교의 수업이 끝난 후 나는 친구들과 교실에 남아 공부를 했다.','학꾜에 수어비 끈난 후 나는 칭구들과 교시레 나마 공부를 핻따','NONE'),(1550,6,40,'수술은 성공적으로 끝났으니 마취만 깨면 곧 정신을 차릴 겁니다.','수수른 성공저그로 끈나쓰니 마취만 깨면 곧 정시늘 차릴 검니다','NONE'),(1551,6,63,'내 이름은 흔해서 나와 똑같은 이름을 가진 사람들이 많다.','내 이르믄 흐내서 나와 똑까튼 이르믈 가진 사람드리 만타','NONE'),(1552,6,60,'나는 어린 시절 추운 겨울날 가족끼리 둘러앉아 찐빵을 호호 불어 먹던 재미가 그리웠다.','나는 어린 시절 추운 겨울랄 가족끼리 둘러안자 찜빵을 호오 부러 먹떤 재미가 그리웓따','NONE'),(1553,6,63,'겨울 동안 살이 쪘는지 작년 봄에 입었던 옷이 잘 들어가지 않았다.','겨울 동안 사리 쪈는지 장년 보메 이벋떤 오시 잘 드러가지 아낟따','NONE'),(1554,6,61,'면으로 만들어진 담요는 아기 피부에 자극이 없고 감촉이 부드럽다.','며느로 만드러진 담뇨는 아기 피부에 자그기 억꼬 감초기 부드럽따','NONE'),(1555,6,51,'의사는 일 년에 한 번씩은 꼭 건강 검진을 받으라고 했다.','의사는 일 녀네 한 번씨근 꼭 겅강 검지늘 바드라고 핻따','NONE'),(1556,6,63,'영수는 어머니의 날씬한 체형을 닮지 않고 아버지의 통통한 체형을 닮았다.','영수는 어머니에 날씨난 체영을 담찌 앙코 아버지에 통통안 체영을 달맏따','NONE'),(1557,6,60,'지수는 언젠가 가수가 되리라는 희망을 가지고 있다.','지수는 언젱가 가수가 되리라는 히망을 가지고 읻따','NONE'),(1558,6,63,'광장에는 많은 젊은 남녀가 한가로운 오후를 즐기고 있었다.','광장에는 마는 절믄 남녀가 항가로운 오우를 즐기고 이썯따','NONE'),(1559,6,31,'지수는 나에게 부모님의 건강에 대해 물었다.','지수는 나에게 부모니메 겅강에 대애 무럳따','NONE'),(1560,6,60,'그녀에게 아들은 목숨과도 바꿀 수 없는 소중한 자식이다.','그녀에게 아드른 목쑹과도 바꿀 수 엄는 소중안 자시기다','NONE'),(1561,6,63,'한 노인이 그에게 손금을 봐 주겠다며 손바닥을 펴 보라고 했다.','한 노이니 그에게 송그믈 봐 주겓따며 솜빠다글 펴 보라고 핻따','NONE'),(1562,6,45,'항상 저를 보살펴 주신 선생님께 감사의 말씀을 드립니다.','항상 저를 보살펴 주신 선쌩닝께 감사에 말쓰믈 드림니다','NONE'),(1563,6,51,'우리 형은 팔 힘이 세서 어떤 무거운 물건도 잘 들어 올린다.','우리 형은 팔 히미 세서 어떤 무거운 물건도 잘 드러 올린다','NONE'),(1564,6,48,'우리는 잠시 의자에 앉아 쉬었다.','우리는 잠시 의자에 안자 쉬얻따','NONE'),(1565,6,37,'나와 내 가장 친한 친구인 영수는 같은 날에 태어났다.','나와 내 가장 치난 칭구인 영수는 가튼 나레 태어낟따','NONE'),(1566,6,60,'아침을 안 먹었더니 무척 배가 고팠다.','아치믈 안 머걷떠니 무척 배가 고팓따','NONE'),(1567,6,28,'그녀는 한 남자의 아내이자 아이들의 어머니이다.','그녀는 한 남자에 아내이자 아이드레 어머니이다','NONE'),(1568,6,63,'지수는 다리를 꼬고 앉아 잡지를 보고 있다. ','지수는 다리를 꼬고 안자 잡찌를 보고 읻따','NONE'),(1569,6,36,'이른 봄인데도 벌써 여기저기 활짝 핀 꽃들이 보인다.','이른 보민데도 벌써 여기저기 활짝 핀 꼳뜨리 보인다','NONE'),(1570,6,34,'이 커피는 맛이 써서 먹기 힘들었다.','이 커피는 마시 써서 먹끼 힘드럳따','NONE'),(1571,6,49,'아내는 나 대신 도장에 인주를 묻혀 서류에 찍어 주었다.','아내는 나 대신 도장에 인주를 무쳐 서류에 찌거 주얻따','NONE'),(1572,6,39,'가을이 오려는지 바람이 꽤 쌀쌀했다.','가으리 오려는지 바라미 꽤 쌀싸랟따','NONE'),(1573,6,36,'그 컴퓨터는 가끔 작동되지 않을 때가 있다.','그 컴퓨터는 가끔 작똥되지 아늘 때가 읻따','NONE'),(1574,6,57,'나는 저축을 하려고 은행에 돈을 가져갔다.','나는 저추글 하려고 으냉에 도늘 가져갇따','NONE'),(1575,6,36,'아내가 밥을 짓는 동안 나는 방을 청소했다.','아내가 바블 진는 동안 나는 방을 청소앧따','NONE'),(1576,6,63,'지수는 어릴 때 보약을 잘못 먹어서 몸이 뚱뚱한 것이라고 주장한다.','지수는 어릴 때 보야글 잘몯 머거서 모미 뚱뚱안 거시라고 주장안다','NONE'),(1577,6,30,'우리 동네는 산 밑에 있어서 공기가 좋다.','우리 동네는 산 미테 이써서 공기가 조타','NONE'),(1578,6,28,'나는 아빠에게 엄마와 어떻게 결혼하게 되었는지를 물어보았다.','나는 아빠에게 엄마와 어떠케 겨로나게 되언는지를 무러보앋따','NONE'),(1579,6,50,'우리 엄마는 명절이 되면 할 일이 많아서 스트레스를 많이 받으신다.','우리 엄마는 명저리 되면 할 이리 마나서 스트레스를 마니 바드신따','NONE'),(1580,6,35,'옥수수에 버터를 발라서 구워 먹으면 맛이 좋다.','옥쑤수에 버터를 발라서 구워 머그면 마시 조타','NONE'),(1581,6,60,'관중들은 두 라이벌의 치열한 결승전 경기를 긴장 속에 관람하였다.','관중드른 두 라이버레 치여란 결승전 경기를 긴장 소게 괄라마엳따','NONE'),(1582,6,27,'엠티를 온 남자 학생들이 무거운 짐을 지고 날랐다.','엠티를 온 남자 학쌩드리 무거운 지믈 지고 날랃따','NONE'),(1583,6,32,'지수는 얼마나 슬픈지 눈물이 멈추지를 않았다.','지수는 얼마나 슬픈지 눔무리 멈추지를 아낟따','NONE'),(1584,6,33,'책이 모두 재미있어 보여서 딱 한 권만 고르기가 어려웠다.','채기 모두 재미이써 보여서 딱 한 궘만 고르기가 어려웓따','NONE'),(1585,6,27,'나는 내 적성과 능력에 맞는 직업을 찾고 싶다.','나는 내 적썽과 능녀게 만는 지거블 착꼬 십따','NONE'),(1586,6,34,'지수네 어머니가 해 주신 음식은 맛있는 냄새만큼이나 맛도 좋았다.','지수네 어머니가 해 주신 음시근 마신는 냄새망크미나 맏또 조앋따','NONE'),(1587,6,60,'밥 먹으라고 몇 번씩이나 말하던 아내는 급기야 소리를 지르면서 짜증을 부렸다.','밥 머그라고 멷 번씨기나 마라던 아내는 극끼야 소리를 지르면서 짜증을 부렫따','NONE'),(1588,6,32,'나는 버스에서 지하철로 갈아탔다.','나는 버스에서 지아철로 가라탇따','NONE'),(1589,6,32,'우리 집에서 회사까지는 지하철로 30분 거리이다.','우리 지베서 회사까지는 지아철로 분 거리이다','NONE'),(1590,6,57,'외국어를 잘하려면 시간이 많이 걸린다. ','외구거를 자라려면 시가니 마니 걸린다','NONE'),(1591,6,28,'내가 열세 살이 되자 세 살 위인 누나와 키가 비슷해졌다.','내가 열세 사리 되자 세 살 위인 누나와 키가 비스태젿따','NONE'),(1592,6,63,'아기는 엄마의 팔을 베고 새근새근 잠들어 있다.','아기는 엄마에 파를 베고 새근쌔근 잠드러 읻따','NONE'),(1593,6,28,'언니는 올해 결혼하여 멋진 남편을 얻었다.','언니는 오래 겨로나여 먿찐 남펴늘 어덛따','NONE'),(1594,6,57,'노란 나비와 벌이 활짝 핀 꽃 위에 앉아 있었다.','노란 나비와 버리 활짝 핀 꼳 위ㅔ 안자 이썯따','NONE'),(1595,6,58,'여기는 주차장이 좁아서 큰 차는 들어갈 수가 없다.','여기는 주차장이 조바서 큰 차는 드러갈 수가 업따','NONE'),(1596,6,36,'나는 수업 시간에 늦어 학교까지 뛰어갔다.','나는 수업 시가네 느저 학꾜까지 뛰어갇따','NONE'),(1597,6,49,'봄이 되자 지수는 베란다에 상추를 키우기 시작했다.','보미 되자 지수는 베란다에 상추를 키우기 시자캗따','NONE'),(1598,6,43,'아이는 잠시 엄마가 장을 보러 간 사이 집을 지키고 있었다.','아이는 잠시 엄마가 장을 보러 간 사이 지블 지키고 이썯따','NONE'),(1599,6,50,'나는 세배를 하고 부모님께 세뱃돈을 받았다.','나는 세배를 하고 부모닝께 세밷또늘 바닫따','NONE'),(1600,6,39,'창문을 열자 한 줄기 바람이 시원하게 불어왔다.','창무늘 열자 한 줄기 바라미 시워나게 부러왇따','NONE'),(1601,6,41,'김 과장은 일을 끝내자마자 퇴근해서 약속 장소로 향했다.','김 과장은 이를 끈내자마자 퇴그내서 약쏙 장소로 향앧따','NONE'),(1602,6,34,'나는 운동 후에 목이 말라서 시원한 물을 마셨다.','나는 운동 후에 모기 말라서 시워난 무를 마셛따','NONE'),(1603,6,28,'어머님, 추운 날씨에 부디 몸조심하시기 바라며 이만 글을 맺겠습니다.','어머님 추운 날씨에 부디 몸조시마시기 바라며 이만 그를 맥껟씀니다','NONE'),(1604,6,27,'저에게 말씀해 보세요.','저에게 말쓰매 보세요','NONE'),(1605,6,33,'오랜 장마 때문에 채소와 과일 가격이 올랐다.','오랜 장마 때무네 채소와 과일 가겨기 올랃따','NONE'),(1606,6,34,'내가 자주 배달을 시켜 먹는 치킨 가게는 신선한 닭고기와 좋은 기름을 써서 치킨 맛이 아주 좋다.','내가 자주 배다를 시켜 멍는 치킨 가게는 신서난 닥꼬기와 조은 기르믈 써서 치킨 마시 아주 조타','NONE'),(1607,6,60,'김 씨는 그녀의 여섯 살 된 조카를 친자식 이상으로 귀여워한다.','김 씨는 그녀에 여섣 살 된 조카를 친자식 이상으로 귀여워안다','NONE'),(1608,6,49,'지수는 기르는 새끼 고양이가 야옹거리자 밥을 줬다.','지수는 기르는 새끼 고양이가 야ㅗㅇ거리자 바블 줟따','NONE'),(1609,6,54,'김 사장은 은행에서 빌린 돈을 벌써 몇 달째 갚지 못했다.','김 사장은 으냉에서 빌린 도늘 벌써 멷 달째 갑찌 모탣따','NONE'),(1610,6,39,'지난 주말에는 날씨가 따뜻해서 식구들과 나들이를 다녀왔다.','지난 주마레는 날씨가 따뜨태서 식꾸들과 나드리를 다녀왇따','NONE'),(1611,6,30,'서점 앞의 가판대에 인기 잡지가 나열되어 있다.','서점 아페 가판대에 잉기 잡찌가 나열되어 읻따','NONE'),(1612,6,57,'졸업생 몇 명이 선생님을 찾아왔다.','조럽쌩 멷 명이 선쌩니믈 차자왇따','NONE'),(1613,6,36,'사람들은 보통 하루에 세 번 이를 닦는다.','사람드른 보통 하루에 세 번 이를 당는다','NONE'),(1614,6,42,'수학자 아버지께 어렵고 복잡한 수학 이론서는 가장 재미있는 책이다.','수악짜 아버지께 어력꼬 복짜판 수악 이론서는 가장 재미인는 채기다','NONE'),(1615,6,62,'군인들은 모두 어깨에 총을 메고 있었다.','구닌드른 모두 어깨에 총을 메고 이썯따','NONE'),(1616,6,59,'지수는 비에 젖은 옷이 마를 때까지 친구 집에 있었다.','지수는 비에 저즌 오시 마를 때까지 칭구 지베 이썯따','NONE'),(1617,6,34,'나는 찌개에 물을 넣어서 싱겁게 먹었다.','나는 찌개에 무를 너어서 싱걱께 머걷따','NONE'),(1618,6,57,'어머니께서 제 방으로 간식거리를 가져오셨습니다.','어머니께서 제 방으로 간식꺼리를 가져오셛씀니다','NONE'),(1619,6,27,'형님 덕분에 저희 가족들이 한 달 동안 편히 쉴 수 있었습니다.','형님 덕뿌네 저이 가족뜨리 한 달 동안 펴니 쉴 수 이썯씀니다','NONE'),(1620,6,36,'유민이는 금방 잠에서 깨어 부스스한 모습으로 방에서 나왔다.','유미니는 금방 자메서 깨어 부스스안 모스브로 방에서 나왇따','NONE'),(1621,6,36,'회의가 점점 길어져 끝이 나지 않는다.','회이가 점점 기러져 끄치 나지 안는다','NONE'),(1622,6,34,'나는 그 아이에게 심부름을 시켰다.','나는 그 아이에게 심부르믈 시켣따','NONE'),(1623,6,32,'음식물 찌꺼기와 각종 오물로 하수구가 막혀 물이 잘 빠지지가 않는다.','음싱물 찌꺼기와 각쫑 오물로 하수구가 마켜 무리 잘 빠지지가 안는다','NONE'),(1624,6,41,'아버지는 기차 안에서 떠드는 학생들을 못마땅하게 쳐다보았다.','아버지는 기차 아네서 떠드는 학쌩드를 몸마땅아게 쳐다보앋따','NONE'),(1625,6,41,'유치원에서 한글을 배운 아이는 혼자 동화책을 읽기 시작했다.','유치워네서 항그를 배운 아이는 혼자 동와채글 일끼 시자캗따','NONE'),(1626,6,32,'날씨가 추워서 그런지 거리가 한산했다.','날씨가 추워서 그런지 거리가 한사낻따','NONE'),(1627,6,33,'유민이는 여러 개의 모자 중에서 무엇을 쓸까 고민했다.','유미니는 여러 개이 모자 중에서 무어슬 쓸까 고미낻따','NONE'),(1628,6,60,'아내는 콩을 싫어하는 아이에게 콩을 먹이기 위해서 애를 썼다.','아내는 콩을 시러아는 아이에게 콩을 머기기 위애서 애를 썯따','NONE'),(1629,6,28,'나는 엄마를 많이 닮았는데 동생은 아빠와 똑같이 생겼다.','나는 엄마를 마니 달만는데 동생은 아빠와 똑까치 생겯따','NONE'),(1630,6,60,'밥을 많이 먹어서 배가 부르다.','바블 마니 머거서 배가 부르다','NONE'),(1631,6,35,'물을 끓이면 몇몇 세균은 없앨 수 있다.','무를 끄리면 몀멷 세규는 업쌜 수 읻따','NONE'),(1632,6,49,'우리는 바닷가에서 여름휴가를 즐겼다.','우리는 바닥까에서 여르뮤가를 즐겯따','NONE'),(1633,6,60,'그 사람한테는 수상한 느낌을 지울 수가 없어.','그 사라만테는 수상안 느끼믈 지울 수가 업써','NONE'),(1634,6,36,'우리 축구 팀은 상대 팀의 수비를 뚫고 골을 넣을 기회만 노렸다.','우리 축꾸 티믄 상대 티메 수비를 뚤코 고를 너을 기외만 노렫따','NONE'),(1635,6,62,'나는 방 안으로 들어가기 위해 구두를 벗었다.','나는 방 아느로 드러가기 위애 구두를 버섣따','NONE'),(1636,6,60,'나는 충분히 생각한 끝에 유학을 가기로 결정을 내렸다.','나는 충부니 생가칸 끄테 유아글 가기로 결정을 내렫따','NONE'),(1637,6,46,'우리는 죄송한 마음에서 가게 아저씨의 일을 도와 드렸다.','우리는 죄송안 마으메서 가게 아저씨에 이를 도와 드렫따','NONE'),(1638,6,42,'백화점 포장 코너의 직원은 익숙한 솜씨로 어머니께 드릴 선물을 포장해 주었다.','배콰점 포장 코너에 지궈는 익쑤칸 솜씨로 어머니께 드릴 섬무를 포장애 주얻따','NONE'),(1639,6,33,'흔히 도톰한 입술과 큰 눈을 가진 여성을 미인이라고 한다.','흐니 도토만 입쑬과 큰 누늘 가진 여성을 미이니라고 한다','NONE'),(1640,6,60,'어머니께서는 새해가 되면 행복을 기원하는 백일기도를 올리신다.','어머니께서는 새애가 되면 행보글 기워나는 배길기도를 올리신따','NONE'),(1641,6,27,'선생님께서 내일까지 꼭 숙제를 해 오라고 하셨다.','선쌩닝께서 내일까지 꼭 숙쩨를 해 오라고 하셛따','NONE'),(1642,6,41,'영화는 두 남녀가 만나 사랑하고 이별하는 이야기이다.','영와는 두 남녀가 만나 사랑아고 이벼라는 이ㅑ기이다','NONE'),(1643,6,60,'시험이 끝나고 며칠 동안은 마음 편하게 그저 놀았다.','시어미 끈나고 며칠 동아는 마음 펴나게 그저 노랃따','NONE'),(1644,6,30,'닫히는 지하철 문 사이로 달려들어 급히 탔더니 문틈에 옷이 끼어 버렸다.','다치는 지아철 문 사이로 달려드러 그피 탇떠니 문트메 오시 끼어 버렫따','NONE'),(1645,6,26,'깊은 슬픔에 빠진 유민에게는 어떠한 위로도 소용없었다.','기픈 슬프메 빠진 유미네게는 어떠안 위로도 소용업썯따','NONE'),(1646,6,28,'우리 언니는 아버지를 닮고, 나는 어머니를 닮았다.','우리 언니는 아버지를 당꼬 나는 어머니를 달맏따','NONE'),(1647,6,48,'긴 연휴 기간이 시작되자 사람들은 모두 여행을 떠났다.','긴 여뉴 기가니 시작뙤자 사람드른 모두 여앵을 떠낟따','NONE'),(1648,6,51,'할머니는 몸이 편찮으신지 잠을 이루지 못하셨다.','할머니는 모미 편차느신찌 자믈 이루지 모타셛따','NONE'),(1649,6,50,'떡국에 계란, 김 등을 올려 먹으면 더 맛있다.','떡꾸게 게란 김 등을 올려 머그면 더 마딛따','NONE'),(1650,6,36,'나는 아침에 커피를 한 잔 마시고 출근 준비를 한다.','나는 아치메 커피를 한 잔 마시고 출근 줌비를 한다','NONE'),(1651,6,60,'그는 후배의 건방진 태도에 화났다.','그는 후배에 검방진 태도에 화낟따','NONE'),(1652,6,46,'늦잠을 잔 신입 사원 이 씨는 회사에 넥타이를 매지 않고 출근하는 실수를 저지르고 말았다.','늗짜믈 잔 시닙 사원 이 씨는 회사에 넥타이를 매지 앙코 출그나는 실수를 저지르고 마랃따','NONE'),(1653,6,40,'서두르지 말고 여기 앉아서 차분히 틀린 문제를 다시 풀어 보렴.','서두르지 말고 여기 안자서 차부니 틀린 문제를 다시 푸러 보렴','NONE'),(1654,6,27,'이제 간호사는 더 이상 여자들만의 직업이 아니다.','이제 가노사는 더 이상 여자들마네 지거비 아니다','NONE'),(1655,6,62,'나는 집에 오면 편한 옷으로 갈아입는다.','나는 지베 오면 펴난 오스로 가라임는다','NONE'),(1656,6,33,'언니는 작은 키를 크게 보이려고 늘 하이힐을 신는다.','언니는 자근 키를 크게 보이려고 늘 하이이를 신는다','NONE'),(1657,6,62,'이 지역은 자외선이 강하므로 외출할 때 모자를 쓰고 나가는 것이 좋다.','이 지여근 자외서니 강아므로 외추랄 때 모자를 쓰고 나가는 거시 조타','NONE'),(1658,6,63,'갑작스러운 실수에 승규는 이마까지 빨개졌다.','갑짝쓰러운 실수에 승규는 이마까지 빨개젿따','NONE'),(1659,6,60,'아이는 선물을 받고 뛸 듯이 기뻐했다.','아이는 섬무를 박꼬 뛸 드시 기뻐앧따','NONE'),(1660,6,60,'친한 친구들과 함께하는 모임에는 언제나 기쁨이 넘쳤다.','치난 칭구들과 항께아는 모이메는 언제나 기쁘미 넘쳗따','NONE'),(1661,6,39,'구름 사이로 무지개가 보였다.','구름 사이로 무지개가 보엳따','NONE'),(1662,6,30,'이것은 책상입니다.','이거슨 책쌍임니다','NONE'),(1663,6,28,'우리 할아버지는 손자인 나를 무척이나 아끼신다.','우리 하라버지는 손자인 나를 무처기나 아끼신따','NONE'),(1664,6,40,'나는 수업을 마치자마자 서둘러 집으로 돌아갔다.','나는 수어블 마치자마자 서둘러 지브로 도라갇따','NONE'),(1665,6,42,'언니는 생활비가 부족해 퇴근 후 부업으로 돈을 벌었다.','언니는 생왈비가 부조캐 퇴근 후 부어브로 도늘 버럳따','NONE'),(1666,6,29,'한국의 전통 의상은 외국인들에게는 흥미롭게 보이기도 한다.','항구게 전통 의상은 외구긴드레게는 흥미록께 보이기도 한다','NONE'),(1667,6,28,'나는 어릴 때 두 살 많은 오빠와 자주 싸우며 자랐다.','나는 어릴 때 두 살 마는 오빠와 자주 싸우며 자랃따','NONE'),(1668,6,33,'그 그림은 좋은 평판을 받았을 뿐만 아니라 높은 가격에 팔렸다.','그 그리믄 조은 평파늘 바다쓸 뿜만 아니라 노픈 가겨게 팔렫따','NONE'),(1669,6,34,'어머니는 후식으로 사과를 깎아 주셨다.','어머니는 후시그로 사과를 까까 주셛따','NONE'),(1670,6,27,'그는 그녀가 자신을 바라보고 웃자 기분이 좋아졌다.','그는 그녀가 자시늘 바라보고 욷짜 기부니 조아젿따','NONE'),(1671,6,36,'막내 동생은 아직 어려서 혼자 용변을 보지 못한다.','망내 동생은 아직 어려서 혼자 용벼늘 보지 모탄다','NONE'),(1672,6,39,'강물이 새파랗게 얼어서 유리알 같았다. ','강무리 새파라케 어러서 유리알 가탇따','NONE'),(1673,6,41,'세 번의 도전 끝에 운전면허 시험을 통과했다. ','세 버니 도전 끄테 운점며너 시어믈 통과앧따','NONE'),(1674,6,60,'종업원의 불친절한 태도에 손님은 크게 화냈다.','종어붜네 불친저란 태도에 손니믄 크게 화낻따','NONE'),(1675,6,48,'나는 시험 성적에 너무 실망해서 한숨을 쉬었다.','나는 시엄 성저게 너무 실망애서 한수믈 쉬얻따','NONE'),(1676,6,45,'많은 분들이 나를 도와주고 애써 준 덕분에 나는 영화를 완성할 수 있었다.','마는 분드리 나를 도와주고 애써 준 덕뿌네 나는 영와를 완성알 수 이썯따','NONE'),(1677,6,58,'강물이 어찌나 깨끗한지 바닥까지 다 보였다.','강무리 어찌나 깨끄탄지 바닥까지 다 보엳따','NONE'),(1678,6,50,'언니는 형부와 7년 동안의 긴 연애 끝에 결혼에 골인했다.','언니는 형부와 년 동아네 긴 여내 끄테 겨로네 고리낻따','NONE'),(1679,6,33,'나는 사람들에게 내가 만든 빵을 팔았다.','나는 사람드레게 내가 만든 빵을 파랃따','NONE'),(1680,6,60,'교장 선생님의 말씀이 너무 오랫동안 계속되어서 학생들이 지루해했다.','교장 선쌩니메 말쓰미 너무 오랟똥안 게속뙤어서 학쌩드리 지루애앧따','NONE'),(1681,6,62,'나는 방금 잠옷으로 갈아입었다.','나는 방금 자모스로 가라이벋따','NONE'),(1682,6,27,'대부분의 세상 사람은 남성 아니면 여성으로 구분할 수 있다.','대부부네 세상 사라믄 남성 아니면 여성으로 구부날 수 읻따','NONE'),(1683,6,28,'딸은 어머니의 미모를 그대로 닮아 예쁘장한 얼굴이었다.','따른 어머니에 미모를 그대로 달마 예쁘장안 얼구리얻따','NONE'),(1684,6,27,'내가 이 일의 책임자이다.','내가 이 이리 채김자이다','NONE'),(1685,6,62,'승규는 어깨에 가방을 메고 여행을 나섰다.','승규는 어깨에 가방을 메고 여앵을 나섣따','NONE'),(1686,6,59,'아이는 흙먼지에 더러워진 손을 깨끗하게 씻었다.','아이는 흥먼지에 더러워진 소늘 깨끄타게 씨섣따','NONE'),(1687,6,39,'여름이 지났는데도 날씨가 무척 덥군요.','여르미 지난는데도 날씨가 무척 덕꾼뇨','NONE'),(1688,6,49,'아이는 자기 방에서 가족의 모습을 그리고 있었다.','아이는 자기 방에서 가조게 모스블 그리고 이썯따','NONE'),(1689,6,53,'어머니는 이사 갈 집에 바를 벽지를 흰색으로 고르셨다.','어머니는 이사 갈 지베 바를 벽찌를 힌쌔그로 고르셛따','NONE'),(1690,6,63,'그녀는 길었던 머리카락을 잘라 단발머리를 했다.','그녀는 기럳떤 머리카라글 잘라 담발머리를 핻따','NONE'),(1691,6,36,'민준이는 회사에 들어가더니 전보다 더 부지런해졌다.','민주니는 회사에 드러가더니 점보다 더 부지러내젿따','NONE'),(1692,6,51,'나는 피곤에 못 이겨 깜빡 잠이 들었다.','나는 피고네 몯 이겨 깜빡 자미 드럳따','NONE'),(1693,6,33,'그는 공사장에서 하루 종일 일하고 돈 오만 원을 받았다.','그는 공사장에서 하루 종일 이라고 돈 오만 워늘 바닫따','NONE'),(1694,6,39,'곧 비가 올 것 같은 습한 바람이 분다.','곧 비가 올 걷 가튼 스판 바라미 분다','NONE'),(1695,6,61,'옆집 아들은 부모에게 효도하고, 공부도 잘해서 동네의 자랑이다.','엽찝 아드른 부모에게 효도아고 공부도 자래서 동네에 자랑이다','NONE'),(1696,6,39,'하늘에서는 하얀 눈이 펑펑 내리고 있었다.','하느레서는 하얀 누니 펑펑 내리고 이썯따','NONE'),(1697,6,50,'결혼식이 끝나고 예식장 근처에 있는 식당에서 피로연이 열렸다.','겨론시기 끈나고 예식짱 근처에 인는 식땅에서 피로여니 열렫따','NONE'),(1698,6,30,'나는 어디 가 볼 데가 있다.','나는 어디 가 볼 데가 읻따','NONE'),(1699,6,30,'선생님은 내 만화책을 가리키며 그게 뭐야?라고 물으셨다.','선쌩니믄 내 마놔채글 가리키며 그게 뭐야라고 무르셛따','NONE'),(1700,6,36,'긴 학기가 끝나고 드디어 여름 방학이 시작되었다.','긴 학끼가 끈나고 드디어 여름 방아기 시작뙤얻따','NONE'),(1701,6,41,'나는 시험 때문에 밤새 시험 공부를 했다.','나는 시엄 때무네 밤새 시엄 공부를 핻따','NONE'),(1702,6,36,'남자는 노래 가사를 외울 때까지 몇 번이고 노래를 다시 불렀다.','남자는 노래 가사를 외ㅜㄹ 때까지 멷 버니고 노래를 다시 불럳따','NONE'),(1703,6,30,'그는 그녀가 두고 간 손수건을 손에 꼭 쥐었다.','그는 그녀가 두고 간 손수거늘 소네 꼭 쥐얻따','NONE'),(1704,6,50,'신랑의 친구들은 예식이 끝날 때까지 짓궂게 신랑을 놀렸다.','실랑에 칭구드른 예시기 끈날 때까지 직꾹께 실랑을 놀렫따','NONE'),(1705,6,59,'아버지는 버릴 책을 한데 모아 놓으셨다.','아버지는 버릴 채글 한데 모아 노으셛따','NONE'),(1706,6,36,'너와 내가 만난 지 벌써 십 년이 넘었다.','너와 내가 만난 지 벌써 십 녀니 너먿따','NONE'),(1707,6,47,'지수는 바퀴벌레가 세상에서 제일 싫었다.','지수는 바퀴벌레가 세상에서 제일 시럳따','NONE'),(1708,6,30,'개가 짖는 것을 보니 대문 밖에 누가 왔나 보다.','개가 진는 거슬 보니 대문 바께 누가 완나 보다','NONE'),(1709,6,41,'경제학과를 졸업한 민준이는 전공을 살려서 은행에 취직했다.','경제악꽈를 조러판 민주니는 정공을 살려서 으냉에 취지캗따','NONE'),(1710,6,29,'요즘 아기를 낳지 않는 여성이 늘고 있다.','요즘 아기를 나치 안는 여성이 늘고 읻따','NONE'),(1711,6,33,'오늘은 박물관을 무료로 개방하는 날이다.','오느른 방물과늘 무료로 개방아는 나리다','NONE'),(1712,6,39,'날이 추우니 따뜻하게 입고 나가거라.','나리 추우니 따뜨타게 익꼬 나가거라','NONE'),(1713,6,49,'라디오를 켜자 예전에 즐겨 듣던 노래가 나왔다.','라디오를 켜자 예저네 즐겨 듣떤 노래가 나왇따','NONE'),(1714,6,26,'웃어른께 고개를 숙여 인사를 드린다.','우서릉께 고개를 수겨 인사를 드린다','NONE'),(1715,6,49,'무용수의 춤이 끝나자 여기저기서 박수가 쏟아졌다.','무용수에 추미 끈나자 여기저기서 박쑤가 쏘다젿따','NONE'),(1716,6,41,'새로 오신 국어 선생님의 수업이 재미있다고 소문이 나서 학생들이 열심히 수업을 듣는다. ','새로 오신 구거 선쌩니메 수어비 재미읻따고 소무니 나서 학쌩드리 열시미 수어블 든는다','NONE'),(1717,6,41,'손자는 할아버지께 편하신 시간을 여쭙고 찾아뵈었다.','손자는 하라버지께 펴나신 시가늘 여쭉꼬 차자뵈얻따','NONE'),(1718,6,63,'승규의 지금 모습은 아버지의 젊었을 때의 모습과 꼭 닮아 있다.','승규에 지금 모스븐 아버지에 절머쓸 때에 모슥꽈 꼭 달마 읻따','NONE'),(1719,6,60,'사진첩을 보던 지수가 옛 추억이 떠올랐는지 깔깔대며 즐거워했다.','사진처블 보던 지수가 옏 추어기 떠올란는지 깔깔대며 즐거워앧따','NONE'),(1720,6,27,'선생님을 오랫동안 뵙지 못해 죄송한 마음뿐입니다.','선쌩니믈 오랟똥안 뵙찌 모태 죄송안 마음뿌님니다','NONE'),(1721,6,36,'지금이 몇 시인가요?','지그미 멷 시잉가요','NONE'),(1722,6,37,'오늘은 가장 사랑하는 친구가 결혼하는 날이다.','오느른 가장 사랑아는 칭구가 겨로나는 나리다','NONE'),(1723,6,60,'아기가 배가 고픈지 갑자기 울음을 터뜨렸다.','아기가 배가 고픈지 갑짜기 우르믈 터뜨렫따','NONE'),(1724,6,30,'어머니는 밥상 가운데에 찌개를 올려놓으셨다.','어머니는 밥쌍 가운데에 찌개를 올려노으셛따','NONE'),(1725,6,32,'어디가 아픈지 아이의 울음이 멈추질 않는다.','어디가 아픈지 아이에 우르미 멈추질 안는다','NONE'),(1726,6,33,'물을 많이 주면 오히려 나무가 크지 못한다고 한다.','무를 마니 주면 오이려 나무가 크지 모탄다고 한다','NONE'),(1727,6,37,'요즘 같은 정보화 시대에는 인터넷 없이 하루도 살기 힘들다.','요즘 가튼 정보와 시대에는 인터넫 업씨 하루도 살기 힘들다','NONE'),(1728,6,33,'지수는 어릴 때부터 숫자에 강해 계산을 잘했다.','지수는 어릴 때부터 숟짜에 강애 게사늘 자랟따','NONE'),(1729,6,31,'동생이 나에게 이 물건을 어떻게 다루는 것인지 물어보았다.','동생이 나에게 이 물거늘 어떠케 다루는 거신찌 무러보앋따','NONE'),(1730,6,63,'발표가 하고 싶은 지수는 선생님 앞에서 오른손을 번쩍 치켜들었다.','발표가 하고 시픈 지수는 선쌩님 아페서 오른소늘 번쩍 치켜드럳따','NONE'),(1731,6,58,'선생님 집 거실에는 장식장, 소파 같은 가구가 많이 놓여 있었다.','선쌩님 집 거시레는 장식짱 소파 가튼 가구가 마니 노여 이썯따','NONE'),(1732,6,30,'이것은 내 책이고, 네 옆에 있는 그것이 네 책이다.','이거슨 내 채기고 네 여페 인는 그거시 네 채기다','NONE'),(1733,6,30,'같이 있는 그 사람은 누구입니까?','가치 인는 그 사라믄 누구임니까','NONE'),(1734,6,36,'아침을 거르고 회사에 온 민준이는 점심 먹기만을 기다렸다.','아치믈 거르고 회사에 온 민주니는 점심 먹끼마늘 기다렫따','NONE'),(1735,6,50,'나는 다시 태어나도 그 남자를 사랑할 것이라고 다짐했다.','나는 다시 태어나도 그 남자를 사랑알 거시라고 다지맫따','NONE'),(1736,6,27,'승규는 시간이 지나도 늘 처음처럼 성실한 자세로 열심히 일한다.','승규는 시가니 지나도 늘 처음처럼 성시란 자세로 열시미 이란다','NONE'),(1737,6,43,'김 교수는 갑자기 회의가 생겨 학생들하고 잡은 점심 식사 약속을 취소했다.','김 교수는 갑짜기 회이가 생겨 학쌩드라고 자븐 점심 식싸 약쏘글 취소앧따','NONE'),(1738,6,49,'아이들이 컴퓨터로 온라인 게임을 재미있게 즐겼다.','아이드리 컴퓨터로 올라인 게이믈 재미익께 즐겯따','NONE'),(1739,6,50,'우리 가족은 정월에는 이렇게 함께 모여 윷놀이를 한다.','우리 가조근 정워레는 이러케 항께 모여 윤노리를 한다','NONE'),(1740,6,48,'나는 이번 여름 휴가에는 해외여행을 다녀올 예정이다.','나는 이번 여름 휴가에는 해외여앵을 다녀올 예정이다','NONE'),(1741,6,32,'명절에 고향으로 가는 사람들이 설레는 표정으로 기차에 오르고 있습니다.','명저레 고양으로 가는 사람드리 설레는 표정으로 기차에 오르고 읻씀니다','NONE'),(1742,6,37,'어머니는 매일 밤 달을 보며 소원을 빌었다.','어머니는 매일 밤 다를 보며 소워늘 비럳따','NONE'),(1743,6,36,'직장인인 남자 친구와 나는 퇴근 후 저녁에 데이트를 한다.','직짱이닌 남자 칭구와 나는 퇴근 후 저녀게 데이트를 한다','NONE'),(1744,6,52,'가스 폭발 사고가 일어나서 여러 사람이 다쳤다.','가스 폭빨 사고가 이러나서 여러 사라미 다쳗따','NONE'),(1745,6,60,'시험을 앞두고 불안에 떨고 있는 동생을 격려해 주었다.','시어믈 압뚜고 부라네 떨고 인는 동생을 경녀애 주얻따','NONE'),(1746,6,39,'따뜻한 방바닥에 앉으니 추운 날씨에 차갑게 굳었던 몸이 조금씩 풀렸다.','따뜨탄 방바다게 안즈니 추운 날씨에 차각께 구덛떤 모미 조금씩 풀렫따','NONE'),(1747,6,39,'지금이 삼월인데 아직도 겨울처럼 춥기만 하다. ','지그미 사뭐린데 아직또 겨울처럼 축끼만 하다','NONE'),(1748,6,58,'이 엘리베이터는 짝수 층에만 선다. ','이 엘리베이터는 짝쑤 층에만 선다','NONE'),(1749,6,28,'나에게는 작은아버지 두 분과 고모 한 분이 계시다.','나에게는 자그나버지 두 붕과 고모 한 부니 게시다','NONE'),(1750,6,47,'나는 여행을 가면 관광 명소 앞에서 빠뜨리지 않고 기념사진을 찍는다.','나는 여앵을 가면 광광 명소 아페서 빠뜨리지 앙코 기념사지늘 찡는다','NONE'),(1751,6,46,'승규에게 거짓말을 한 것에 미안을 느낀 지수는 사과의 편지를 써 보냈다.','승규에게 거짐마를 한 거세 미아늘 느낀 지수는 사과에 편지를 써 보낻따','NONE'),(1752,6,54,'책꽂이에는 많은 종류의 책들이 빼곡하게 꽂혀 있었다.','책꼬지에는 마는 종뉴에 책뜨리 빼고카게 꼬쳐 이썯따','NONE'),(1753,6,59,'오염된 더러운 물을 마시면 여러 가지 병에 걸릴 위험이 있다.','오ㅕㅁ된 더러운 무를 마시면 여러 가지 병에 걸릴 위어미 읻따','NONE'),(1754,6,36,'외출했다 돌아오면 우선 손부터 씻어야 한다.','외추랟따 도라오면 우선 솜부터 씨서야 한다','NONE'),(1755,6,46,'선생님은 우리 부모님이 이혼했다는 소문이 정말이냐고 물으셨다.','선쌩니믄 우리 부모니미 이오낻따는 소무니 정마리냐고 무르셛따','NONE'),(1756,6,41,'나는 시험지를 받고 문제들을 쭉 한번 훑어 보았다.','나는 시엄지를 박꼬 문제드를 쭉 함번 훌터 보앋따','NONE'),(1757,6,34,'어머니가 해 준 음식은 맛이 좋다.','어머니가 해 준 음시근 마시 조타','NONE'),(1758,6,27,'너희 세 사람은 지금 당장 교무실에 가 봐라.','너이 세 사라믄 지금 당장 교무시레 가 봐라','NONE'),(1759,6,47,'승규는 산 정상에 올라 ‘야호’ 하고 소리 지르며 산 아래 경치를 내려다보았다.','승규는 산 정상에 올라 야오 하고 소리 지르며 산 아래 경치를 내려다보앋따','NONE'),(1760,6,30,'그는 성격이 다정해서 주변 사람들을 항상 잘 챙긴다.','그는 성겨기 다정애서 주변 사람드를 항상 잘 챙긴다','NONE'),(1761,6,28,'할머니 생신을 맞아 자식들과 손자, 손녀들이 모두 모였다.','할머니 생시늘 마자 자식뜰과 손자 손녀드리 모두 모엳따','NONE'),(1762,6,26,'나는 바쁜 일이 있어 친구들과 밥만 먹고 헤어졌다.','나는 바쁜 이리 이써 칭구들과 밤만 먹꼬 헤어젿따','NONE'),(1763,6,41,'우리 선수들은 경기 규칙에 따라 정정당당하게 경기를 치렀다.','우리 선수드른 경기 규치게 따라 정정당당아게 경기를 치럳따','NONE'),(1764,6,51,'과도한 스트레스는 암의 주요한 원인 중 하나이다.','과도안 스트레스는 아메 주요안 워닌 중 하나이다','NONE'),(1765,6,30,'거기에서 조금만 기다려 주세요.','거기에서 조금만 기다려 주세요','NONE'),(1766,6,28,'오늘은 동생 생일이라 오랜만에 온 식구가 모여서 저녁을 먹었다.','오느른 동생 생이리라 오램마네 온 식꾸가 모여서 저녀글 머걷따','NONE'),(1767,6,26,'사무실로 찾아가 보았지만 김지수 씨는 자리에 없었다.','사무실로 차자가 보앋찌만 김지수 씨는 자리에 업썯따','NONE'),(1768,6,26,'두 사람은 오래된 친구로 삼십 년이 넘는 시간을 함께 보냈다.','두 사라믄 오래된 칭구로 삼십 녀니 넘는 시가늘 항께 보낻따','NONE'),(1769,6,60,'민준이가 아버지를 여읜 슬픔으로 인해 눈물을 흘렸다.','민주니가 아버지를 여인 슬프므로 이내 눔무를 흘렫따','NONE'),(1770,6,28,'우리 어머니는 슬하에 아들 형제만 두어서 딸을 낳고 싶어 하신다.','우리 어머니는 스라에 아들 형제만 두어서 따를 나코 시퍼 하신따','NONE'),(1771,6,49,'지금의 신세대 문화는 기성세대의 문화와 큰 차이를 보인다.','지그메 신세대 무놔는 기성세대에 무놔와 큰 차이를 보인다','NONE'),(1772,6,28,'당신은 누구이기에 내 집 근처에서 어슬렁대는 거요?','당시는 누구이기에 내 집 근처에서 어슬렁대는 거요','NONE'),(1773,6,42,'민준이는 학비를 벌기 위해 편의점에서 아르바이트를 한다.','민주니는 학삐를 벌기 위애 펴니저메서 아르바이트를 한다','NONE'),(1774,6,40,'바쁜 생활이 계속되다 보니 시간이 어떻게 흘러가는지도 모르겠다.','바쁜 생와리 게속뙤다 보니 시가니 어떠케 흘러가는지도 모르겓따','NONE'),(1775,6,30,'눈앞의 이익만 생각하지 말고 멀리 본다면 그 주식은 사면 안 된다.','누나페 이이ㅇ만 생가카지 말고 멀리 본다면 그 주시근 사면 안 된다','NONE'),(1776,6,36,'나는 책장의 책들을 모두 꺼내어 가나다 순서로 정리했다.','나는 책짱에 책뜨를 모두 꺼내어 가나다 순서로 정니앧따','NONE'),(1777,6,48,'오랜만에 공원에 나오니 공기도 상쾌하고 좋다.','오램마네 공워네 나오니 공기도 상쾌아고 조타','NONE'),(1778,6,39,'봄이 되자 사람들은 산으로 들로 꽃구경을 하러 갔다.','보미 되자 사람드른 사느로 들로 꼭꾸경을 하러 갇따','NONE'),(1779,6,41,'외국인을 위한 한국어 사전을 만들기 위해서 외국인이 알아야 할 단어들을 선별했다.','외구기늘 위안 항구거 사저늘 만들기 위애서 외구기니 아라야 할 다너드를 섬벼랟따','NONE'),(1780,6,28,'지수는 시어머니가 친딸처럼 예뻐하는 며느리이다.','지수는 시어머니가 친딸처럼 예뻐아는 며느리이다','NONE'),(1781,6,39,'이른 봄철은 황사가 오는 계절이다.','이른 봄처른 황사가 오는 게저리다','NONE'),(1782,6,28,'부모님이 막내를 늦게 낳으셔서 첫째인 나와 막내인 동생은 무려 스무 살 차이가 난다.','부모니미 망내를 늑께 나으셔서 첟째인 나와 망내인 동생은 무려 스무 살 차이가 난다','NONE'),(1783,6,28,'학교의 많은 아이들 중에 우리 딸이 제일 예뻐 보였다.','학꾜에 마는 아이들 중에 우리 따리 제일 예뻐 보엳따','NONE'),(1784,6,27,'그는 모피 사업을 해서 큰 돈을 벌었다.','그는 모피 사어블 해서 큰 도늘 버럳따','NONE'),(1785,6,47,'이 산은 경치가 빼어나서 언제나 관광객으로 북적인다.','이 사는 경치가 빼어나서 언제나 광광개그로 북쩌긴다','NONE'),(1786,6,33,'나는 서점에서 좋은 책을 싼 가격에 샀다.','나는 서저메서 조은 채글 싼 가겨게 삳따','NONE'),(1787,6,35,'가을이 되자 벼가 누렇게 익어 간다.','가으리 되자 벼가 누러케 이거 간다','NONE'),(1788,6,41,'이 책은 세계의 전쟁 얘기를 상세히 다루고 있다.','이 채근 세게에 전쟁 얘기를 상세이 다루고 읻따','NONE'),(1789,6,30,'학교 근처에는 문구점과 서점이 있습니다.','학꾜 근처에는 뭉구정과 서저미 읻씀니다','NONE'),(1790,6,30,'음식이 보기엔 이렇지만 맛은 정말 괜찮아요.','음시기 보기엔 이러치만 마슨 정말 괜차나요','NONE'),(1791,6,33,'여기가 제가 일하는 곳입니다.','여기가 제가 이라는 고심니다','NONE'),(1792,6,48,'주말은 쉬고 월요일부터 일을 합시다.','주마른 쉬고 워료일부터 이를 합씨다','NONE'),(1793,6,44,'여보세요, 아무도 안 계세요?','여보세요 아무도 안 게세요','NONE'),(1794,6,60,'일에 지친 양 과장은 마음의 편안을 위해서 여행을 계획했다.','이레 지친 양 과장은 마으메 펴나늘 위애서 여앵을 게외캗따','NONE'),(1795,6,27,'지수의 나이는 스물일곱이다.','지수에 나이는 스무릴고비다','NONE'),(1796,6,34,'낮에 음식을 좀 짜게 먹었더니 계속 목이 말랐다.','나제 음시글 좀 짜게 머걷떠니 게속 모기 말랃따','NONE'),(1797,6,44,'나는 오랜만에 걸려 온 친구의 전화가 그리 반갑지만은 않았다.','나는 오램마네 걸려 온 칭구에 저놔가 그리 방갑찌마는 아낟따','NONE'),(1798,6,33,'회사 앞 레스토랑은 분위기도 좋고 음식도 맛있지만 가격이 좀 비싼 편이다.','회사 압 레스토랑은 부뉘기도 조코 음식또 마싣찌만 가겨기 좀 비싼 펴니다','NONE'),(1799,6,33,'이 가방 얼마예요?','이 가방 얼마예요','NONE'),(1800,6,36,'저기 오시는 분이 저희 선생님이십니다.','저기 오시는 부니 저이 선쌩니미심니다','NONE'),(1801,6,33,'나는 마트 안을 돌며 여행갈 때 필요한 생필품들을 골랐다.','나는 마트 아늘 돌며 여앵갈 때 필료안 생필품드를 골랃따','NONE'),(1802,6,26,'민준이는 동창회에서 오랜만에 고등학교 친구들을 만났다.','민주니는 동창외에서 오램마네 고등악꾜 칭구드를 만낟따','NONE'),(1803,6,34,'배가 고픈 아이들은 상에 올라온 떡을 하나씩 집어 먹기 시작했다.','배가 고픈 아이드른 상에 올라온 떠글 하나씩 지버 먹끼 시자캗따','NONE'),(1804,6,30,'그 고기는 겉만 익고 속은 전혀 익지 않아 먹을 수가 없었다.','그 고기는 검만 익꼬 소근 저녀 익찌 아나 머글 수가 업썯따','NONE'),(1805,6,26,'안녕히 가세요.','안녕이 가세요','NONE'),(1806,6,30,'민준이는 바다 쪽을 향해 걸었다.','민주니는 바다 쪼글 향애 거럳따','NONE'),(1807,6,27,'교수가 강의를 마치자 학생들은 강의실을 빠져 나갔다.','교수가 강이를 마치자 학쌩드른 강이시를 빠져 나갇따','NONE'),(1808,6,36,'어젯밤에 내린 눈이 얼어서 출근길이 무척 미끄러웠다.','어젭빠메 내린 누니 어러서 출긍기리 무척 미끄러웓따','NONE'),(1809,6,63,'민준이는 우리 학교에서 제일 멋있는 학생이라 인기가 많다.','민주니는 우리 학꾜에서 제일 머신는 학쌩이라 잉기가 만타','NONE'),(1810,6,39,'올 가을은 유난히 짧아서 여름 다음에 바로 겨울이 오는 것 같았다.','올 가으른 유나니 짤바서 여름 다으메 바로 겨우리 오는 걷 가탇따','NONE'),(1811,6,63,'그는 네모난 모양의 안경을 쓰고 있었다.','그는 네모난 모양에 앙경을 쓰고 이썯따','NONE'),(1812,6,50,'추석이 되면 우리 가족은 둘러앉아 함께 송편을 빚는다.','추서기 되면 우리 가조근 둘러안자 항께 송펴늘 빈는다','NONE'),(1813,6,62,'나는 파티를 위해서 방 안을 화려한 장식으로 꾸며 놓았다.','나는 파티를 위애서 방 아늘 화려안 장시그로 꾸며 노앋따','NONE'),(1814,6,34,'짜고 매운 식사는 건강에 좋지 않다.','짜고 매운 식싸는 겅강에 조치 안타','NONE'),(1815,6,34,'그는 신선한 공기를 마시며 이른 새벽에 집을 나섰다.','그는 신서난 공기를 마시며 이른 새벼게 지블 나섣따','NONE'),(1816,6,28,'우리 형제들은 여름휴가를 부모님이 계시는 시골에서 보낸다.','우리 형제드른 여르뮤가를 부모니미 게시는 시고레서 보낸다','NONE'),(1817,6,49,'그 화가는 주로 꽃을 소재로 한 그림을 많이 그렸다.','그 화가는 주로 꼬츨 소재로 한 그리믈 마니 그렫따','NONE'),(1818,6,39,'오전부터 하늘이 흐리더니 오후 1시쯤 비가 내리기 시작했다.','오점부터 하느리 흐리더니 오우 시쯤 비가 내리기 시자캗따','NONE'),(1819,6,37,'승규는 시험이 며칠부터인지 잊어버려서 친구에게 물어보았다.','승규는 시어미 며칠부터인지 이저버려서 칭구에게 무러보앋따','NONE'),(1820,6,37,'민준은 지난주 주말에 오랜만에 가족들과 외식을 했다.','민주는 지난주 주마레 오램마네 가족뜰과 외시글 핻따','NONE'),(1821,6,36,'할아버지는 아침 일찍 일어나신다.','하라버지는 아침 일찍 이러나신따','NONE'),(1822,6,35,'아버지는 창고에서 톱으로 통나무를 썰고 있었다.','아버지는 창고에서 토브로 통나무를 썰고 이썯따','NONE'),(1823,6,64,'이 액션 영화는 화려한 영상으로 관객들의 시선을 사로잡았다.','이 액쎤 영와는 화려안 영상으로 광객뜨레 시서늘 사로자받따','NONE'),(1824,6,36,'그는 나중에 다시 찾아오겠다고 하고 돌아갔다. ','그는 나중에 다시 차자오겓따고 하고 도라갇따','NONE'),(1825,6,35,'지수는 국수를 그릇에 먹기 좋게 담았다.','지수는 국쑤를 그르세 먹끼 조케 다맏따','NONE'),(1826,6,34,'시체는 벌써 싸늘하게 식어 있었다.','시체는 벌써 싸느라게 시거 이썯따','NONE'),(1827,6,27,'여러분, 고맙습니다.','여러분 고맙씀니다','NONE'),(1828,6,61,'형은 언제나 모든 여학생들에게 친절을 베풀어서 인기가 좋았다.','형은 언제나 모든 여악쌩드레게 친저를 베푸러서 잉기가 조앋따','NONE'),(1829,6,47,'경치 좋은 곳에 가서 자연을 바라보면 기분이 좋아진다.','경치 조은 고세 가서 자여늘 바라보면 기부니 조아진다','NONE'),(1830,6,34,'잘 익지 않은 귤은 너무 시어서 먹기가 힘들다.','잘 익찌 아는 규른 너무 시어서 먹끼가 힘들다','NONE'),(1831,6,34,'지수는 겨자의 톡 쏘는 매운 맛을 좋아한다.','지수는 겨자에 톡 쏘는 매운 마슬 조아안다','NONE'),(1832,6,63,'그녀는 피로를 풀기 위해 발가락 사이사이에 손가락을 끼고 발 마사지를 했다.','그녀는 피로를 풀기 위애 발가락 사이사이에 송가라글 끼고 발 마사지를 핻따','NONE'),(1833,6,63,'자매는 생긴 것도 비슷하고 입은 옷도 비슷했다.','자매는 생긴 걷또 비스타고 이븐 옫또 비스탣따','NONE'),(1834,6,36,'이제부터 제 말을 잘 들어 보세요.','이제부터 제 마를 잘 드러 보세요','NONE'),(1835,6,28,'친구가 올해 아들을 낳았다는 소식을 들었다. ','칭구가 오래 아드를 나앋따는 소시글 드럳따','NONE'),(1836,6,34,'우리는 집에 놀러 온 손님들을 위해 점심으로 맛있는 음식을 대접했다.','우리는 지베 놀러 온 손님드를 위애 점시므로 마신는 음시글 대저팯따','NONE'),(1837,6,36,'어머니는 항상 자식 걱정을 한다.','어머니는 항상 자식 걱쩡을 한다','NONE'),(1838,6,31,'우리는 조심스럽게 외나무다리를 건너갔다.','우리는 조심스럭께 외나무다리를 건너갇따','NONE'),(1839,6,62,'지수는 햇빛도 가릴 겸 해서 노란색의 귀여운 모자를 샀다.','지수는 햅삗또 가릴 겸 해서 노란쌔게 귀여운 모자를 삳따','NONE'),(1840,6,39,'한여름이어서 날씨가 매우 덥다.','한녀르미어서 날씨가 매우 덥따','NONE'),(1841,6,50,'승규는 여자 친구의 생일을 축하해 주려고 케이크와 꽃을 샀다.','승규는 여자 칭구에 생이를 추카애 주려고 케이크와 꼬츨 삳따','NONE'),(1842,6,30,'그가 아무렇게나 쏜 화살은 과녁의 중심을 맞히었다.','그가 아무러케나 쏜 화사른 과녀게 중시믈 마치얻따','NONE'),(1843,6,34,'운동선수 네 명이서 불고기 십 인분을 먹었다.','운동선수 네 명이서 불고기 십 임부늘 머걷따','NONE'),(1844,6,36,'우리 할아버지는 전통적이고 한국적인 것을 좋아하시기 때문에 자주 한복을 입으신다.','우리 하라버지는 전통저기고 항국쩌긴 거슬 조아아시기 때무네 자주 함보글 이브신따','NONE'),(1845,6,35,'나는 농도가 진한 물감에 물을 타서 연하게 만들었다.','나는 농도가 지난 물가메 무를 타서 여나게 만드럳따','NONE'),(1846,6,53,'약을 먹고 나니 신기하게도 기침이 멎었다.','야글 먹꼬 나니 싱끼아게도 기치미 머젇따','NONE'),(1847,6,61,'자는 동생이 깰까 봐 발소리가 나지 않게 조심을 해서 방을 나왔다.','자는 동생이 깰까 봐 발소리가 나지 앙케 조시믈 해서 방을 나왇따','NONE'),(1848,6,45,'삼촌은 자존심이 강해서 누구에게 도움을 받는 것을 싫어한다.','삼초는 자존시미 강애서 누구에게 도우믈 반는 거슬 시러안다','NONE'),(1849,6,47,'남자들은 땅을 파고 죽은 사람을 묻었다.','남자드른 땅을 파고 주근 사라믈 무덛따','NONE'),(1850,6,27,'아버지는 할아버지가 경영하시던 의류 회사를 물려받았다.','아버지는 하라버지가 경녕아시던 의류 회사를 물려바닫따','NONE'),(1851,6,60,'나는 회사 일이 한가할 때에 휴가를 내고 가족들과 여행을 가려고 한다.','나는 회사 이리 항가알 때에 휴가를 내고 가족뜰과 여앵을 가려고 한다','NONE'),(1852,6,27,'사건의 취재를 끝낸 기자는 신문사로 돌아와 기사를 작성하였다.','사거네 취재를 끈낸 기자는 심문사로 도라와 기사를 작썽아엳따','NONE'),(1853,6,26,'선생님은 학생들에게 종이에 부모님의 성함을 적으라고 말했다.','선쌩니믄 학쌩드레게 종이에 부모니메 성아믈 저그라고 마랟따','NONE'),(1854,6,30,'내가 곧 갈 테니 그쪽에 가만히 있어라.','내가 곧 갈 테니 그쪼게 가마니 이써라','NONE'),(1855,6,31,'우리는 강을 건너기 위해 배를 탔다.','우리는 강을 건너기 위애 배를 탇따','NONE'),(1856,6,49,'노래방에 가서 가요를 불렀다.','노래방에 가서 가요를 불럳따','NONE'),(1857,6,41,'수업이 끝난 후 청소 당번은 칠판을 깨끗이 지웠다.','수어비 끈난 후 청소 당버는 칠파늘 깨끄시 지웓따','NONE'),(1858,6,28,'누나는 어린 남동생만 집에 두고 놀러 가는 것이 마음에 걸렸다.','누나는 어린 남동생만 지베 두고 놀러 가는 거시 마으메 걸렫따','NONE'),(1859,6,36,'아이의 부모는 아이가 늘 건강하길 바란다.','아이에 부모는 아이가 늘 겅강아길 바란다','NONE'),(1860,6,36,'방금까지 나랑 놀던 친구가 갑자기 사라졌다.','방긍까지 나랑 놀던 칭구가 갑짜기 사라젿따','NONE'),(1861,6,41,'초등학생 딸은 나팔꽃을 관찰한 내용을 열심히 적어 관찰 기록장을 만들었다.','초등악쌩 따른 나팔꼬츨 관차란 내용을 열시미 저거 관찰 기록짱을 만드럳따','NONE'),(1862,6,34,'끓는 물에 계란을 완전히 익힌 것을 완숙이라고 한다.','끌른 무레 게라늘 완저니 이킨 거슬 완수기라고 한다','NONE'),(1863,6,27,'김 선수는 힘들 때마다 고향을 찾아 따뜻한 마음의 위로를 받곤 한다.','김 선수는 힘들 때마다 고양을 차자 따뜨탄 마으메 위로를 박꼰 한다','NONE'),(1864,6,28,'나는 결혼한 형이 둘이나 있어서 조카가 많다.','나는 겨로난 형이 두리나 이써서 조카가 만타','NONE'),(1865,6,36,'어머니는 이른 새벽부터 내 점심 도시락을 준비하셨다.','어머니는 이른 새벽뿌터 내 점심 도시라글 줌비아셛따','NONE'),(1866,6,27,'네가 뭘 좋아할지 몰라서 이것저것 사 왔어.','네가 뭘 조아알찌 몰라서 이걷쩌걷 사 와써','NONE'),(1867,6,37,'어머니는 집을 나간 아들 걱정으로 매일을 보내고 있다.','어머니는 지블 나간 아들 걱쩡으로 매이를 보내고 읻따','NONE'),(1868,6,39,'푸른 잔디가 깔린 축구장에서 선수들이 축구를 하고 있었다.','푸른 잔디가 깔린 축꾸장에서 선수드리 축꾸를 하고 이썯따','NONE'),(1869,6,35,'콩을 볶을 때는 타지 않게 약한 불에서 볶는다.','콩을 보끌 때는 타지 앙케 야칸 부레서 봉는다','NONE'),(1870,6,39,'남해안에는 태풍이 올라오면서 거센 바람과 함께 큰 파도가 몰려왔다.','나매아네는 태풍이 올라오면서 거센 바랑과 항께 큰 파도가 몰려왇따','NONE'),(1871,6,57,'올림픽 개최 확정 소식에 온 도시가 잔치 분위기이다.','올림픽 개최 확쩡 소시게 온 도시가 잔치 부뉘기이다','NONE'),(1872,6,28,'스무 명 중에서 시험에 합격한 사람은 다섯 명도 채 되지 않았다.','스무 명 중에서 시어메 학껴칸 사라믄 다섣 명도 채 되지 아낟따','NONE'),(1873,6,36,'형은 이 년의 군 복무 기간을 무사히 끝내고 전역하였다.','형은 이 녀네 군 봉무 기가늘 무사이 끈내고 전녀카엳따','NONE'),(1874,6,36,'며칠 후, 우연히 우리는 선생님을 만났다.','며칠 후 우ㅕ니 우리는 선쌩니믈 만낟따','NONE'),(1875,6,27,'사회자의 소개에 이어 유명 가수가 나와 노래를 불렀다.','사외자에 소개에 이ㅓ 유명 가수가 나와 노래를 불럳따','NONE'),(1876,6,34,'국수를 좋아하는 동생은 여름이면 냉면을 즐겨 먹는다.','국쑤를 조아아는 동생은 여르미면 냉며늘 즐겨 멍는다','NONE'),(1877,6,48,'놀이공원은 방학을 맞은 아이들로 붐볐다.','노리공워는 방아글 마즌 아이들로 붐볃따','NONE'),(1878,6,37,'이사하기로 한 날까지는 아직 날짜가 좀 남았다.','이사아기로 한 날까지는 아직 날짜가 좀 나맏따','NONE'),(1879,6,47,'나는 책장을 넘기다가 작년 가을에 주웠던 단풍을 찾았다.','나는 책짱을 넝기다가 장년 가으레 주웓떤 담풍을 차잗따','NONE'),(1880,6,27,'형은 오랜 직장 생활을 그만두고 사업을 시작했다.  ','형은 오랜 직짱 생와를 그만두고 사어블 시자캗따','NONE'),(1881,6,42,'나는 취직 후 받은 첫 월급으로 부모님께 선물을 사 드렸다.','나는 취직 후 바든 첟 월그브로 부모닝께 섬무를 사 드렫따','NONE'),(1882,6,41,'그 나라는 천 년의 역사를 이어 오는 동안 흥망을 거듭해 왔다.','그 나라는 천 녀네 역싸를 이ㅓ 오는 동안 흥망을 거드패 왇따','NONE'),(1883,6,30,'휴지는 이쪽에 있어요.','휴지는 이쪼게 이써요','NONE'),(1884,6,36,'승규는 늦는다고 하니 음식이 식기 전에 우리 먼저 먹자.','승규는 는는다고 하니 음시기 식끼 저네 우리 먼저 먹짜','NONE'),(1885,6,35,'맥주에 소주를 조금 섞어 마셨더니 맥주만 마실 때보다 금방 취했다.','맥쭈에 소주를 조금 서꺼 마셛떠니 맥쭈만 마실 때보다 금방 취앧따','NONE'),(1886,6,62,'이질이 유행을 하여 물을 꼭 끓여 먹어야 한다.','이지리 유앵을 하여 무를 꼭 끄려 머거야 한다','NONE'),(1887,6,36,'어제가 내 생일이었는데 오늘에서야 기억이 났다. ','어제가 내 생이리언는데 오느레서야 기어기 낟따','NONE'),(1888,6,36,'평소에 미리 공부를 해 둔 덕에 이번 시험은 편안한 마음으로 준비할 수 있었다.','평소에 미리 공부를 해 둔 더게 이번 시어믄 펴나난 마으므로 줌비알 수 이썯따','NONE'),(1889,6,36,'이 빵은 방금 구워져 나와 뜨끈뜨끈해서 먹음직스러웠다.','이 빵은 방금 구워져 나와 뜨끈뜨끄내서 머금직쓰러웓따','NONE'),(1890,6,41,'나는 이력서에 내 이름을 한글과 한자로 적었다. ','나는 이력써에 내 이르믈 항글과 한자로 저걷따','NONE'),(1891,6,34,'지수는 조용히 잔을 들어 차를 한 모금 마셨다.','지수는 조용이 자늘 드러 차를 한 모금 마셛따','NONE'),(1892,6,37,'내일이면 학교 친구들과 헤어진다고 생각하니 눈물이 났다.','내이리면 학꾜 칭구들과 헤어진다고 생가카니 눔무리 낟따','NONE'),(1893,6,32,'지수는 자전거 전용 도로를 찾았지만 찾을 수 없었다.','지수는 자정거 전뇽 도로를 차잗찌만 차즐 수 업썯따','NONE'),(1894,6,54,'지수는 주말에도 학교 도서관에서 공부를 한다.','지수는 주마레도 학꾜 도서과네서 공부를 한다','NONE'),(1895,6,39,'무더운 여름이 지나가고 시원한 가을이 돌아왔다.','무더운 여르미 지나가고 시워난 가으리 도라왇따','NONE'),(1896,6,28,'나는 여동생이 하나 있다.','나는 여동생이 하나 읻따','NONE'),(1897,6,42,'민준이는 일 년 동안 받은 월급을 모아 소형차를 장만했다.','민주니는 일 년 동안 바든 월그블 모아 소영차를 장마낻따','NONE'),(1898,6,35,'국에 간장을 너무 많이 넣었는지 국이 짰다.','구게 간장을 너무 마니 너언는지 구기 짣따','NONE'),(1899,6,27,'내가 물에 빠졌을 때 이분이 나를 구해 주셨다.','내가 무레 빠져쓸 때 이부니 나를 구애 주셛따','NONE'),(1900,6,36,'선생님께서 이따가 쉬는 시간에 교무실로 오라고 하셨다.','선쌩닝께서 이따가 쉬는 시가네 교무실로 오라고 하셛따','NONE'),(1901,6,34,'엄마가 한 음식은 싱겁거나 짜서 대체로 맛없는 음식들이었다.','엄마가 한 음시근 싱걱꺼나 짜서 대체로 마섬는 음식뜨리얻따','NONE'),(1902,6,48,'비가 와서 오늘 가기로 한 소풍은 내일로 미뤄졌다.','비가 와서 오늘 가기로 한 소풍은 내일로 미뤄젿따','NONE'),(1903,6,36,'다음 회의는 언제로 할까요?','다음 회이는 언제로 할까요','NONE'),(1904,6,34,'요즘은 건강을 위해 고기보다 야채를 먹으려는 사람들이 많아졌다.','요즈믄 겅강을 위애 고기보다 야채를 머그려는 사람드리 마나젿따','NONE'),(1905,6,41,'지수가 교실에서 가위로 동그라미를 오렸다.','지수가 교시레서 가위로 동그라미를 오렫따','NONE'),(1906,6,49,'선수들은 경기를 앞두고 대기실에서 긴장을 풀고 있었다.','선수드른 경기를 압뚜고 대기시레서 긴장을 풀고 이썯따','NONE'),(1907,6,55,'택시 요금이 만 원이 나왔다.','택씨 요그미 만 워니 나왇따','NONE'),(1908,6,28,'설날 아침 차례를 지내기 위해서 친척들이 모두 모였다.','설랄 아침 차레를 지내기 위애서 친척뜨리 모두 모엳따','NONE'),(1909,6,26,'여덟 시야. 어서 일어나. 지각하겠다.  ','여덜 시야 어서 이러나 지가카겓따','NONE'),(1910,6,41,'나는 책장 높이 꽂힌 책을 꺼내기 위해서 의자를 밟고 올라섰다.','나는 책짱 노피 꼬친 채글 꺼내기 위애서 의자를 박꼬 올라섣따','NONE'),(1911,6,34,'내가 사는 기숙사 식당에서는 아침 식사로 빵과 우유를 준다.','내가 사는 기숙싸 식땅에서는 아침 식싸로 빵과 우ㅠ를 준다','NONE'),(1912,6,47,'아이들은 강에서 헤엄을 치며 즐거워했다.','아이드른 강에서 헤어믈 치며 즐거워앧따','NONE'),(1913,6,36,'화가 나서 동생을 때리려고 하는데 그때에 아버지가 들어오셔서 그만두었다.','화가 나서 동생을 때리려고 하는데 그때에 아버지가 드러오셔서 그만두얻따','NONE'),(1914,6,27,'국경 지역에는 나라를 잃고 떠도는 난민들이 모여들었다.','국꼉 지여게는 나라를 일코 떠도는 남민드리 모여드럳따','NONE'),(1915,6,36,'지금부터 시험을 시작하겠습니다.','지금부터 시어믈 시자카겓씀니다','NONE'),(1916,6,50,'결혼식 날의 신부는 그 누구보다도 아름다웠다.','겨론식 나레 심부는 그 누구보다도 아름다웓따','NONE'),(1917,6,36,'사무실 청소를 마치고 마지막에 나온 사람이 문을 잠갔다','사무실 청소를 마치고 마지마게 나온 사라미 무늘 장갇따','NONE'),(1918,6,49,'아버지는 태어난 지 얼마 안 된 강아지를 집으로 데려오셨다. ','아버지는 태어난 지 얼마 안 된 강아지를 지브로 데려오셛따','NONE'),(1919,6,37,'그저께가 부모님의 결혼기념일이었다.','그저께가 부모니메 겨롱기녀미리얻따','NONE'),(1920,6,27,'병원장은 환자에게 질 높은 의료 서비스를 제공하기 위해 최선을 다했다.','병원장은 환자에게 질 노픈 의료 서비스를 제공아기 위애 최서늘 다앧따','NONE'),(1921,6,41,'이제부터 숙제 검사를 할 테니 모두 숙제를 책상 위에 꺼내세요.','이제부터 숙쩨 검사를 할 테니 모두 숙쩨를 책쌍 위ㅔ 꺼내세요','NONE'),(1922,6,62,'새로 산 구두가 좀 작은지 발이 꽉 껴서 아프다.','새로 산 구두가 좀 자근지 바리 꽉 껴서 아프다','NONE'),(1923,6,58,'새로 이사한 집은 방이 세 개 있는 집이다.','새로 이사안 지븐 방이 세 개 인는 지비다','NONE'),(1924,6,49,'우리는 회식이 끝나고 동료들과 함께 노래방에 가서 노래를 불렀다. ','우리는 회시기 끈나고 동뇨들과 항께 노래방에 가서 노래를 불럳따','NONE'),(1925,6,49,'미끼를 끼운 낚시가 강물 속으로 들어갔다.','미끼를 끼운 낙씨가 강물 소그로 드러갇따','NONE'),(1926,6,34,'커피를 볶는 온도에 따라 커피의 맛이 달라진다.','커피를 봉는 온도에 따라 커피에 마시 달라진다','NONE'),(1927,6,58,'이 교수는 텔레비전에 출연해 행복에 대한 강의를 하였다.','이 교수는 텔레비저네 출려내 행보게 대안 강이를 하엳따','NONE'),(1928,6,27,'두 남녀가 서로 다정하게 팔짱을 끼고 데이트를 한다.','두 남녀가 서로 다정아게 팔짱을 끼고 데이트를 한다','NONE'),(1929,6,36,'삼촌은 인생은 잠깐이라며 후회 없이 살라고 했다.','삼초는 인쌩은 장까니라며 후외 업씨 살라고 핻따','NONE'),(1930,6,36,'지수는 먼저의 면접에서 실패했던 것을 교훈 삼아 다음 면접을 대비하고 있다.','지수는 먼저에 면저베서 실패앧떤 거슬 교운 사마 다음 면저블 대비아고 읻따','NONE'),(1931,6,41,'공항의 세관에서 물품의 내용과 무게에 따라 세금을 물렸다.','공앙에 세과네서 물푸메 내용과 무게에 따라 세그믈 물렫따','NONE'),(1932,6,34,'울던 아기는 엄마가 준 우유를 먹고는 곧 잠이 들었다.','울던 아기는 엄마가 준 우ㅠ를 먹꼬는 곧 자미 드럳따','NONE'),(1933,6,41,'이번 달에는 우리 부서의 근무 성적이 가장 좋다.','이번 다레는 우리 부서에 금무 성저기 가장 조타','NONE'),(1934,6,41,'그 친구는 교실 구석 책상에 앉아서 수업 시간마다 졸았다.','그 칭구는 교실 구석 책쌍에 안자서 수업 시감마다 조랃따','NONE'),(1935,6,35,'푹푹 찌는 여름밤이면 시원한 수박이 생각난다.','푹푹 찌는 여름바미면 시워난 수바기 생강난다','NONE'),(1936,6,41,'이 문장은 몇 개의 단어로 이루어져 있을까요?','이 문장은 멷 개이 다너로 이루어져 이쓸까요','NONE'),(1937,6,49,'나는 직장에서 받은 스트레스를 영화 보는 취미로 풀었다.','나는 직짱에서 바든 스트레스를 영와 보는 취미로 푸럳따','NONE'),(1938,6,36,'그동안 연락이 없어서 궁금했어요.','그동안 열라기 업써서 궁그매써요','NONE'),(1939,6,36,'잠에서 깨어 시계를 보니 네 시 삼십 분이었다.','자메서 깨어 시게를 보니 네 시 삼십 부니얻따','NONE'),(1940,6,32,'서울발 뉴욕행 비행기를 예약하고 싶습니다.','서울발 뉴요캥 비앵기를 예ㅑ카고 십씀니다','NONE'),(1941,6,27,'학교 근방에 도난 사건이 잇따라 일어나 경찰이 수사에 나섰다.','학꾜 금방에 도난 사거니 읻따라 이러나 경차리 수사에 나섣따','NONE'),(1942,6,37,'올해는 다른 어떤 해보다 휴일이 많다.','오래는 다른 어떤 해보다 휴이리 만타','NONE'),(1943,6,34,'나는 밥을 조금 먹는 대신 중간에 간식을 자주 먹는 편이다.','나는 바블 조금 멍는 대신 중가네 간시글 자주 멍는 펴니다','NONE'),(1944,6,41,'사립 학원 재단은 공립 기관에 비해 자율적으로 운영된다.','사립 하권 재다는 공닙 기과네 비애 자율저그로 운녕된다','NONE'),(1945,6,36,'나는 점심 식사를 하고 나서 언제나 커피를 마신다.','나는 점심 식싸를 하고 나서 언제나 커피를 마신따','NONE'),(1946,6,36,'이 도서관은 최근에 지어진 건물이라서 무척 깨끗하다.','이 도서과는 최그네 지어진 검무리라서 무척 깨끄타다','NONE'),(1947,6,47,'언니는 자주 옷 가게에 들러 옷 구경을 한다. ','언니는 자주 옫 가게에 들러 옫 구경을 한다','NONE'),(1948,6,47,'전망대에서 내려다본 서울의 밤 풍경은 화려했다.','점망대에서 내려다본 서우레 밤 풍경은 화려앧따','NONE'),(1949,6,41,'승규는 집안 형편이 어려워 교육을 제대로 받지 못했다.','승규는 지반 형펴니 어려워 교유글 제대로 받찌 모탣따','NONE'),(1950,6,44,'나는 소식이 끊겼던 친구와 만나 그동안의 이야기를 나누었다.','나는 소시기 끙켣떤 칭구와 만나 그동아네 이ㅑ기를 나누얻따','NONE'),(1951,6,34,'갈비는 손으로 들고 먹어야 제맛이 난다. ','갈삐는 소느로 들고 머거야 제마시 난다','NONE'),(1952,6,41,'선생님께서 나한테 숙제를 열심히 했다고 칭찬해 주셨다. ','선쌩닝께서 나안테 숙쩨를 열시미 핻따고 칭차내 주셛따','NONE'),(1953,6,33,'바닥에 떨어져 있는 물건은 다름 아닌 내 시계였다.','바다게 떠러져 인는 물거는 다름 아닌 내 시게엳따','NONE'),(1954,6,59,'어머니는 집안일을 일찍 끝내시고 꽃꽂이를 배우러 다니신다.','어머니는 지바니를 일찍 끈내시고 꼭꼬지를 배우러 다니신따','NONE'),(1955,6,32,'교통이 혼잡할 때는 지하철이 편리하다.','교통이 혼자팔 때는 지아처리 펼리아다','NONE'),(1956,6,30,'이 문제는 방금 풀었던 문제를 반대로 생각해서 풀면 돼.','이 문제는 방금 푸럳떤 문제를 반대로 생가캐서 풀면 돼','NONE'),(1957,6,36,'어머니는 이번이 처음 하는 해외여행이라서 설렌다고 하셨다.','어머니는 이버니 처음 하는 해외여앵이라서 설렌다고 하셛따','NONE'),(1958,6,58,'우리는 이사를 가기 위해 짐을 쌌다.','우리는 이사를 가기 위애 지믈 싿따','NONE'),(1959,6,47,'나는 여름이면 바다에 가서 해수욕을 즐긴다.','나는 여르미면 바다에 가서 해수요글 즐긴다','NONE'),(1960,6,49,'나는 아이에게 좀 더 맛있는 음식을 먹이기 위해 요리를 배우고 있다.','나는 아이에게 좀 더 마신는 음시글 머기기 위애 요리를 배우고 읻따','NONE'),(1961,6,45,'민준이는 작은 일에도 최선을 다해서 선생님께 칭찬을 들었다.','민주니는 자근 이레도 최서늘 다애서 선쌩닝께 칭차늘 드럳따','NONE'),(1962,6,28,'언니는 나보다 세 살이 많았다.','언니는 나보다 세 사리 마낟따','NONE'),(1963,6,28,'아버지는 형, 즉 나한테는 삼촌이 아직까지 결혼하지 않고 계셔 걱정이라고 하셨다. ','아버지는 형 즉 나안테는 삼초니 아직까지 겨로나지 앙코 게셔 걱쩡이라고 하셛따','NONE'),(1964,6,27,'저기 계신 저분이 최근 차기 서울 시장으로 거론되고 있는 분이다.','저기 게신 저부니 최근 차기 서울 시장으로 거론되고 인는 부니다','NONE'),(1965,6,63,'여자는 거울을 보면서 화장을 했다.','여자는 거우를 보면서 화장을 핻따','NONE'),(1966,6,36,'이삿짐도 다 정리가 됐고 이제 귀찮은 일들은 모두 끝났다.','이삳찜도 다 정니가 돽꼬 이제 귀차는 일드른 모두 끈낟따','NONE'),(1967,6,32,'차 안에는 어른 두 명과 아이 두 명이 타고 있었다.','차 아네는 어른 두 명과 아이 두 명이 타고 이썯따','NONE'),(1968,6,58,'그는 나무판자를 세 층으로 포개어 놓고 그 위에 못을 박아 단단히 고정했다.','그는 나무판자를 세 층으로 포개어 노코 그 위ㅔ 모슬 바가 단다니 고정앧따','NONE'),(1969,6,36,'민족의 과거 역사는 후손들에게 오랫동안 기억된다.','민조게 과거 역싸는 후손드레게 오랟똥안 기억뙨다','NONE'),(1970,6,62,'그는 피곤한지 안경을 벗고 눈을 비볐다.','그는 피고난지 앙경을 벅꼬 누늘 비볃따','NONE'),(1971,6,64,'영화는 극장의 대형 스크린으로 봐야 생동감 있고 재미있다.','영와는 극짱에 대영 스크리느로 봐야 생동감 익꼬 재미읻따','NONE'),(1972,6,40,'머리를 깨끗이 감았어요.','머리를 깨끄시 가마써요','NONE'),(1973,6,28,'엄마가 일하시는 동안 나는 외할머니와 이모의 보살핌을 받았다.','엄마가 이라시는 동안 나는 외알머니와 이모에 보살피믈 바닫따','NONE'),(1974,6,30,'지붕을 뚫을 것 같은 세찬 빗소리에 머리 위가 소란스럽다.','지붕을 뚜를 걷 가튼 세찬 빋쏘리에 머리 위가 소란스럽따','NONE'),(1975,6,41,'전사한 군인들을 기리는 추모 글의 내용이 무척 슬펐다. ','전사안 구닌드를 기리는 추모 그레 내용이 무척 슬펃따','NONE'),(1976,6,41,'점프에 실패한 피겨 선수는 좋은 점수를 받지 못했다.','점프에 실패안 피겨 선수는 조은 점수를 받찌 모탣따','NONE'),(1977,6,54,'김 노인은 수년 동안 찾아보는 이 하나 없이 혼자 외롭게 살고 있었다.','김 노이는 수년 동안 차자보는 이 하나 업씨 혼자 외록께 살고 이썯따','NONE'),(1978,6,37,'나는 스무 살 때부터 마흔 살 때까지 이십 년 동안 서울에서 살았다.','나는 스무 살 때부터 마은 살 때까지 이십 년 동안 서우레서 사랃따','NONE'),(1979,6,30,'오랜만에 바깥에 나와 운동을 하니 기분이 한결 상쾌했다.','오램마네 바까테 나와 운동을 하니 기부니 항결 상쾌앧따','NONE'),(1980,6,30,'우리 팀은 캠핑 장소로 넓은 공원으로 위치를 잡았다. ','우리 티믄 캠핑 장소로 널븐 공워느로 위치를 자받따','NONE'),(1981,6,45,'민준이는 돈을 좀 빌려 달라는 승규의 부탁을 냉정하게 거절했다.','민주니는 도늘 좀 빌려 달라는 승규에 부타글 냉정아게 거저랟따','NONE'),(1982,6,58,'키가 작은 유민이는 축제를 보기 위해 계단에 올라가 구경하였다.','키가 자근 유미니는 축쩨를 보기 위애 게다네 올라가 구경아엳따','NONE'),(1983,6,36,'여름은 낮이 길고 밤이 짧은 계절이다.','여르믄 나지 길고 바미 짤븐 게저리다','NONE'),(1984,6,49,'어제 자기 전에 운동을 했더니 깊이 잠이 들었다.','어제 자기 저네 운동을 핻떠니 기피 자미 드럳따','NONE'),(1985,6,59,'나는 먼지가 쌓인 선반을 깨끗이 닦았다. ','나는 먼지가 싸인 섬바늘 깨끄시 다깓따','NONE'),(1986,6,37,'언니는 아이를 가진 지 십 개월 만에 예쁜 딸을 낳았다.','언니는 아이를 가진 지 십 개월 마네 예쁜 따를 나앋따','NONE'),(1987,6,41,'나는 일어나자마자 컴퓨터를 켜고 이메일을 확인했다.','나는 이러나자마자 컴퓨터를 켜고 이메이를 화기낻따','NONE'),(1988,6,32,'승규는 버스를 타고 학교에 다닌다.','승규는 버스를 타고 학꾜에 다닌다','NONE'),(1989,6,49,'방 한쪽 구석에서는 아이들이 인형 놀이를 하고 있었다.','방 한쪽 구서게서는 아이드리 이녕 노리를 하고 이썯따','NONE'),(1990,6,32,'하늘에 비행기 두 대가 날아가고 있다.','하느레 비앵기 두 대가 나라가고 읻따','NONE'),(1991,6,32,'고속 도로에 들어오자 자동차는 속도를 높였다.','고속 도로에 드러오자 자동차는 속또를 노펻따','NONE'),(1992,6,41,'지수는 입학 이후 졸업까지 늘 우수한 학생이었다.','지수는 이팍 이우 조럭까지 늘 우수안 학쌩이얻따','NONE'),(1993,6,52,'나는 계속 배가 아파 병원에 가서 치료를 받았다.','나는 게속 배가 아파 병워네 가서 치료를 바닫따','NONE'),(1994,6,36,'지수는 할머니가 해 주시는 옛날 이야기 듣는 것을 좋아한다.','지수는 할머니가 해 주시는 옌날 이ㅑ기 든는 거슬 조아안다','NONE'),(1995,6,60,'나는 갑자기 찾아온 손님에 깜짝 놀랐다.','나는 갑짜기 차자온 손니메 깜짝 놀랃따','NONE'),(1996,6,41,'나는 옆집에서 들리는 시끄러운 노랫소리 때문에 잠을 설쳤다.','나는 엽찌베서 들리는 시끄러운 노랟쏘리 때무네 자믈 설쳗따','NONE'),(1997,6,41,'남편은 서재에 책상을 두 개나 놓고 있다.','남펴는 서재에 책쌍을 두 개나 노코 읻따','NONE'),(1998,6,47,'인류는 자연을 극복하기 위해 과학 기술을 발전시켜 왔다.','일류는 자여늘 극뽀카기 위애 과악 기수를 발쩐시켜 왇따','NONE'),(1999,6,54,'나는 서점에 가서 책을 한 권 샀다.','나는 서저메 가서 채글 한 권 삳따','NONE'),(2000,6,49,'나는 여행을 가면 기념으로 꼭 사진을 찍는다.','나는 여앵을 가면 기녀므로 꼭 사지늘 찡는다','NONE'),(2001,6,33,'나는 중고품 시장에서 자전거를 아주 싸게 샀다.','나는 중고품 시장에서 자정거를 아주 싸게 삳따','NONE'),(2002,6,62,'나는 귤을 몇 개 집어 비닐 주머니에 넣었다.','나는 규를 멷 개 지버 비닐 주머니에 너얻따','NONE'),(2003,6,36,'병원에는 감기 환자가 많아 오래 기다려야 했다.','병워네는 강기 환자가 마나 오래 기다려야 핻따','NONE'),(2004,6,30,'나한테 줄 것이 정말 이게 다입니까?','나안테 줄 거시 정말 이게 다임니까','NONE'),(2005,6,57,'지수는 선생님 생신에 드릴 선물을 사려고 백화점에 갔다.','지수는 선쌩님 생시네 드릴 섬무를 사려고 배콰저메 갇따','NONE'),(2006,6,52,'남편은 교통사고로 병원에서 입원 치료를 받고 있다.','남펴는 교통사고로 병워네서 이붠 치료를 박꼬 읻따','NONE'),(2007,6,44,'우리는 횡단보도를 건너기 위해 녹색 신호를 기다렸다.','우리는 횡담보도를 건너기 위애 녹쌕 시노를 기다렫따','NONE'),(2008,6,36,'공터였던 곳이 현재는 고층 빌딩들이 들어서 예전의 모습을 찾아보기 힘들다.','공터엳떤 고시 현재는 고층 빌딩드리 드러서 예저네 모스블 차자보기 힘들다','NONE'),(2009,6,41,'학생들은 선생님이 칠판에 쓴 내용을 공책에 적었다.','학쌩드른 선쌩니미 칠파네 쓴 내용을 공채게 저걷따','NONE'),(2010,6,41,'박 선생님은 뛰어난 교수 능력으로 아이들에게 인기가 좋다.','박 선쌩니믄 뛰어난 교수 능녀그로 아이드레게 잉기가 조타','NONE'),(2011,6,63,'어머니는 나와 동생이 다투지 않도록 빵을 똑같이 잘라 주셨다.','어머니는 나와 동생이 다투지 안토록 빵을 똑까치 잘라 주셛따','NONE'),(2012,6,35,'주된 재료가 털실인 스웨터는 따뜻하고 부드러워 즐겨 입는다.','주된 재료가 털시린 스웨터는 따뜨타고 부드러워 즐겨 임는다','NONE'),(2013,6,36,'아이가 밤에 갑자기 아파서 응급실에 데려갔다.','아이가 바메 갑짜기 아파서 응급씨레 데려갇따','NONE'),(2014,6,34,'나는 배가 고파서 삶은 감자 두 알을 간식으로 먹었다. ','나는 배가 고파서 살믄 감자 두 아를 간시그로 머걷따','NONE'),(2015,6,47,'그는 세계 일곱 개 대륙의 가장 높은 산을 등정하기로 결심을 했다.','그는 세게 일곱 개 대류게 가장 노픈 사늘 등정아기로 결시믈 핻따','NONE'),(2016,6,55,'편지 잘 받았습니다.','편지 잘 바닫씀니다','NONE'),(2017,6,41,'스승님이 지금까지 남기신 말씀을 제자들이 정리해 책으로 출판했다.','스승니미 지긍까지 낭기신 말쓰믈 제자드리 정니애 채그로 출파낻따','NONE'),(2018,6,57,'나는 동생이 미국에서 돌아오는 날 공항으로 마중을 나갔다.','나는 동생이 미구게서 도라오는 날 공앙으로 마중을 나갇따','NONE'),(2019,6,30,'이곳은 조용해서 이야기를 나누기에 좋은 장소이다.','이고슨 조용애서 이ㅑ기를 나누기에 조은 장소이다','NONE'),(2020,6,33,'경쟁사에 우리 측 기밀을 넘기면서 거액과 교환을 한 직원이 밝혀졌다.','경쟁사에 우리 측 기미를 넝기면서 거액꽈 교와늘 한 지궈니 발켜젿따','NONE'),(2021,6,49,'여자는 피아노를 치면서 노래를 불렀다.','여자는 피아노를 치면서 노래를 불럳따','NONE'),(2022,6,58,'사무실에 이미 누가 출근해 있는지 문이 열려 있었다.','사무시레 이미 누가 출그내 인는지 무니 열려 이썯따','NONE'),(2023,6,41,'서류에는 사진 두 장이 필요합니다.','서류에는 사진 두 장이 필료암니다','NONE'),(2024,6,36,'현재 개발 중인 상품은 가까운 미래에 시중에서 판매될 것이다.','현재 개발 중인 상푸믄 가까운 미래에 시중에서 팜매될 거시다','NONE'),(2025,6,29,'서울 지방에 폭우가 쏟아져 도시 일대가 물에 잠기는 등 큰 피해를 입었다.','서울 지방에 포구가 쏘다져 도시 일대가 무레 장기는 등 큰 피애를 이벋따','NONE'),(2026,6,26,'휴가를 받은 민준이는 오래간만에 아침에 늦잠을 잤다.','휴가를 바든 민주니는 오래감마네 아치메 늗짜믈 잗따','NONE'),(2027,6,60,'이렇게 지루하고 재미없는 영화는 처음이다.','이러케 지루아고 재미엄는 영와는 처으미다','NONE'),(2028,6,38,'이번 주는 시험 기간이라 나는 무슨 일이 있어도 공부만 할 계획이다.','이번 주는 시엄 기가니라 나는 무슨 이리 이써도 공부만 할 게외기다','NONE'),(2029,6,27,'승규는 아버지 친구분께 직업 소개를 받아서 면접을 보고 취직했다.','승규는 아버지 칭구붕께 지겁 소개를 바다서 면저블 보고 취지캗따','NONE'),(2030,6,46,'산 정상에서 내려다보는 경치는 정말 아름다웠다.','산 정상에서 내려다보는 경치는 정말 아름다웓따','NONE'),(2031,6,27,'우리 아버지의 직업은 회사원이다.','우리 아버지에 지거븐 회사워니다','NONE'),(2032,6,30,'그는 저녁을 먹고 소화를 시키려고 동네를 산책했다.','그는 저녀글 먹꼬 소와를 시키려고 동네를 산채캗따','NONE'),(2033,6,40,'김 과장은 일본과의 계약을 성사시키기 위하여 해외 출장을 떠났다.','김 과장은 일봉과에 게야글 성사시키기 위아여 해외 출장을 떠낟따','NONE'),(2034,6,28,'이제 손녀가 생기셨으니 할아버지가 되셨네요.','이제 손녀가 생기셔쓰니 하라버지가 되션네요','NONE'),(2035,6,57,'우리는 교통사고로 병원에 입원한 친구의 병문안을 갔다.','우리는 교통사고로 병워네 이붜난 칭구에 병무나늘 갇따','NONE'),(2036,6,50,'승규의 아버지께서는 올해 예순 번째 생신을 맞이하셨다.','승규에 아버지께서는 오래 예순 번째 생시늘 마지아셛따','NONE'),(2037,6,49,'노동자의 날을 맞아 전국 노동자 대회가 열렸다.','노동자에 나를 마자 정국 노동자 대외가 열렫따','NONE'),(2038,6,34,'나는 제사가 끝나고 난 뒤에 남은 나물과 찬밥에 고추장과 참기름을 넣어 비빔밥을 만들어 먹었다.','나는 제사가 끈나고 난 뒤에 나믄 나물과 참바베 고추장과 창기르믈 너어 비빔빠블 만드러 머걷따','NONE'),(2039,6,39,'짙은 안개가 서서히 걷히기 시작하였다.','지튼 앙개가 서서이 거치기 시자카엳따','NONE'),(2040,6,30,'인공위성은 지구 주위를 돌며 지구 사진을 찍는다.','잉공위성은 지구 주위를 돌며 지구 사지늘 찡는다','NONE'),(2041,6,33,'알뜰한 지수는 늘 할인 상품만 산다.','알뜨란 지수는 늘 하린 상품만 산다','NONE'),(2042,6,34,'영수는 김치찌개에 라면 사리를 넣어 먹는 걸 좋아한다.','영수는 김치찌개에 라면 사리를 너어 멍는 걸 조아안다','NONE'),(2043,6,34,'제과점은 여러 가지 과자와 빵들로 가득했다.','제과저믄 여러 가지 과자와 빵들로 가드캗따','NONE'),(2044,6,41,'나는 교사로서 학생들과 교감하기 위해 항상 노력해 왔다.','나는 교사로서 학쌩들과 교가마기 위애 항상 노려캐 왇따','NONE'),(2045,6,34,'어머니는 묵은 김치로 맛있는 찌개를 끓여 주셨다.','어머니는 무근 김치로 마신는 찌개를 끄려 주셛따','NONE'),(2046,6,62,'아버지는 바쁘다며 구두를 대충 구겨 신고는 서둘러 집을 나섰다.','아버지는 바쁘다며 구두를 대충 구겨 싱꼬는 서둘러 지블 나섣따','NONE'),(2047,6,44,'영화에서는 각 장면들의 자연스러운 연결이 중요하다.','영와에서는 각 장면드레 자연스러운 영겨리 중뇨아다','NONE'),(2048,6,58,'회사가 망할 경우 그 회사의 주식은 휴지 조각으로 전락한다.','회사가 망알 경우 그 회사에 주시근 휴지 조가그로 절라칸다','NONE'),(2049,6,34,'찬물에 세수를 하니 정신이 번쩍 들었다.','참무레 세수를 하니 정시니 번쩍 드럳따','NONE'),(2050,6,34,'나는 체하지 않게 밥을 천천히 꼭꼭 씹어 먹었다.','나는 체아지 앙케 바블 천처니 꼭꼭 씨버 머걷따','NONE'),(2051,6,36,'승규는 오늘 오전 수업만 있는 날이라 일찍 집에 갔다.','승규는 오늘 오전 수엄만 인는 나리라 일찍 지베 갇따','NONE'),(2052,6,63,'나는 오른손보다 왼손이 더 예쁘다. ','나는 오른솜보다 왼소니 더 예쁘다','NONE'),(2053,6,30,'나의 남자 친구는 외모는 저러나 마음은 여리고 순진하다. ','나이 남자 칭구는 외모는 저러나 마으믄 여리고 순지나다','NONE'),(2054,6,49,'나는 오디오에서 흘러나오는 음악에 맞추어 노래를 흥얼거렸다.','나는 오디오에서 흘러나오는 으마게 맏추어 노래를 흥얼거렫따','NONE'),(2055,6,58,'나는 화장실 변기 위에 십 분간 앉아서 일을 보았다.','나는 화장실 병기 위ㅔ 십 붕간 안자서 이를 보앋따','NONE'),(2056,6,33,'사랑방은 아버지를 찾아온 손님으로 항상 북적거렸다.','사랑방은 아버지를 차자온 손니므로 항상 북쩍꺼렫따','NONE'),(2057,6,27,'애인과 이별한 친구는 한동안 많이 힘들어했다.','애이ㅇ과 이벼란 칭구는 한동안 마니 힘드러앧따','NONE'),(2058,6,58,'어머니는 밥상을 들고 부엌에서 나오셨다.','어머니는 밥쌍을 들고 부어케서 나오셛따','NONE'),(2059,6,58,'옷장을 정리하면서 잘 안 입는 옷들은 전부 버렸다.','옫짱을 정니아면서 잘 안 임는 옫뜨른 점부 버렫따','NONE'),(2060,6,32,'신호등을 지키지 않으면 사고의 위험이 커집니다.','시노등을 지키지 아느면 사고에 위어미 커짐니다','NONE'),(2061,6,34,'동생은 늘 반만 익힌 달걀을 즐겨 먹는다.','동생은 늘 밤만 이킨 달갸를 즐겨 멍는다','NONE'),(2062,6,41,'여학생 기숙사에는 남학생은 들어갈 수 없다.','여악쌩 기숙싸에는 나막쌩은 드러갈 수 업따','NONE'),(2063,6,47,'지수는 외국에서 오래 살아서 한국어가 서툴다.','지수는 외구게서 오래 사라서 항구거가 서툴다','NONE'),(2064,6,26,'고향을 떠난 후로 오랫동안 고향 친구들을 못 만났다.','고양을 떠난 후로 오랟똥안 고양 칭구드를 몯 만낟따','NONE'),(2065,6,30,'시골에만 있다가 도시로 나가 보니 사람도 많고 길도 매우 복잡했다.','시고레만 읻따가 도시로 나가 보니 사람도 망코 길도 매우 복짜팯따','NONE'),(2066,6,49,'학예 발표회에서 우리 반은 부채춤을 추기로 되어 있다.','하계 발표외에서 우리 바는 부채추믈 추기로 되어 읻따','NONE'),(2067,6,47,'관광을 위해 서울을 찾는 외국인이 점차 증가하고 있다.','광광을 위애 서우를 찬는 외구기니 점차 증가아고 읻따','NONE'),(2068,6,41,'승규는 고등학교를 수석으로 졸업하고 의대에 입학했다.','승규는 고등악꾜를 수서그로 조러파고 의대에 이파캗따','NONE'),(2069,6,62,'너무 추워서인지 지수의 입술 색깔이 파랗게 변했다.','너무 추워서인지 지수에 입쑬 색까리 파라케 벼낻따','NONE'),(2070,6,30,'파란 치마 옆에 있는 저거 좀 보여 주세요.','파란 치마 여페 인는 저거 좀 보여 주세요','NONE'),(2071,6,39,'그 애는 항상 손발이 얼음장처럼 찼다.','그 애는 항상 솜바리 어름장처럼 찯따','NONE'),(2072,6,41,'나는 계약에 필요한 서류를 챙겨서 부동산으로 갔다.','나는 게야게 필료안 서류를 챙겨서 부동사느로 갇따','NONE'),(2073,6,26,'언니네 부부는 느지막이 아이를 얻어서 많은 사람들에게 축하를 받았다.','언니네 부부는 느지마기 아이를 어더서 마는 사람드레게 추카를 바닫따','NONE'),(2074,6,33,'나는 선배에게 공짜로 점심을 얻어먹어 돈을 아꼈다.','나는 섬배에게 공짜로 점시믈 어더머거 도늘 아껻따','NONE'),(2075,6,58,'아버지는 거실 벽에 새 그림을 걸으셨다.','아버지는 거실 벼게 새 그리믈 거르셛따','NONE'),(2076,6,36,'한숨 자고 나니 아까보다는 기분이 훨씬 좋아졌다.','한숨 자고 나니 아까보다는 기부니 훨씬 조아젿따','NONE'),(2077,6,32,'엄마는 시장에 갈 때 자전거를 타고 다니신다.','엄마는 시장에 갈 때 자정거를 타고 다니신따','NONE'),(2078,6,62,'갑자기 소나기를 만난 지수는 우산을 사러 가게로 뛰어갔다.','갑짜기 소나기를 만난 지수는 우사늘 사러 가게로 뛰어갇따','NONE'),(2079,6,62,'지수는 손목에 고급 시계를 차고 있었다.','지수는 솜모게 고급 시게를 차고 이썯따','NONE'),(2080,6,30,'저기 보이는 분수 옆 벤치에서 나는 청혼을 받았다. ','저기 보이는 분수 엽 벤치에서 나는 청오늘 바닫따','NONE'),(2081,6,55,'인터넷으로 주문한 상품이 삼 일만에 택배로 도착하였다.','인터네스로 주무난 상푸미 삼 일마네 택빼로 도차카엳따','NONE'),(2082,6,49,'외국에서도 태권도를 배우는 사람들이 꾸준히 늘고 있다.','외구게서도 태권도를 배우는 사람드리 꾸주니 늘고 읻따','NONE'),(2083,6,44,'이후에 전달할 내용이 있으면 제게 연락을 주십시오.','이우에 전다랄 내용이 이쓰면 제게 열라글 주십씨오','NONE'),(2084,6,34,'우리 아이는 소고기 김밥을 좋아한다.','우리 아이는 소고기 김빠블 조아안다','NONE'),(2085,6,29,'중국은 북경을 서울로 한다.','중구근 북꼉을 서울로 한다','NONE'),(2086,6,54,'청중들은 김 교수의 강연에 조용히 집중했다.','청중드른 김 교수에 강녀네 조용이 집쭝앧따','NONE'),(2087,6,48,'이 도서관은 공휴일에 문을 열지 않는다.','이 도서과는 공유이레 무늘 열지 안는다','NONE'),(2088,6,49,'나는 취미 활동으로 테니스를 즐긴다.','나는 취미 활동으로 테니스를 즐긴다','NONE'),(2089,6,33,'우리 회사는 컴퓨터와 관련된 여러 가지 상품을 만들어 판다.','우리 회사는 컴퓨터와 괄련된 여러 가지 상푸믈 만드러 판다','NONE'),(2090,6,30,'아이는 집과는 정반대 방향으로 뛰어갔다.','아이는 직꽈는 정반대 방양으로 뛰어갇따','NONE'),(2091,6,41,'지수는 대학을 졸업하고 독일의 대학원으로 유학을 갔다.','지수는 대아글 조러파고 도기레 대아궈느로 유아글 갇따','NONE'),(2092,6,30,'이틀 동안 잠을 못 잤는데 이런 상태로 운전해도 될까?','이틀 동안 자믈 몯 잔는데 이런 상태로 운저내도 될까','NONE'),(2093,6,62,'엄마는 시장에 가서 집에서 편히 입을 수 있는 옷을 한 벌 샀다.','엄마는 시장에 가서 지베서 펴니 이블 수 인는 오슬 한 벌 삳따','NONE'),(2094,6,44,'너는 내가 몇 번이나 불렀는데 왜 대답을 안 해?','너는 내가 멷 버니나 불런는데 왜 대다블 안 해','NONE'),(2095,6,49,'나는 아침 운동 겸 공원에서 달리기를 했다.','나는 아침 운동 겸 공워네서 달리기를 핻따','NONE'),(2096,6,39,'내일 아침 최저 기온은 영하 5도일 것으로 예상됩니다.','내일 아침 최저 기오는 영아 도일 거스로 예상됨니다','NONE'),(2097,6,43,'삼 일간의 제주도 여행을 앞두고 나는 여행사에 전화를 걸어 예약을 재확인했다.','삼 일가네 제주도 여앵을 압뚜고 나는 여앵사에 저놔를 거러 예ㅑ글 재와기낻따','NONE'),(2098,6,54,'1호 로켓이 발사되고 이제 곧 2호 로켓이 발사될 예정이다.','호 로케시 발사되고 이제 곧 호 로케시 발사될 예정이다','NONE'),(2099,6,41,'오월에는 많은 대학교에서 축제가 열린다. ','오ㅝ레는 마는 대악꾜에서 축쩨가 열린다','NONE'),(2100,6,41,'승규는 공책에 연필로 무엇인가를 끼적거리고 있었다.','승규는 공채게 염필로 무어싱까를 끼적꺼리고 이썯따','NONE'),(2101,6,34,'뚝배기에 끓인 김치찌개가 먹음직스럽다.','뚝빼기에 끄린 김치찌개가 머금직쓰럽따','NONE'),(2102,6,34,'한국인들은 생일날이면 미역국을 먹는 풍습이 있다.','항구긴드른 생일라리면 미역꾸글 멍는 풍스비 읻따','NONE'),(2103,6,41,'선생님은 학생들의 질문에 친절하게 대답해 주었다.','선쌩니믄 학쌩드레 질무네 친저라게 대다패 주얻따','NONE'),(2104,6,34,'승규는 과자를 좋아해서 매일 간식으로 사 먹는다.','승규는 과자를 조아애서 매일 간시그로 사 멍는다','NONE'),(2105,6,41,'공부를 잘하는 동생은 학교에서 주는 상이란 상은 모조리 타 왔다.','공부를 자라는 동생은 학꾜에서 주는 상이란 상은 모조리 타 왇따','NONE'),(2106,6,39,'더위를 많이 타는 승규는 제법 선선한 날씨에도 선풍기를 틀어 놓는다.','더위를 마니 타는 승규는 제법 선서난 날씨에도 섬풍기를 트러 논는다','NONE'),(2107,6,41,'나는 미국에 갔을 때 영어를 잘 못해서 고생한 경험이 있다.','나는 미구게 가쓸 때 영어를 잘 모태서 고생안 경어미 읻따','NONE'),(2108,6,46,'나는 큰돈을 빌려 달라는 친한 친구의 부탁을 냉정하게 거절을 했다.','나는 큰도늘 빌려 달라는 치난 칭구에 부타글 냉정아게 거저를 핻따','NONE'),(2109,6,49,'등산을 할 때에는 산에 쓰레기를 버리지 말아야 한다.','등사늘 할 때에는 사네 쓰레기를 버리지 마라야 한다','NONE'),(2110,6,35,'승규는 햄버거에 콜라와 튀긴 감자를 곁들여 먹었다.','승규는 햄버거에 콜라와 튀긴 감자를 겯뜰려 머걷따','NONE'),(2111,6,49,'사람도 생물학적으로는 동물에 속한다.','사람도 생무락쩌그로는 동무레 소칸다','NONE'),(2112,6,58,'할머니는 전기 요금이 많이 나올까 봐 에어컨을 켜지 않으신다.','할머니는 정기 요그미 마니 나올까 봐 에ㅓ커늘 켜지 아느신따','NONE'),(2113,6,33,'나는 과수원의 나무에서 갓 따 낸 신선한 과일을 먹었다.','나는 과수워네 나무에서 갇 따 낸 신서난 과이를 머걷따','NONE'),(2114,6,49,'아이들이 놀이터에서 공을 던지고 받으면서 놀고 있다.','아이드리 노리터에서 공을 던지고 바드면서 놀고 읻따','NONE'),(2115,6,41,'여공들은 공장 기숙사에서 생활하며 열심히 일을 하였다.','여공드른 공장 기숙싸에서 생와라며 열시미 이를 하엳따','NONE'),(2116,6,37,'오늘이 이십구 일이니 모레면 벌써 이달 말일이다.','오느리 이식꾸 이리니 모레면 벌써 이달 마리리다','NONE'),(2117,6,36,'남편은 잦은 출장으로 집에 없기 때문에 얼굴을 볼 수 있는 것도 잠시뿐이다.','남펴는 자즌 출장으로 지베 억끼 때무네 얼구를 볼 수 인는 걷또 잠시뿌니다','NONE'),(2118,6,41,'체육 시간이 되자 아이들이 운동장으로 우르르 몰려나왔다.','체육 시가니 되자 아이드리 운동장으로 우르르 몰려나왇따','NONE'),(2119,6,58,'나는 칠 층짜리 건물의 지하에 살고 있다.','나는 칠 층짜리 검무레 지아에 살고 읻따','NONE'),(2120,6,32,'졸음으로 인한 교통사고의 발생률이 높아지고 있다.','조르므로 이난 교통사고에 발쌩뉴리 노파지고 읻따','NONE'),(2121,6,35,'나는 커피에 설탕을 많이 타서 달게 먹는다.','나는 커피에 설탕을 마니 타서 달게 멍는다','NONE'),(2122,6,34,'할아버지는 빨갛게 익은 감을 직접 따서 우리에게 주셨다.','하라버지는 빨가케 이근 가믈 직쩝 따서 우리에게 주셛따','NONE'),(2123,6,34,'승규는 손이 미끄러져 들고 있던 접시를 깨뜨렸다.','승규는 소니 미끄러져 들고 읻떤 접씨를 깨뜨렫따','NONE'),(2124,6,30,'지수는 얼굴이 작고 키가 큰 그런 남자를 좋아한다.','지수는 얼구리 작꼬 키가 큰 그런 남자를 조아안다','NONE'),(2125,6,41,'나는 연필로 쓴 편지가 마음에 들지 않아 지우개로 모두 지운 다음에 펜으로 편지를 다시 썼다.','나는 염필로 쓴 편지가 마으메 들지 아나 지우개로 모두 지운 다으메 페느로 편지를 다시 썯따','NONE'),(2126,6,31,'오후 네 시쯤 도착 예정인 비행기는 한 편밖에 없었다.','오우 네 시쯤 도착 예정인 비앵기는 한 폄바께 업썯따','NONE'),(2127,6,34,'손님이 올 테니 차를 준비해라.','손니미 올 테니 차를 줌비애라','NONE'),(2128,6,31,'이 횡단보도의 신호등은 보행 신호가 너무 짧다.','이 횡담보도에 시노등은 보앵 시노가 너무 짤따','NONE'),(2129,6,36,'이번처럼 자살 사건이 동시에 여러 건 발생하는 경우는 드물다.','이번처럼 자살 사거니 동시에 여러 건 발쌩아는 경우는 드물다','NONE'),(2130,6,59,'각종 쓰레기 때문에 환경 문제가 심각하다.','각쫑 쓰레기 때무네 황경 문제가 싱가카다','NONE'),(2131,6,32,'태풍이 심해 이틀째 배가 뜨지 못하고 있다.','태풍이 시매 이틀째 배가 뜨지 모타고 읻따','NONE'),(2132,6,39,'목욕물의 온도가 너무 높아 화상을 입을 뻔했다.','모굥무레 온도가 너무 노파 화상을 이블 뻐낻따','NONE'),(2133,6,47,'나는 남편과 바닷가를 거닐며 이야기를 나누었다.','나는 남평과 바닥까를 거닐며 이ㅑ기를 나누얻따','NONE'),(2134,6,30,'무대의 왼쪽에는 커다란 나무가 한 그루 서 있었다.','무대에 왼쪼게는 커다란 나무가 한 그루 서 이썯따','NONE'),(2135,6,33,'승규는 용돈으로 매주 삼만 원씩 받는다.','승규는 용도느로 매주 삼만 원씩 반는다','NONE'),(2136,6,32,'아버지는 기차 시간에 늦지 않기 위해 역에 삼십 분 일찍 도착하셨다.','아버지는 기차 시가네 늗찌 앙키 위애 여게 삼십 분 일찍 도차카셛따','NONE'),(2137,6,30,'저쪽에 있는 집이 보이니?','저쪼게 인는 지비 보이니','NONE'),(2138,6,30,'한 가수가 아름다운 조명 아래에 서서 노래를 부르고 있었다.','한 가수가 아름다운 조명 아래에 서서 노래를 부르고 이썯따','NONE'),(2139,6,39,'계속되는 장마에 비 피해가 커지고 있다.','게속뙤는 장마에 비 피애가 커지고 읻따','NONE'),(2140,6,58,'우리는 명절을 맞이하여 선생님 댁을 방문했다.','우리는 명저를 마지아여 선쌩님 대글 방무낻따','NONE'),(2141,6,59,'나는 밥을 먹고 난 후 설거지를 하는 게 싫어서 배달 음식을 자주 시켜 먹는다.','나는 바블 먹꼬 난 후 설거지를 하는 게 시러서 배달 음시글 자주 시켜 멍는다','NONE'),(2142,6,41,'이번 학기는 논문을 쓰느라고 정신없이 지나갔다.','이번 학끼는 놈무늘 쓰느라고 정시넙씨 지나갇따','NONE'),(2143,6,44,'교황은 성탄절을 맞아 전 세계인에게 성탄 축하 메시지를 전달했다.','교왕은 성탄저를 마자 전 세게이네게 성탄 추카 메시지를 전다랟따','NONE'),(2144,6,58,'아이는 엄마가 부르는 소리를 듣고 장난을 치려고 침대 밑에 숨었다.','아이는 엄마가 부르는 소리를 득꼬 장나늘 치려고 침대 미테 수먿따','NONE'),(2145,6,57,'나는 할머니가 보고 싶어 무작정 할머니 댁에 찾아갔다.','나는 할머니가 보고 시퍼 무작쩡 할머니 대게 차자갇따','NONE'),(2146,6,35,'유민이는 팬에 기름을 두르고 고기를 볶았다.','유미니는 패네 기르믈 두르고 고기를 보깓따','NONE'),(2147,6,41,'해외에서 학위를 딴 유학생들이 국내 학계에 대거 유입되었다.','해외에서 하귀를 딴 유악쌩드리 궁내 학께에 대거 유이ㅂ뙤얻따','NONE'),(2148,6,31,'이 강은 다리를 건너야만 건너편에 갈 수 있다.','이 강은 다리를 건너야만 건너펴네 갈 수 읻따','NONE'),(2149,6,60,'주차 공간의 부족으로 주민들의 불편이 이만저만이 아니다.','주차 공가네 부조그로 주민드레 불펴니 이만저마니 아니다','NONE'),(2150,6,37,'나는 부모님께 새해 인사를 드렸다.','나는 부모닝께 새애 인사를 드렫따','NONE'),(2151,6,41,'선생님은 한 학생에게 영어 교과서를 큰 소리로 읽게 하셨다.','선쌩니믄 한 학쌩에게 영어 교과서를 큰 소리로 일께 하셛따','NONE'),(2152,6,37,'김 대리의 사월 영업 실적은 지난달에 비해 떨어졌다.','김 대리에 사월 영업 실저근 지난다레 비애 떠러젿따','NONE'),(2153,6,49,'북한의 예술에 대해 배우는 수업 시간에 학생들은 북한의 기예에 대해 배웠다.','부카네 예수레 대애 배우는 수업 시가네 학쌩드른 부카네 기예에 대애 배웓따','NONE'),(2154,6,41,'아이가 벽에 볼펜으로 낙서를 한 것이 지워지지 않아서 지저분하다.','아이가 벼게 볼페느로 낙써를 한 거시 지워지지 아나서 지저부나다','NONE'),(2155,6,36,'젊었을 때 아저씨는 이후의 삶을 대비하지 않고 그저 흥청망청 살았다.','절머쓸 때 아저씨는 이우에 살믈 대비아지 앙코 그저 흥청망청 사랃따','NONE'),(2156,6,47,'우리는 회의장에서 가장 가까운 호텔에서 자기로 했다.','우리는 회이장에서 가장 가까운 호테레서 자기로 핻따','NONE'),(2157,6,34,'가끔씩 학창 시절 자주 사 먹었던 떡볶이가 먹고 싶다.','가끔씩 학창 시절 자주 사 머걷떤 떡뽀끼가 먹꼬 십따','NONE'),(2158,6,34,'김치를 담그려고 야채 가게에서 배추와 무를 사 왔다.','김치를 당그려고 야채 가게에서 배추와 무를 사 왇따','NONE'),(2159,6,41,'유민이는 올해 대학원에 입학하여 석사 과정을 시작했다. ','유미니는 오래 대아궈네 이파카여 석싸 과정을 시자캗따','NONE'),(2160,6,47,'지수는 나중에 결혼을 하면 유럽으로 신혼여행을 가고 싶다고 말했다.','지수는 나중에 겨로늘 하면 유러브로 시논녀앵을 가고 십따고 마랟따','NONE'),(2161,6,36,'조선 초에는 나라의 기틀을 잡기 위한 왕들의 노력이 이어졌다.','조선 초에는 나라에 기트를 작끼 위안 왕드레 노려기 이ㅓ젿따','NONE'),(2162,6,34,'엄마는 옥상에 작은 밭을 만들어 직접 채소를 가꾸신다.','엄마는 옥쌍에 자근 바틀 만드러 직쩝 채소를 가꾸신따','NONE'),(2163,6,57,'나는 새로 이사한 집으로 회사 동료들을 초대해서 집들이를 했다.','나는 새로 이사안 지브로 회사 동뇨드를 초대애서 집뜨리를 핻따','NONE'),(2164,6,37,'지수는 어머니의 입원 소식을 듣자마자 그날 바로 고향으로 내려갔다.','지수는 어머니에 이붠 소시글 듣짜마자 그날 바로 고양으로 내려갇따','NONE'),(2165,6,47,'동생이 길을 가다 돌에 걸려 넘어졌다.','동생이 기를 가다 도레 걸려 너머젿따','NONE'),(2166,6,48,'오늘 본 연극은 매우 감동적이었다.','오늘 본 영그근 매우 감동저기얻따','NONE'),(2167,6,58,'아버지는 분수도 만들고 곳곳에 꽃을 심어 정원을 꾸몄다.','아버지는 분수도 만들고 곡꼬세 꼬츨 시머 정워늘 꾸멷따','NONE'),(2168,6,59,'엄마는 먼지에 민감한 아버지 때문에 바닥 청소에 특별히 신경을 쓰신다.','엄마는 먼지에 밍가만 아버지 때무네 바닥 청소에 특뼈리 싱꼉을 쓰신따','NONE'),(2169,6,34,'이렇게 더운 날에는 막걸리 한 사발을 들이켜는 게 최고다.','이러케 더운 나레는 막껄리 한 사바를 드리켜는 게 최고다','NONE'),(2170,6,62,'우리는 신발을 손에 든 채 흙을 밟으며 걸었다.','우리는 심바를 소네 든 채 흘글 발브며 거럳따','NONE'),(2171,6,41,'나는 아슬아슬하게 아홉 시 정각에 도착해 간신히 지각을 면했다.','나는 아스라스라게 아옵 시 정가게 도차캐 간시니 지가글 며낻따','NONE'),(2172,6,33,'나는 집으로 가는 길에 백화점에 들러 가방을 하나 샀다.','나는 지브로 가는 기레 배콰저메 들러 가방을 하나 삳따','NONE'),(2173,6,63,'지수가 바른 화장품은 색이 지수의 얼굴에 어울리지 않는다. ','지수가 바른 화장푸믄 새기 지수에 얼구레 어ㅜㄹ리지 안는다','NONE'),(2174,6,59,'지저분한 방을 본 언니가 나에게 정리를 시켰다.','지저부난 방을 본 언니가 나에게 정니를 시켣따','NONE'),(2175,6,63,'가을이 되자 빨간 단풍나무는 온 산을 붉게 물들였다.','가으리 되자 빨간 담풍나무는 온 사늘 불께 물들렫따','NONE'),(2176,6,49,'아빠는 야구 중계를 보느라고 텔레비전을 독차지하셨다.','아빠는 야구 중게를 보느라고 텔레비저늘 독차지아셛따','NONE'),(2177,6,62,'그 가수의 창법은 기교가 너무 많아 지나치게 멋을 부렸다는 느낌이 든다.','그 가수에 창버븐 기교가 너무 마나 지나치게 머슬 부렫따는 느끼미 든다','NONE'),(2178,6,30,'강한 바람에 날아온 물건이 내 얼굴 옆으로 휙 하고 스쳐 지나갔다.','강안 바라메 나라온 물거니 내 얼굴 여프로 휙 하고 스쳐 지나갇따','NONE'),(2179,6,36,'지금은 사막인 이곳도 이전에는 초원이었다고 전해진다.','지그믄 사마긴 이곧또 이저네는 초워니얻따고 저내진다','NONE'),(2180,6,48,'연말이 되면 각종 콘서트가 곳곳에서 열린다.','염마리 되면 각쫑 콘서트가 곡꼬세서 열린다','NONE'),(2181,6,30,'우리 내일은 시내에 가서 같이 저녁 먹자.','우리 내이른 시내에 가서 가치 저녁 먹짜','NONE'),(2182,6,49,'나는 아침에 일찍 일어나서 혼자서 산책을 하는 것이 취미이다.','나는 아치메 일찍 이러나서 혼자서 산채글 하는 거시 취미이다','NONE'),(2183,6,62,'우리는 우정의 증표로 똑같은 모양의 반지를 나누어 꼈다.','우리는 우정에 증표로 똑까튼 모양에 반지를 나누어 껻따','NONE'),(2184,6,44,'승규는 시골에 계신 할머니께 편지를 쓰고 일주일 내내 답장을 기다렸다.','승규는 시고레 게신 할머니께 편지를 쓰고 일주일 내내 답짱을 기다렫따','NONE'),(2185,6,36,'왕조 말이 되면 사회가 혼란에 빠지고 규범과 질서가 해이해진다.','왕조 마리 되면 사외가 홀라네 빠지고 규벙과 질서가 해이애진다','NONE'),(2186,6,34,'수족관의 물고기들의 입에서는 계속 물방울들이 뽀글거리며 올라왔다.','수족꽈네 물꼬기드레 이베서는 게속 물방울드리 뽀글거리며 올라왇따','NONE'),(2187,6,59,'나는 빨래를 마친 후 설거지와 방청소를 했다.','나는 빨래를 마친 후 설거지와 방청소를 핻따','NONE'),(2188,6,52,'주사가 아픈지 아기는 크게 울음을 터뜨렸다.','주사가 아픈지 아기는 크게 우르믈 터뜨렫따','NONE'),(2189,6,48,'지수는 역사에 관심이 많아 여행할 때는 꼭 그 지역의 박물관을 구경한다.','지수는 역싸에 관시미 마나 여앵알 때는 꼭 그 지여게 방물과늘 구경안다','NONE'),(2190,6,62,'지수는 화려한 목걸이와 큼직한 반지, 커다란 귀걸이 등으로 자신을 치장했다.','지수는 화려안 목꺼리와 큼지칸 반지 커다란 귀거리 등으로 자시늘 치장앧따','NONE'),(2191,6,34,'여기, 불고기 삼 인분만 주세요.','여기 불고기 삼 임붐만 주세요','NONE'),(2192,6,34,'심한 가뭄으로 마을은 음료수 한 방울 구하기도 어려웠다.','시만 가무므로 마으른 음뇨수 한 방울 구아기도 어려웓따','NONE'),(2193,6,30,'그곳은 위험하니 들어가지 마십시오.','그고슨 위어마니 드러가지 마십씨오','NONE'),(2194,6,41,'나는 대학원 졸업까지 두 학기가 남았다.','나는 대아권 조럭까지 두 학끼가 나맏따','NONE'),(2195,6,32,'학교에서 지하철 역까지는 걸어서 5분 정도이다. ','학꾜에서 지아철 역까지는 거러서 분 정도이다','NONE'),(2196,6,34,'오늘 저녁 반찬은 신선한 생선을 넣고 끓인 얼큰한 매운탕이다.','오늘 저녁 반차는 신서난 생서늘 너코 끄린 얼크난 매운탕이다','NONE'),(2197,6,32,'미국행 비행기가 공항에서 이륙하고 있다.','미구캥 비앵기가 공앙에서 이류카고 읻따','NONE'),(2198,6,58,'마당에서 뛰어노는 아이들의 모습이 사랑스럽다.','마당에서 뛰어노는 아이드레 모스비 사랑스럽따','NONE'),(2199,6,34,'유민은 몇 가지 반찬과 국 한 그릇으로 저녁 식사를 한 후 산책을 나갔다.','유미는 멷 가지 반창과 국 한 그르스로 저녁 식싸를 한 후 산채글 나갇따','NONE'),(2200,6,41,'할머니는 글자를 모르셔서 내가 편지를 보내도 읽지 못하신다.','할머니는 글자를 모르셔서 내가 편지를 보내도 익찌 모타신따','NONE'),(2201,6,37,'올해 입학시험은 작년보다 어려울 것이라고 한다.','오래 이팍씨어믄 장념보다 어려울 거시라고 한다','NONE'),(2202,6,63,'그는 키가 백구십 센티미터가 넘는 장신이었다.','그는 키가 백꾸십 센티미터가 넘는 장시니얻따','NONE'),(2203,6,57,'동생은 친구의 생일잔치에 초대를 받아서 선물을 준비해 갔다.','동생은 칭구에 생일잔치에 초대를 바다서 섬무를 줌비애 갇따','NONE'),(2204,6,34,'할머니께서는 직접 콩을 갈아서 두부를 만드셨다.','할머니께서는 직쩝 콩을 가라서 두부를 만드셛따','NONE'),(2205,6,49,'인터넷이 급속히 발달한 오늘날에도 학습의 대부분은 독서를 통해 이루어진다.','인터네시 급쏘키 발다란 오늘라레도 학쓰베 대부부는 독써를 통애 이루어진다','NONE'),(2206,6,49,'지역 축구 본선이 있는 날 아침부터 축구 팬들이 경기장을 가득 채웠다.','지역 축꾸 본서니 인는 날 아침부터 축꾸 팬드리 경기장을 가득 채웓따','NONE'),(2207,6,62,'지수가 꽃으로 목걸이를 만들어서 엄마의 목에 걸어 주었다.','지수가 꼬츠로 목꺼리를 만드러서 엄마에 모게 거러 주얻따','NONE'),(2208,6,62,'나는 지갑에서 돈을 꺼내 물건값을 냈다.','나는 지가베서 도늘 꺼내 물겅갑쓸 낻따','NONE'),(2209,6,41,'엄마는 문화 센터 꽃꽂이 반에 다니고 있다.','엄마는 무놔 센터 꼭꼬지 바네 다니고 읻따','NONE'),(2210,6,34,'나는 엄마가 해 주시는 두부 반찬을 제일 좋아한다.','나는 엄마가 해 주시는 두부 반차늘 제일 조아안다','NONE'),(2211,6,41,'학자들에 따르면 두 살부터 사춘기까지가 인간 언어 발달의 결정적 시기라고 한다.','학짜드레 따르면 두 살부터 사충기까지가 잉간 어너 발다레 결정적 시기라고 한다','NONE'),(2212,6,64,'아름다움과 뛰어난 연기력을 모두 갖춘 배우들은 많은 팬을 몰고 다닌다.','아름다웅과 뛰어난 영기려글 모두 갇춘 배우드른 마는 패늘 몰고 다닌다','NONE'),(2213,6,44,'연락처를 알려 드릴 테니 필요하실 때 연락 주세요.','열락처를 알려 드릴 테니 필료아실 때 열락 주세요','NONE'),(2214,6,58,'그녀는 남편이 벗어 놓은 양복 재킷을 옷걸이에 걸어 정리했다.','그녀는 남펴니 버서 노은 양복 재키슬 옥꺼리에 거러 정니앧따','NONE'),(2215,6,38,'어느새 주말이 지나고 월요일이 돌아왔다.','어느새 주마리 지나고 워료이리 도라왇따','NONE'),(2216,6,37,'민준이는 연말에 동창들과 모여 송년회를 열었다.','민주니는 염마레 동창들과 모여 송녀뇌를 여럳따','NONE'),(2217,6,49,'승규는 기타로 여러 가지 곡들을 연주할 수 있다.','승규는 기타로 여러 가지 곡뜨를 연주알 수 읻따','NONE'),(2218,6,38,'새 프로그램은 매주 목요일 저녁 일곱 시에 방영될 예정이다.','새 프로그래믄 매주 모교일 저녁 일곱 시에 방녕될 예정이다','NONE'),(2219,6,33,'아내는 장을 볼 때 영수증을 꼼꼼히 챙기곤 한다.','아내는 장을 볼 때 영수증을 꽁꼬미 챙기곤 한다','NONE'),(2220,6,36,'이번에 새로 당선된 대통령은 전 대통령들을 모두 초대해 식사를 대접하였다.','이버네 새로 당선된 대통녕은 전 대통녕드를 모두 초대애 식싸를 대저파엳따','NONE'),(2221,6,58,'단독 주택에 살던 나는 지난달에 십오 층 아파트로 이사했다.','단독 주태게 살던 나는 지난다레 시보 층 아파트로 이사앧따','NONE'),(2222,6,47,'지수는 부모님이 그리워 해외에서 잠시 귀국해 한국에 머물고 있다.','지수는 부모니미 그리워 해외에서 잠시 귀구캐 항구게 머물고 읻따','NONE'),(2223,6,41,'내 부름에도 지수는 답도 없이 멍하니 앉아 있었다.','내 부르메도 지수는 답또 업씨 멍아니 안자 이썯따','NONE'),(2224,6,29,'월급을 제대로 받지 못한 회사 직원들은 사장에게 항의했지만 아무런 답이 없었다.','월그블 제대로 받찌 모탄 회사 지권드른 사장에게 항이아얻찌만 아무런 다비 업썯따','NONE'),(2225,6,41,'우리는 선생님께서 불러 주시는 말을 반듯한 글씨로 받아 적었다.','우리는 선쌩닝께서 불러 주시는 마를 반드탄 글씨로 바다 저걷따','NONE'),(2226,6,30,'북반구에서는 북쪽 지역으로 갈수록 추워진다.','북빵구에서는 북쪽 지여그로 갈쑤록 추워진다','NONE'),(2227,6,37,'지수는 관리비로 월 평균 십만 원 정도를 납부한다.','지수는 괄리비로 월 평균 심만 원 정도를 납뿌안다','NONE'),(2228,6,41,'지수의 노트에는 깨끗하게 정리된 수학 공식이 가득 차 있었다.','지수에 노트에는 깨끄타게 정니된 수악 공시기 가득 차 이썯따','NONE'),(2229,6,49,'그 가수는 노래를 못 하지만 얼굴이 예쁘고 춤을 잘 춰서 비디오에 강하다.','그 가수는 노래를 몯 하지만 얼구리 예쁘고 추믈 잘 춰서 비디오에 강아다','NONE'),(2230,6,33,'생선 가게 주인은 손님을 쳐다보았다.','생선 가게 주이는 손니믈 쳐다보앋따','NONE'),(2231,6,41,'선생님은 소풍 가는 날 아침 아홉 시까지 학교 정문 앞에 아이들을 모이게 했다.','선쌩니믄 소풍 가는 날 아침 아옵 시까지 학꾜 정문 아페 아이드를 모이게 핻따','NONE'),(2232,6,32,'나는 현금보다는 편리한 카드 이용을 더 선호한다.','나는 형금보다는 펼리안 카드 이ㅛㅇ을 더 서노안다','NONE'),(2233,6,34,'그는 커피는 건강에 해롭다며 종업원에게 오렌지 주스 한 잔을 주문했다.','그는 커피는 겅강에 해롭따며 종어붜네게 오렌지 주스 한 자늘 주무낻따','NONE'),(2234,6,30,'나는 도시를 떠나 조용하고 한적한 시골에 내려가서 잠시 쉬고 싶었다.','나는 도시를 떠나 조용아고 한저칸 시고레 내려가서 잠시 쉬고 시펃따','NONE'),(2235,6,33,'나는 식당 종업원을 불러서 음식을 주문했다.','나는 식땅 종어붜늘 불러서 음시글 주무낻따','NONE'),(2236,6,64,'나는 인터넷으로 영화 표를 두 장 예매했다.','나는 인터네스로 영와 표를 두 장 예매앧따','NONE'),(2237,6,58,'거실에는 소파와 탁자가 놓여 있었다.','거시레는 소파와 탁짜가 노여 이썯따','NONE'),(2238,6,58,'창문을 열자 방 안으로 밝은 햇빛과 시원한 바람이 쏟아져 들어왔다.','창무늘 열자 방 아느로 발근 햅삑꽈 시워난 바라미 쏘다져 드러왇따','NONE'),(2239,6,36,'선생님은 항상 지금 빨리 오라고 하신다.','선쌩니믄 항상 지금 빨리 오라고 하신따','NONE'),(2240,6,41,'지수는 몸이 아파서 학교에 결석을 했다.','지수는 모미 아파서 학꾜에 결서글 핻따','NONE'),(2241,6,28,'연세가 많으신 분들은 건강에 유의해야 합니다.','연세가 마느신 분드른 겅강에 유이아어야 함니다','NONE'),(2242,6,36,'보고서를 한 시간 동안 60자 정도 썼다는 것은 거의 일 분에 한 자를 쓴 셈이다.','보고서를 한 시간 동안 자 정도 썯따는 거슨 거이 일 부네 한 자를 쓴 세미다','NONE'),(2243,6,41,'선생님께서는 질문에 대해 자세히 설명을 해 주셨다.','선쌩닝께서는 질무네 대애 자세이 설명을 해 주셛따','NONE'),(2244,6,62,'동생에게 크리스마스 선물로 장갑과 목도리를 떠 주었다.','동생에게 크리스마스 섬물로 장각꽈 목또리를 떠 주얻따','NONE'),(2245,6,34,'어머니는 부엌에서 찌개를 끓이고 계신다.','어머니는 부어케서 찌개를 끄리고 게신따','NONE'),(2246,6,35,'식당 주인은 손님 앞에 물병과 컵을 놔 주고 메뉴판을 내밀었다.','식땅 주이는 손님 아페 물병과 커블 놔 주고 메뉴파늘 내미럳따','NONE'),(2247,6,29,'나는 전입 신고를 마치고 새 주소를 갖게 되었다.','나는 저닙 싱꼬를 마치고 새 주소를 각께 되얻따','NONE'),(2248,6,30,'마당 여기저기에 빗물이 고여 있었다.','마당 여기저기에 빔무리 고여 이썯따','NONE'),(2249,6,27,'김치는 우리나라 고유의 음식이다.','김치는 우리나라 고유에 음시기다','NONE'),(2250,6,34,'동생은 쓴 약을 먹은 후 초콜릿을 얼른 입에 넣었다.','동생은 쓴 야글 머근 후 초콜리슬 얼른 이베 너얻따','NONE'),(2251,6,47,'왕실의 결혼식에 세계 각국의 유명 인사들이 초대되었다.','왕시레 겨론시게 세게 각꾸게 유명 인사드리 초대되얻따','NONE'),(2252,6,34,'우리는 딸기 밭에 가서 빨갛게 잘 익은 딸기를 땄다.','우리는 딸기 바테 가서 빨가케 잘 이근 딸기를 딷따','NONE'),(2253,6,58,'그는 열쇠를 꺼내 잠긴 방문을 열었다.','그는 열쇠를 꺼내 장긴 방무늘 여럳따','NONE'),(2254,6,34,'아이는 동물원의 원숭이에게 바나나를 던져 주었다.','아이는 동무뤄네 원숭이에게 바나나를 던져 주얻따','NONE'),(2255,6,34,'그 중식 식당은 음식이 맛있다고 소문이 나서 항상 배달 주문이 많다.','그 중식 식땅은 음시기 마딛따고 소무니 나서 항상 배달 주무니 만타','NONE'),(2256,6,33,'학생들은 원하는 수업을 들을 수 있는 선택의 자유가 있다. ','학쌩드른 워나는 수어블 드를 수 인는 선태게 자유가 읻따','NONE'),(2257,6,36,'승규는 서울에 간 김에 삼촌 댁에 잠깐 들렀다.','승규는 서우레 간 기메 삼촌 대게 장깐 들럳따','NONE'),(2258,6,30,'화장실은 계단의 오른쪽에 있습니다.','화장시른 게다네 오른쪼게 읻씀니다','NONE'),(2259,6,29,'우리 마을은 웬만한 지도에는 표시도 되지 않는 작은 마을이다.','우리 마으른 웸마난 지도에는 표시도 되지 안는 자근 마으리다','NONE'),(2260,6,57,'승규의 영어 선생님은 매주 두 번 집으로 방문을 한다.','승규에 영어 선쌩니믄 매주 두 번 지브로 방무늘 한다','NONE'),(2261,6,30,'승규가 나와 지수의 중간을 비집고 들어와 앉았다.','승규가 나와 지수에 중가늘 비직꼬 드러와 안잗따','NONE'),(2262,6,47,'지수는 관광 지도에서 갈 만한 곳을 찾아보았다.','지수는 광광 지도에서 갈 마난 고슬 차자보앋따','NONE'),(2263,6,38,'지난 휴일에 나는 친구들을 만나서 놀았다.','지난 휴이레 나는 칭구드를 만나서 노랃따','NONE'),(2264,6,64,'그는 여자 친구와 데이트를 하려고 주말에 볼 영화를 예매를 해 두었다.','그는 여자 칭구와 데이트를 하려고 주마레 볼 영와를 예매를 해 두얻따','NONE'),(2265,6,58,'지수는 세수를 하고 수건으로 얼굴을 닦으며 방으로 들어왔다.','지수는 세수를 하고 수거느로 얼구를 다끄며 방으로 드러왇따','NONE'),(2266,6,62,'날씨가 추워져서 사람들이 목도리로 얼굴을 감싸고 다닌다.','날씨가 추워져서 사람드리 목또리로 얼구를 감싸고 다닌다','NONE'),(2267,6,55,'유민이는 우편배달부에게 받은 소포를 뜯어 보았다.','유미니는 우폄배달부에게 바든 소포를 뜨더 보앋따','NONE'),(2268,6,49,'보통 키가 큰 사람들이 농구를 할 때 유리하다.','보통 키가 큰 사람드리 농구를 할 때 유리아다','NONE'),(2269,6,49,'우리는 우리가 자주 듣는 라디오에 사연을 보냈다.','우리는 우리가 자주 든는 라디오에 사여늘 보낻따','NONE'),(2270,6,35,'아이들은 숟가락을 들고 열심히 밥을 떠먹고 있었다.','아이드른 숙까라글 들고 열시미 바블 떠먹꼬 이썯따','NONE'),(2271,6,58,'민준은 달력을 보면서 어머니의 음력 생신이 언제인지 계산하였다.','민주는 달려글 보면서 어머니에 음녁 생시니 언제인지 게사나엳따','NONE'),(2272,6,30,'그늘 아래에서 아이스크림을 먹고 있는 저 아이가 내 딸이다.','그늘 아래에서 아이스크리믈 먹꼬 인는 저 아이가 내 따리다','NONE'),(2273,6,32,'기차의 출발 시각이 다가오자 사람들은 서둘러 기차에 타기 시작했다.','기차에 출발 시가기 다가오자 사람드른 서둘러 기차에 타기 시자캗따','NONE'),(2274,6,36,'내가 좋아하는 작가의 이번 신작은 지난번 작품들과는 분위기가 많이 달라졌다.','내가 조아아는 작까에 이번 신짜근 지남번 작품들과는 부뉘기가 마니 달라젿따','NONE'),(2275,6,41,'그는 명문 대학을 나온 것을 항상 자랑스럽게 생각한다.','그는 명문 대아글 나온 거슬 항상 자랑스럭께 생가칸다','NONE'),(2276,6,34,'나는 아삭하고 시원한 오이를 절여 여러 가지 반찬으로 만들었다.','나는 아사카고 시워난 오이를 절려 여러 가지 반차느로 만드럳따','NONE'),(2277,6,41,'아이는 종이에 그림을 그렸다.','아이는 종이에 그리믈 그렫따','NONE'),(2278,6,37,'태아는 엄마 뱃속에서 열 달 동안 자란다.','태아는 엄마 밷쏘게서 열 달 동안 자란다','NONE'),(2279,6,49,'역사 소설은 실제 역사와 다른 점이 많다.','역싸 소서른 실제 역싸와 다른 저미 만타','NONE'),(2280,6,32,'택시 기사가 길을 잘못 찾아서 요금이 많이 나왔다.','택씨 기사가 기를 잘몯 차자서 요그미 마니 나왇따','NONE'),(2281,6,35,'어머니는 마루에 앉아 칼로 채소를 다듬고 계셨다.','어머니는 마루에 안자 칼로 채소를 다등고 게셛따','NONE'),(2282,6,41,'나를 지도해 주신 김 부장님은 나에게 선배이자 스승이다.','나를 지도애 주신 김 부장니믄 나에게 섬배이자 스승이다','NONE'),(2283,6,34,'나는 여자 친구에게 내가 직접 만든 생크림 케이크를 선물했다.','나는 여자 칭구에게 내가 직쩝 만든 생크림 케이크를 섬무랟따','NONE'),(2284,6,34,'우리는 나무 그늘 아래에서 아이스크림을 먹으며 더위를 식혔다.','우리는 나무 그늘 아래에서 아이스크리믈 머그며 더위를 시켣따','NONE'),(2285,6,41,'지난 학년 때 배웠던 내용을 잘 정리하고 새 학년을 맞이해야 한다.','지난 항년 때 배웓떤 내용을 잘 정니아고 새 항녀늘 마지애야 한다','NONE'),(2286,6,41,'사무실 동료끼리 서로 존중하고 배려하는 태도가 필요하다. ','사무실 동뇨끼리 서로 존중아고 배려아는 태도가 필료아다','NONE'),(2287,6,32,'백화점은 지하도를 건너서 오른쪽으로 가면 있다.','배콰저믄 지아도를 건너서 오른쪼그로 가면 읻따','NONE'),(2288,6,30,'십대 청소년들은 저들만의 새로운 언어를 만들어 비밀처럼 사용한다.','십때 청소년드른 저들마네 새로운 어너를 만드러 비밀처럼 사용안다','NONE'),(2289,6,59,'어머니는 속옷을 따로 모아 손으로 빠신다.','어머니는 소고슬 따로 모아 소느로 빠신따','NONE'),(2290,6,32,'커다란 다리들이 한강을 가로지르고 있다.','커다란 다리드리 항강을 가로지르고 읻따','NONE'),(2291,6,37,'학회는 금요일과 토요일 이틀에 걸쳐서 개최되었다.','하쾨는 그묘일과 토요일 이트레 걸쳐서 개최되얻따','NONE'),(2292,6,58,'우리 가족은 오랜만에 한 식탁에 앉아 모두 식사를 하였다.','우리 가조근 오램마네 한 식타게 안자 모두 식싸를 하엳따','NONE'),(2293,6,32,'운전 중에는 안전을 위해 전화 통화를 자제해야 한다.','운전 중에는 안저늘 위애 저놔 통와를 자제애야 한다','NONE'),(2294,6,63,'지수는 다이어트를 한다면서 평소보다 적은 양의 음식을 먹었다.','지수는 다이어트를 한다면서 평소보다 저근 양이 음시글 머걷따','NONE'),(2295,6,30,'학부모들은 교실 뒤쪽에 서서 수업을 참관했다.','학뿌모드른 교실 뒤쪼게 서서 수어블 창과낻따','NONE'),(2296,6,34,'승규는 집에 오자마자 젓가락을 들고 식탁에 앉았다.','승규는 지베 오자마자 적까라글 들고 식타게 안잗따','NONE'),(2297,6,27,'요즘은 연예인이 되고 싶어 하는 학생들이 많다.','요즈믄 연녜이니 되고 시퍼 하는 학쌩드리 만타','NONE'),(2298,6,35,'어머니는 소금으로 간을 맞추고 요리를 하셨다.','어머니는 소그므로 가늘 맏추고 요리를 하셛따','NONE'),(2299,6,33,'아이가 자판기의 음료수를 뽑아 먹으려고 투입구에 동전을 넣었다.','아이가 자팡기에 음뇨수를 뽀바 머그려고 투익꾸에 동저늘 너얻따','NONE'),(2300,6,34,'아내는 방금 만든 노릇노릇한 튀김을 반찬으로 내왔다.','아내는 방금 만든 노른노르탄 튀기믈 반차느로 내왇따','NONE'),(2301,6,58,'남자는 냉장고 문을 열고 얼음 몇 조각을 꺼내 씹어 먹었다.','남자는 냉장고 무늘 열고 어름 멷 조가글 꺼내 씨버 머걷따','NONE'),(2302,6,37,'회의는 일주일에 한 번, 월요일에 있다.','회이는 일주이레 한 번 워료이레 읻따','NONE'),(2303,6,33,'학생들은 학교 앞 서점에서 참고서를 사 가지고 등교하였다.','학쌩드른 학꾜 압 서저메서 창고서를 사 가지고 등교아엳따','NONE'),(2304,6,49,'딸아이는 가수들이 텔레비전에 나와 춤추는 것을 보고 무작정 따라 했다.','따라이는 가수드리 텔레비저네 나와 춤추는 거슬 보고 무작쩡 따라 핻따','NONE'),(2305,6,64,'영화관의 스크린이 너무 작아서 나는 영화를 제대로 볼 수 없었다.','영와과네 스크리니 너무 자가서 나는 영와를 제대로 볼 수 업썯따','NONE'),(2306,6,37,'오늘 해야 할 일들이 많아 그는 야근을 한다.','오늘 해야 할 일드리 마나 그는 야그늘 한다','NONE'),(2307,6,47,'이곳은 휴양 시설이 잘 갖춰져 있어 사람들이 신혼여행으로 많이 찾는 관광지이다.','이고슨 휴양 시서리 잘 갇춰져 이써 사람드리 시논녀앵으로 마니 찬는 광광지이다','NONE'),(2308,6,35,'공부를 하다 출출해진 승규는 야식으로 냄비에 라면을 끓여 먹었다.','공부를 하다 출추래진 승규는 야시그로 냄비에 라며늘 끄려 머걷따','NONE'),(2309,6,27,'공원 입구에는 초상화를 그려 주는 화가들이 앉아 있었다.','공원 익꾸에는 초상와를 그려 주는 화가드리 안자 이썯따','NONE'),(2310,6,32,'나는 멀미가 심한 편이라 되도록 고속버스는 피하려고 노력한다.','나는 멀미가 시만 펴니라 되도록 고속뻐스는 피아려고 노려칸다','NONE'),(2311,6,62,'선수들이 입고 있는 얇은 티셔츠는 금세 땀으로 젖었다.','선수드리 익꼬 인는 얄븐 티셔츠는 금세 따므로 저젇따','NONE'),(2312,6,62,'어머니는 결혼식에 입고 가시려고 한복을 맞추셨다.','어머니는 겨론시게 익꼬 가시려고 함보글 맏추셛따','NONE'),(2313,6,48,'경치 좋고 공기 맑은 그곳엔 새로 지은 교회 한 채가 있었다.','경치 조코 공기 말근 그고센 새로 지은 교외 한 채가 이썯따','NONE'),(2314,6,41,'우리 학교는 남학생 수가 여학생 수보다 많다.','우리 학꾜는 나막쌩 수가 여악쌩 수보다 만타','NONE'),(2315,6,32,'그는 신호등에 녹색 불이 켜지자 황급히 횡단보도를 건넜다.','그는 시노등에 녹쌕 부리 켜지자 황그피 횡담보도를 건넏따','NONE'),(2316,6,52,'암 환자인 지수는 오랜 입원 생활에 지쳐 있었다.','암 환자인 지수는 오랜 이붠 생와레 지쳐 이썯따','NONE'),(2317,6,37,'오늘은 도저히 일을 다 끝낼 수 없으니 내일 마저 하겠습니다.','오느른 도저이 이를 다 끈낼 수 업쓰니 내일 마저 하겓씀니다','NONE'),(2318,6,49,'이 식당은 텔레비전 방송에서 소개된 이후 장사가 더 잘되고 있다.','이 식땅은 텔레비전 방송에서 소개된 이우 장사가 더 잘되고 읻따','NONE'),(2319,6,39,'봄부터 겨울까지 사계절의 변화가 일어나는 현상은 지구의 공전과 관련되어 있다.','봄부터 겨울까지 사게저레 벼놔가 이러나는 현상은 지구이 공정과 괄련되어 읻따','NONE'),(2320,6,41,'김 과장은 후배보다 승진이 뒤떨어져 자존심이 상했다.','김 과장은 후배보다 승지니 뒤떠러져 자존시미 상앧따','NONE'),(2321,6,62,'키가 컸는지 작년에 입던 바지의 밑단이 종아리까지 올라왔다.','키가 컨는지 장녀네 입떤 바지에 믿따니 종아리까지 올라왇따','NONE'),(2322,6,53,'지수는 기침이 너무 심해서 감기약을 사 먹었다.','지수는 기치미 너무 시매서 강기야글 사 머걷따','NONE'),(2323,6,58,'나는 여행을 가려고 비누, 치약, 칫솔, 수건 같은 세면도구를 챙겼다.','나는 여앵을 가려고 비누 치약 칟쏠 수건 가튼 세면도구를 챙겯따','NONE'),(2324,6,34,'그는 자기 갈비탕에 갈비가 얼마 안 들어 있다며 투덜거렸다.','그는 자기 갈삐탕에 갈삐가 얼마 안 드러 읻따며 투덜거렫따','NONE'),(2325,6,37,'일에 일을 더하면 이가 된다.','이레 이를 더아면 이가 된다','NONE'),(2326,6,30,'“저것이 무슨 나무인지 알겠어?” 친구는 멀리 보이는 나무 하나를 가리켰다.','저거시 무슨 나무인지 알게써 칭구는 멀리 보이는 나무 하나를 가리켣따','NONE'),(2327,6,57,'그녀는 회사 간부들이 모인 파티에서 최대한 우아하고 기품 있게 보이고 싶었다.','그녀는 회사 감부드리 모인 파티에서 최대안 우ㅏ아고 기품 익께 보이고 시펃따','NONE'),(2328,6,62,'김 대리는 바쁜 출근길에 차 안에서 허겁지겁 넥타이를 맸다.','김 대리는 바쁜 출긍기레 차 아네서 허겁찌겁 넥타이를 맫따','NONE'),(2329,6,34,'나는 같은 돼지고기 요리 중 기름에 바삭하게 튀겨 낸 돈가스를 더 좋아한다.','나는 가튼 돼지고기 요리 중 기르메 바사카게 튀겨 낸 동가스를 더 조아안다','NONE'),(2330,6,41,'나는 가정 형편이 어려워서 중학교밖에 졸업을 하지 못했다.','나는 가정 형펴니 어려워서 중악꾜바께 조러블 하지 모탣따','NONE'),(2331,6,49,'우리 부모님은 아침마다 공원에서 배드민턴을 치신다.','우리 부모니믄 아침마다 공워네서 배드민터늘 치신따','NONE'),(2332,6,45,'부모님께서는 자식을 키우는 데 수고를 아끼지 않으셨다.','부모닝께서는 자시글 키우는 데 수고를 아끼지 아느셛따','NONE'),(2333,6,27,'주부로 살던 아내가 갑자기 취업을 하겠다고 나섰다.','주부로 살던 아내가 갑짜기 취어블 하겓따고 나섣따','NONE'),(2334,6,38,'토요일에는 다음 날 학교에 가지 않아도 된다는 생각에 부담 없이 놀 수 있다.','토요이레는 다음 날 학꾜에 가지 아나도 된다는 생가게 부담 업씨 놀 수 읻따','NONE'),(2335,6,58,'갑자기 건물이 흔들리자 사람들은 급하게 비상 출구로 달려갔다.','갑짜기 검무리 흔들리자 사람드른 그파게 비상 출구로 달려갇따','NONE'),(2336,6,27,'사법 시험에 합격한 형은 변호사가 되었다.','사법 시어메 학껴칸 형은 벼노사가 되얻따','NONE'),(2337,6,35,'식사가 다 차려지자 어머니는 식탁에 수저를 놓기 시작했다.','식싸가 다 차려지자 어머니는 식타게 수저를 노키 시자캗따','NONE'),(2338,6,62,'어머니는 아이 옷에 있는 단추를 모두 채워 주었다.','어머니는 아이 오세 인는 단추를 모두 채워 주얻따','NONE'),(2339,6,27,'우리 아들은 축구를 좋아해 늘 축구 선수가 되고 싶다고 말한다.','우리 아드른 축꾸를 조아애 늘 축꾸 선수가 되고 십따고 마란다','NONE'),(2340,6,52,'병실에는 환자들이 병색이 완연한 얼굴로 팔에 누워 있었다.','병시레는 환자드리 병새기 완녀난 얼굴로 파레 누워 이썯따','NONE'),(2341,6,27,'철조망 뒤편에는 총을 든 군인들이 보초를 서고 있었다.','철조망 뒤펴네는 총을 든 구닌드리 보초를 서고 이썯따','NONE'),(2342,6,32,'나는 자동차보다 교통 체증에 시달릴 필요가 없는 열차를 자주 이용하는 편이다.','나는 자동차보다 교통 체증에 시달릴 필료가 엄는 열차를 자주 이ㅛㅇ아는 펴니다','NONE'),(2343,6,58,'학생들이 도서관 휴게실에서 잡담을 하고 있다. ','학쌩드리 도서관 휴게시레서 잡따믈 하고 읻따','NONE'),(2344,6,47,'원자재 가격이 올라 상품의 국제 경쟁력이 떨어지면 수출이 어려워진다.','원자재 가겨기 올라 상푸메 국쩨 경쟁녀기 떠러지면 수추리 어려워진다','NONE'),(2345,6,34,'저녁 진지를 잡수신 아버지는 식혜로 입가심을 하셨다.','저녁 진지를 잡쑤신 아버지는 시케로 익까시믈 하셛따','NONE'),(2346,6,41,'지수는 편지를 봉투에 넣었다.','지수는 편지를 봉투에 너얻따','NONE'),(2347,6,40,'나는 출근 시간에 쫓겨 아침도 못 먹고 집을 나섰다.','나는 출근 시가네 쪽껴 아침도 몯 먹꼬 지블 나섣따','NONE'),(2348,6,34,'귤은 비타민이 많아 감기 예방에 좋다.','규른 비타미니 마나 강기 예방에 조타','NONE'),(2349,6,38,'삼 주 후에 봅시다.','삼 주 후에 봅씨다','NONE'),(2350,6,34,'나는 휴게소에서 따뜻한 우동 한 그릇을 사 먹었다.','나는 휴게소에서 따뜨탄 우동 한 그르슬 사 머걷따','NONE'),(2351,6,27,'김 과장과 김 부장은 성이 같다.','김 과장과 김 부장은 성이 갇따','NONE'),(2352,6,37,'지수는 이번 달이 몇 월인지도 모를 만큼 정신없이 바쁘게 지냈다.','지수는 이번 다리 멷 워린지도 모를 망큼 정시넙씨 바쁘게 지낻따','NONE'),(2353,6,27,'그녀는 학교를 졸업하고 백화점 직원으로 잠시 일했었다.','그녀는 학꾜를 조러파고 배콰점 지궈느로 잠시 이래썯따','NONE'),(2354,6,34,'오빠는 냉면에 식초와 겨자를 넣은 후 대충 섞더니 단숨에 먹어 버렸다.','오빠는 냉며네 식초와 겨자를 너은 후 대충 석떠니 단수메 머거 버렫따','NONE'),(2355,6,58,'바닥에 새 이불을 깔고 누운 지수는 잠이 잘 올 것만 같았다.','바다게 새 이부를 깔고 누운 지수는 자미 잘 올 검만 가탇따','NONE'),(2356,6,49,'월간 잡지에 유명 가수의 가족 이야기가 실렸다.','월간 잡찌에 유명 가수에 가족 이ㅑ기가 실렫따','NONE'),(2357,6,37,'아이는 매일 한 번씩 게임을 하고 싶다고 한다.','아이는 매일 한 번씩 게이믈 하고 십따고 한다','NONE'),(2358,6,32,'버스는 정류장마다 정차해서 사람들을 태웠다.','버스는 정뉴장마다 정차애서 사람드를 태웓따','NONE'),(2359,6,37,'축제는 삼 일 동안이나 계속되었다.','축쩨는 삼 일 동아니나 게속뙤얻따','NONE'),(2360,6,40,'우리 회사는 연봉은 낮아도 퇴근이 이르다는 장점이 있다.','우리 회사는 염봉은 나자도 퇴그니 이르다는 장저미 읻따','NONE'),(2361,6,41,'초등학교 1학년 국어 시간에는 글자 만들기, 낱말 쓰기 등을 배운다.','초등악꾜 항년 구거 시가네는 글자 만들기 남말 쓰기 등을 배운다','NONE'),(2362,6,26,'해외 유명 인사들이 한국을 방문하자 국민들은 열렬한 환영을 했다.','해외 유명 인사드리 항구글 방무나자 궁민드른 열려란 환녕을 핻따','NONE'),(2363,6,41,'나는 고등학교 삼 년 내내 대학생이 될 날만 기다렸다. ','나는 고등악꾜 삼 년 내내 대악쌩이 될 날만 기다렫따','NONE'),(2364,6,38,'우리 회사는 금요일부터 일요일까지 일주일에 삼 일이나 쉰다.','우리 회사는 그묘일부터 일료일까지 일주이레 삼 이리나 쉰다','NONE'),(2365,6,47,'우리는 배를 타고 섬에 들어갔다.','우리는 배를 타고 서메 드러갇따','NONE'),(2366,6,33,'인터넷 쇼핑은 직접 가게에 가지 않고 물건을 살 수 있어 편리하다.','인터넫 쇼핑은 직쩝 가게에 가지 앙코 물거늘 살 수 이써 펼리아다','NONE'),(2367,6,47,'나는 여행사를 방문해서 상담을 받고 유럽 여행 계획을 짰다.','나는 여앵사를 방무내서 상다믈 박꼬 유럽 여앵 게외글 짣따','NONE'),(2368,6,37,'장맛비는 사흘 동안 계속 내렸다.','장맙삐는 사을 동안 게속 내렫따','NONE'),(2369,7,65,'거기','거기','CONFUSED_PRONOUNCE'),(2370,7,65,'고기','고기','CONFUSED_PRONOUNCE'),(2371,7,65,'저금','저금','CONFUSED_PRONOUNCE'),(2372,7,65,'조금','조금','CONFUSED_PRONOUNCE'),(2373,7,65,'그림','그림','CONFUSED_PRONOUNCE'),(2374,7,65,'구름','구름','CONFUSED_PRONOUNCE'),(2375,7,65,'쓰다','쓰다','CONFUSED_PRONOUNCE'),(2376,7,65,'쑤다','쑤다','CONFUSED_PRONOUNCE'),(2377,7,65,'시다','시다','CONFUSED_PRONOUNCE'),(2378,7,65,'쉬다','쉬다','CONFUSED_PRONOUNCE'),(2379,7,65,'기린','기린','CONFUSED_PRONOUNCE'),(2380,7,65,'귀리','귀리','CONFUSED_PRONOUNCE'),(2381,7,65,'세다','세다','CONFUSED_PRONOUNCE'),(2382,7,65,'쇠다','쇠다','CONFUSED_PRONOUNCE'),(2383,7,65,'체면','체면','CONFUSED_PRONOUNCE'),(2384,7,65,'최면','최면','CONFUSED_PRONOUNCE'),(2385,7,66,'나무','나무','CONFUSED_PRONOUNCE'),(2386,7,66,'너무','너무','CONFUSED_PRONOUNCE'),(2387,7,66,'마리','마리','CONFUSED_PRONOUNCE'),(2388,7,66,'머리','머리','CONFUSED_PRONOUNCE'),(2389,7,66,'매주','매주','CONFUSED_PRONOUNCE'),(2390,7,66,'메주','메주','CONFUSED_PRONOUNCE'),(2391,7,66,'새우다','새우다','CONFUSED_PRONOUNCE'),(2392,7,66,'세우다','세우다','CONFUSED_PRONOUNCE'),(2393,7,66,'오리','오리','CONFUSED_PRONOUNCE'),(2394,7,66,'우리','우리','CONFUSED_PRONOUNCE'),(2395,7,66,'호주','호주','CONFUSED_PRONOUNCE'),(2396,7,66,'후추','후추','CONFUSED_PRONOUNCE'),(2397,7,66,'쇠다','쇠다','CONFUSED_PRONOUNCE'),(2398,7,66,'쉬다','쉬다','CONFUSED_PRONOUNCE'),(2399,7,66,'외박','외박','CONFUSED_PRONOUNCE'),(2400,7,66,'위반','위반','CONFUSED_PRONOUNCE'),(2401,7,67,'기름','기름','CONFUSED_PRONOUNCE'),(2402,7,67,'그림','그림','CONFUSED_PRONOUNCE'),(2403,7,67,'흐리다','흐리다','CONFUSED_PRONOUNCE'),(2404,7,67,'흐르다','흐르다','CONFUSED_PRONOUNCE'),(2405,7,68,'바다','바다','CONFUSED_PRONOUNCE'),(2406,7,68,'사자','사자','CONFUSED_PRONOUNCE'),(2407,7,68,'빼다','빼다','CONFUSED_PRONOUNCE'),(2408,7,68,'따다','따다','CONFUSED_PRONOUNCE'),(2409,7,68,'매다','매다','CONFUSED_PRONOUNCE'),(2410,7,68,'내다','내다','CONFUSED_PRONOUNCE'),(2411,7,68,'입다','입따','CONFUSED_PRONOUNCE'),(2412,7,68,'잇다','읻따','CONFUSED_PRONOUNCE'),(2413,7,68,'익다','익따','CONFUSED_PRONOUNCE'),(2414,7,68,'감기','감기','CONFUSED_PRONOUNCE'),(2415,7,68,'간장','간장','CONFUSED_PRONOUNCE'),(2416,7,68,'강릉','강능','CONFUSED_PRONOUNCE'),(2417,7,69,'두부','두부','CONFUSED_PRONOUNCE'),(2418,7,69,'누구','누구','CONFUSED_PRONOUNCE'),(2419,7,69,'갑시다','갑씨다','CONFUSED_PRONOUNCE'),(2420,7,69,'감사','감사','CONFUSED_PRONOUNCE'),(2421,7,69,'싣다','싣따','CONFUSED_PRONOUNCE'),(2422,7,69,'신다','신따','CONFUSED_PRONOUNCE'),(2423,7,69,'닫다','닫따','CONFUSED_PRONOUNCE'),(2424,7,69,'달다','달다','CONFUSED_PRONOUNCE'),(2425,7,69,'약국','약꾹','CONFUSED_PRONOUNCE'),(2426,7,69,'양궁','양궁','CONFUSED_PRONOUNCE'),(2427,7,70,'바다','바다','CONFUSED_PRONOUNCE'),(2428,7,70,'파다','파다','CONFUSED_PRONOUNCE'),(2429,7,70,'개다','개다','CONFUSED_PRONOUNCE'),(2430,7,70,'깨다','깨다','CONFUSED_PRONOUNCE'),(2431,1,1,'ㄱ','ㄱ','RESOURCE'),(2432,1,1,'ㄴ','ㄴ','RESOURCE'),(2433,1,1,'ㄷ','ㄷ','RESOURCE'),(2434,1,1,'ㄹ','ㄹ','RESOURCE'),(2435,1,1,'ㅁ','ㅁ','RESOURCE'),(2436,1,1,'ㅂ','ㅂ','RESOURCE'),(2437,1,1,'ㅇ','없음','RESOURCE');
/*!40000 ALTER TABLE `study` ENABLE KEYS */;
UNLOCK TABLES;

--
-- Table structure for table `study_category`
--

DROP TABLE IF EXISTS `study_category`;
/*!40101 SET @saved_cs_client     = @@character_set_client */;
/*!50503 SET character_set_client = utf8mb4 */;
CREATE TABLE `study_category` (
  `study_category_id` tinyint NOT NULL COMMENT '단어, 문장의 경우 학습 카테고리 id code - 1...',
  `category_content` varchar(30) NOT NULL,
  `parent_id` tinyint DEFAULT NULL COMMENT '단어, 문장의 경우 학습 카테고리 id code - 1...',
  PRIMARY KEY (`study_category_id`),
  KEY `FKm21xmxyp31u8qca7ajb7wwbgy` (`parent_id`),
  CONSTRAINT `FKm21xmxyp31u8qca7ajb7wwbgy` FOREIGN KEY (`parent_id`) REFERENCES `study_category` (`study_category_id`)
) ENGINE=InnoDB DEFAULT CHARSET=utf8mb4 COLLATE=utf8mb4_0900_ai_ci;
/*!40101 SET character_set_client = @saved_cs_client */;

--
-- Dumping data for table `study_category`
--

LOCK TABLES `study_category` WRITE;
/*!40000 ALTER TABLE `study_category` DISABLE KEYS */;
INSERT INTO `study_category` VALUES (1,'자음',NULL),(2,'모음',NULL),(3,'ㄱ',NULL),(4,'ㄲ',NULL),(5,'ㄴ',NULL),(6,'ㄷ',NULL),(7,'ㄸ',NULL),(8,'ㄹ',NULL),(9,'ㅁ',NULL),(10,'ㅂ',NULL),(11,'ㅃ',NULL),(12,'ㅅ',NULL),(13,'ㅆ',NULL),(14,'ㅇ',NULL),(15,'ㅈ',NULL),(16,'ㅉ',NULL),(17,'ㅊ',NULL),(18,'ㅋ',NULL),(19,'ㅌ',NULL),(20,'ㅍ',NULL),(21,'ㅎ',NULL),(22,'교체',NULL),(23,'축약',NULL),(24,'첨가',NULL),(25,'탈락',NULL),(26,'인사하기',NULL),(27,'소개하기(자기소개)',NULL),(28,'소개하기(가족소개)',NULL),(29,'개인 정보 교환하기',NULL),(30,'위치 표현하기',NULL),(31,'길찾기',NULL),(32,'교통 이용하기',NULL),(33,'물건 사기',NULL),(34,'음식 주문하기',NULL),(35,'요리 설명하기',NULL),(36,'시간 표현하기',NULL),(37,'날짜 표현하기',NULL),(38,'요일 표현하기',NULL),(39,'날씨와 계절',NULL),(40,'하루 생활',NULL),(41,'학교생활',NULL),(42,'한국 생활',NULL),(43,'약속하기',NULL),(44,'전화하기',NULL),(45,'감사하기',NULL),(46,'사과하기',NULL),(47,'여행',NULL),(48,'주말 및 휴가',NULL),(49,'취미',NULL),(50,'가족 행사',NULL),(51,'건강',NULL),(52,'병원 이용하기',NULL),(53,'약국 이용하기',NULL),(54,'공공 기관 이용하기(도서관)',NULL),(55,'공공 기관 이용하기(우체국)',NULL),(56,'공공 기관 이용하기(출입국 관리 사무소)',NULL),(57,'초대와 방문',NULL),(58,'집 구하기',NULL),(59,'집안일',NULL),(60,'감정, 기분 표현하기',NULL),(61,'성격 표현하기',NULL),(62,'복장 표현하기',NULL),(63,'외모 표현하기',NULL),(64,'영화 보기',NULL),(65,'입술 모양',2),(66,'혀 높낮이',2),(67,'조음 위치',2),(68,'소리 내는 자리',1),(69,'소리 내는 방법',1),(70,'소리 내는 힘',1),(71,'받침',NULL);
/*!40000 ALTER TABLE `study_category` ENABLE KEYS */;
UNLOCK TABLES;

--
-- Table structure for table `study_confused_pronounce`
--

DROP TABLE IF EXISTS `study_confused_pronounce`;
/*!40101 SET @saved_cs_client     = @@character_set_client */;
/*!50503 SET character_set_client = utf8mb4 */;
CREATE TABLE `study_confused_pronounce` (
  `study_id` int unsigned NOT NULL AUTO_INCREMENT COMMENT 'AI, 학습 단어 식별 번호',
  `confused_group_id` tinyint NOT NULL COMMENT '헷갈리는 단어 그룹 id - ex) (나무, 너무 -> 1번 그룹)',
  PRIMARY KEY (`study_id`),
  CONSTRAINT `FK35eopiydd7wj0elyqx0cr2h3p` FOREIGN KEY (`study_id`) REFERENCES `study` (`study_id`)
) ENGINE=InnoDB AUTO_INCREMENT=2431 DEFAULT CHARSET=utf8mb4 COLLATE=utf8mb4_0900_ai_ci;
/*!40101 SET character_set_client = @saved_cs_client */;

--
-- Dumping data for table `study_confused_pronounce`
--

LOCK TABLES `study_confused_pronounce` WRITE;
/*!40000 ALTER TABLE `study_confused_pronounce` DISABLE KEYS */;
INSERT INTO `study_confused_pronounce` VALUES (2369,1),(2370,1),(2371,2),(2372,2),(2373,3),(2374,3),(2375,4),(2376,4),(2377,5),(2378,5),(2379,6),(2380,6),(2381,7),(2382,7),(2383,8),(2384,8),(2385,9),(2386,9),(2387,10),(2388,10),(2389,11),(2390,11),(2391,12),(2392,12),(2393,13),(2394,13),(2395,14),(2396,14),(2397,15),(2398,15),(2399,16),(2400,16),(2401,17),(2402,17),(2403,18),(2404,18),(2405,19),(2406,19),(2407,20),(2408,20),(2409,21),(2410,21),(2411,22),(2412,22),(2413,22),(2414,23),(2415,23),(2416,23),(2417,24),(2418,24),(2419,25),(2420,25),(2421,26),(2422,26),(2423,27),(2424,27),(2425,28),(2426,28),(2427,29),(2428,29),(2429,30),(2430,30);
/*!40000 ALTER TABLE `study_confused_pronounce` ENABLE KEYS */;
UNLOCK TABLES;

--
-- Table structure for table `study_log`
--

DROP TABLE IF EXISTS `study_log`;
/*!40101 SET @saved_cs_client     = @@character_set_client */;
/*!50503 SET character_set_client = utf8mb4 */;
CREATE TABLE `study_log` (
  `study_log_id` int unsigned NOT NULL AUTO_INCREMENT COMMENT '학습 내역 식별 번호',
  `member_id` bigint NOT NULL,
  `chapter_id` tinyint NOT NULL COMMENT '학습한 챕터 식별 번호',
  `study_id` int unsigned NOT NULL COMMENT '학습 식별 번호 ( 복습, 처음 푼 것 포함)',
  `studied_at` timestamp NOT NULL DEFAULT CURRENT_TIMESTAMP COMMENT '학습 일시',
  `studied_day` date NOT NULL DEFAULT (curdate()) COMMENT '학습 날짜',
  `today_count` int NOT NULL COMMENT '같은 날짜 내 학습 누적 개수',
  `is_pass` tinyint(1) NOT NULL DEFAULT '0' COMMENT '발음 패스 여부',
  `pass_record` tinyint(1) NOT NULL DEFAULT '0' COMMENT '과거에 패스한 이력 존재 여부',
  PRIMARY KEY (`study_log_id`),
  KEY `member_study_studylog_idx` (`member_id`,`study_id`,`study_log_id`),
  KEY `log_member_idx` (`member_id`),
  KEY `log_chapter_idx` (`chapter_id`),
  KEY `log_study_idx` (`study_id`),
  CONSTRAINT `FKbwatcywwi524cnmjd1ah4jgp0` FOREIGN KEY (`study_id`) REFERENCES `study` (`study_id`),
  CONSTRAINT `FKgc6hpw8y0tvhxlc6fksrl28wd` FOREIGN KEY (`member_id`) REFERENCES `member` (`member_id`),
  CONSTRAINT `FKpu6c3i24s9crqjemg3axytto0` FOREIGN KEY (`chapter_id`) REFERENCES `chapter` (`chapter_id`)
) ENGINE=InnoDB AUTO_INCREMENT=2800 DEFAULT CHARSET=utf8mb4 COLLATE=utf8mb4_0900_ai_ci;
/*!40101 SET character_set_client = @saved_cs_client */;

--
-- Dumping data for table `study_log`
--

LOCK TABLES `study_log` WRITE;
/*!40000 ALTER TABLE `study_log` DISABLE KEYS */;
INSERT INTO `study_log` VALUES (1,1,1,3,'2024-08-11 04:12:24','2024-08-11',1,1,1),(2,1,1,4,'2024-08-11 04:12:26','2024-08-11',2,1,1),(3,1,1,5,'2024-08-11 04:12:27','2024-08-11',3,1,1),(4,1,1,6,'2024-08-11 04:12:28','2024-08-11',4,1,1),(5,1,1,7,'2024-08-11 04:12:29','2024-08-11',5,1,1),(6,1,1,8,'2024-08-11 04:12:30','2024-08-11',6,1,1),(7,1,1,9,'2024-08-11 04:12:30','2024-08-11',7,1,1),(8,1,1,10,'2024-08-11 04:12:31','2024-08-11',8,1,1),(9,1,1,11,'2024-08-11 04:12:31','2024-08-11',9,1,1),(10,1,1,12,'2024-08-11 04:12:38','2024-08-11',10,1,1),(11,1,1,13,'2024-08-11 04:12:39','2024-08-11',11,1,1),(12,1,1,14,'2024-08-11 04:12:40','2024-08-11',12,1,1),(13,1,1,15,'2024-08-11 04:12:40','2024-08-11',13,1,1),(14,1,1,16,'2024-08-11 04:12:40','2024-08-11',14,1,1),(15,1,1,17,'2024-08-11 04:12:40','2024-08-11',15,1,1),(16,1,1,18,'2024-08-11 04:12:40','2024-08-11',16,1,1),(17,1,1,19,'2024-08-11 04:12:40','2024-08-11',17,1,1),(18,1,1,20,'2024-08-11 04:12:41','2024-08-11',18,1,1),(19,1,1,21,'2024-08-11 04:12:41','2024-08-11',19,1,1),(20,1,1,22,'2024-08-11 04:12:41','2024-08-11',20,1,1),(21,1,1,23,'2024-08-11 04:12:41','2024-08-11',21,1,1),(22,1,1,24,'2024-08-11 04:12:41','2024-08-11',22,1,1),(23,1,1,25,'2024-08-11 04:12:42','2024-08-11',23,1,1),(24,1,1,26,'2024-08-11 04:12:42','2024-08-11',24,1,1),(25,1,1,27,'2024-08-11 04:12:42','2024-08-11',25,1,1),(26,1,1,28,'2024-08-11 04:12:42','2024-08-11',26,1,1),(27,1,1,29,'2024-08-11 04:12:42','2024-08-11',27,1,1),(28,1,1,30,'2024-08-11 04:12:42','2024-08-11',28,1,1),(29,1,1,31,'2024-08-11 04:12:43','2024-08-11',29,1,1),(30,1,1,32,'2024-08-11 04:12:44','2024-08-11',30,1,1),(31,1,1,33,'2024-08-11 04:12:45','2024-08-11',31,1,1),(32,1,1,34,'2024-08-11 04:12:46','2024-08-11',32,1,1),(33,1,1,35,'2024-08-11 04:12:46','2024-08-11',33,1,1),(34,1,1,36,'2024-08-11 04:12:47','2024-08-11',34,1,1),(35,1,1,37,'2024-08-11 04:12:48','2024-08-11',35,1,1),(36,1,1,38,'2024-08-11 04:12:49','2024-08-11',36,1,1),(37,1,1,39,'2024-08-11 04:13:45','2024-08-11',37,1,1),(38,1,1,38,'2024-08-11 04:13:46','2024-08-11',38,1,1),(39,1,1,37,'2024-08-11 04:13:46','2024-08-11',39,1,1),(40,1,1,36,'2024-08-11 04:13:46','2024-08-11',40,1,1),(41,1,1,35,'2024-08-11 04:13:47','2024-08-11',41,1,1),(42,1,1,34,'2024-08-11 04:13:53','2024-08-11',42,1,1),(43,1,1,33,'2024-08-11 04:14:12','2024-08-11',43,1,1),(44,1,1,34,'2024-08-11 04:14:13','2024-08-11',44,1,1),(45,1,1,35,'2024-08-11 04:14:13','2024-08-11',45,1,1),(46,1,1,36,'2024-08-11 04:14:13','2024-08-11',46,1,1),(47,1,1,36,'2024-08-11 06:04:12','2024-08-11',47,1,1),(48,1,1,37,'2024-08-11 06:04:14','2024-08-11',48,1,1),(49,1,1,37,'2024-08-11 06:04:18','2024-08-11',49,1,1),(50,1,1,38,'2024-08-11 06:04:19','2024-08-11',50,1,1),(51,1,1,38,'2024-08-11 06:04:22','2024-08-11',51,1,1),(52,1,1,39,'2024-08-11 06:04:22','2024-08-11',52,1,1),(53,1,1,39,'2024-08-11 06:04:29','2024-08-11',53,1,1),(54,1,1,38,'2024-08-11 07:10:30','2024-08-11',54,1,1),(55,1,1,37,'2024-08-11 07:10:31','2024-08-11',55,1,1),(56,1,1,38,'2024-08-11 07:10:31','2024-08-11',56,1,1),(57,1,1,39,'2024-08-11 07:10:32','2024-08-11',57,1,1),(58,1,2,41,'2024-08-11 07:10:33','2024-08-11',58,1,1),(59,1,1,4,'2024-08-11 07:49:51','2024-08-11',59,1,1),(60,1,1,5,'2024-08-11 07:49:51','2024-08-11',60,1,1),(61,1,1,6,'2024-08-11 07:49:51','2024-08-11',61,1,1),(62,1,1,7,'2024-08-11 07:49:52','2024-08-11',62,1,1),(63,1,1,8,'2024-08-11 07:49:52','2024-08-11',63,1,1),(64,1,1,9,'2024-08-11 07:49:52','2024-08-11',64,1,1),(65,1,1,10,'2024-08-11 07:49:52','2024-08-11',65,1,1),(66,1,1,11,'2024-08-11 07:49:52','2024-08-11',66,1,1),(67,1,1,12,'2024-08-11 07:49:52','2024-08-11',67,1,1),(68,1,1,13,'2024-08-11 07:49:52','2024-08-11',68,1,1),(69,1,1,14,'2024-08-11 07:49:53','2024-08-11',69,1,1),(70,1,1,15,'2024-08-11 07:49:53','2024-08-11',70,1,1),(71,1,1,16,'2024-08-11 07:49:53','2024-08-11',71,1,1),(72,1,1,17,'2024-08-11 07:49:53','2024-08-11',72,1,1),(73,1,1,18,'2024-08-11 07:49:53','2024-08-11',73,1,1),(74,1,1,19,'2024-08-11 07:49:54','2024-08-11',74,1,1),(75,1,1,18,'2024-08-11 07:49:55','2024-08-11',75,1,1),(76,1,1,17,'2024-08-11 07:49:55','2024-08-11',76,1,1),(77,1,1,16,'2024-08-11 07:49:55','2024-08-11',77,1,1),(78,1,1,15,'2024-08-11 07:49:56','2024-08-11',78,1,1),(79,1,1,14,'2024-08-11 07:49:56','2024-08-11',79,1,1),(80,1,1,13,'2024-08-11 07:49:56','2024-08-11',80,1,1),(81,1,1,12,'2024-08-11 07:49:56','2024-08-11',81,1,1),(82,1,1,11,'2024-08-11 07:49:56','2024-08-11',82,1,1),(83,1,1,10,'2024-08-11 07:49:56','2024-08-11',83,1,1),(84,1,1,9,'2024-08-11 07:49:57','2024-08-11',84,1,1),(85,1,1,8,'2024-08-11 07:49:57','2024-08-11',85,1,1),(86,1,1,7,'2024-08-11 07:49:57','2024-08-11',86,1,1),(87,1,1,6,'2024-08-11 07:49:57','2024-08-11',87,1,1),(88,1,1,5,'2024-08-11 07:49:58','2024-08-11',88,1,1),(89,1,1,4,'2024-08-11 07:49:58','2024-08-11',89,1,1),(90,1,1,3,'2024-08-11 07:49:58','2024-08-11',90,1,1),(91,1,1,2,'2024-08-11 07:49:58','2024-08-11',91,1,1),(92,1,1,1,'2024-08-11 07:50:01','2024-08-11',92,1,1),(93,1,1,2,'2024-08-11 07:50:01','2024-08-11',93,1,1),(94,1,1,3,'2024-08-11 07:50:01','2024-08-11',94,1,1),(95,1,1,4,'2024-08-11 07:50:01','2024-08-11',95,1,1),(96,1,1,5,'2024-08-11 07:50:02','2024-08-11',96,1,1),(97,1,1,6,'2024-08-11 07:50:02','2024-08-11',97,1,1),(98,1,1,7,'2024-08-11 07:50:02','2024-08-11',98,1,1),(99,1,1,8,'2024-08-11 07:50:02','2024-08-11',99,1,1),(100,1,1,9,'2024-08-11 07:50:02','2024-08-11',100,1,1),(101,1,1,10,'2024-08-11 07:50:02','2024-08-11',101,1,1),(102,1,1,11,'2024-08-11 07:50:03','2024-08-11',102,1,1),(103,1,1,12,'2024-08-11 07:50:03','2024-08-11',103,1,1),(104,1,1,13,'2024-08-11 07:50:03','2024-08-11',104,1,1),(105,1,1,14,'2024-08-11 07:50:03','2024-08-11',105,1,1),(106,1,1,15,'2024-08-11 07:50:03','2024-08-11',106,1,1),(107,1,1,16,'2024-08-11 07:50:03','2024-08-11',107,1,1),(108,1,1,17,'2024-08-11 07:50:04','2024-08-11',108,1,1),(109,1,1,18,'2024-08-11 07:50:04','2024-08-11',109,1,1),(110,1,1,19,'2024-08-11 07:50:04','2024-08-11',110,1,1),(111,1,1,20,'2024-08-11 07:50:04','2024-08-11',111,1,1),(112,1,1,21,'2024-08-11 07:50:05','2024-08-11',112,1,1),(113,1,1,22,'2024-08-11 07:50:06','2024-08-11',113,1,1),(114,1,1,21,'2024-08-11 07:50:06','2024-08-11',114,1,1),(115,1,1,20,'2024-08-11 07:50:06','2024-08-11',115,1,1),(116,1,1,19,'2024-08-11 07:50:08','2024-08-11',116,1,1),(117,1,1,20,'2024-08-11 07:50:08','2024-08-11',117,1,1),(118,1,1,21,'2024-08-11 07:50:09','2024-08-11',118,1,1),(119,1,1,22,'2024-08-11 07:50:09','2024-08-11',119,1,1),(120,1,1,23,'2024-08-11 07:50:09','2024-08-11',120,1,1),(121,1,1,24,'2024-08-11 07:50:09','2024-08-11',121,1,1),(122,1,1,25,'2024-08-11 07:50:10','2024-08-11',122,1,1),(123,1,1,26,'2024-08-11 07:50:10','2024-08-11',123,1,1),(124,1,1,27,'2024-08-11 07:50:10','2024-08-11',124,1,1),(125,1,1,28,'2024-08-11 07:50:10','2024-08-11',125,1,1),(126,1,1,29,'2024-08-11 07:50:10','2024-08-11',126,1,1),(127,1,1,30,'2024-08-11 07:50:11','2024-08-11',127,1,1),(128,1,1,31,'2024-08-11 07:50:11','2024-08-11',128,1,1),(129,1,1,32,'2024-08-11 07:50:11','2024-08-11',129,1,1),(130,1,1,33,'2024-08-11 07:50:11','2024-08-11',130,1,1),(131,1,1,34,'2024-08-11 07:50:11','2024-08-11',131,1,1),(132,1,1,35,'2024-08-11 07:50:12','2024-08-11',132,1,1),(133,1,1,36,'2024-08-11 07:50:12','2024-08-11',133,1,1),(134,1,1,37,'2024-08-11 07:50:12','2024-08-11',134,1,1),(135,1,1,38,'2024-08-11 07:50:12','2024-08-11',135,1,1),(136,1,1,39,'2024-08-11 07:50:12','2024-08-11',136,1,1),(137,1,2,41,'2024-08-11 07:50:13','2024-08-11',137,1,1),(138,1,1,40,'2024-08-11 07:50:14','2024-08-11',138,1,1),(139,1,1,39,'2024-08-11 07:50:14','2024-08-11',139,1,1),(140,1,1,38,'2024-08-11 07:50:15','2024-08-11',140,1,1),(141,1,1,37,'2024-08-11 07:50:15','2024-08-11',141,1,1),(142,1,1,36,'2024-08-11 07:50:16','2024-08-11',142,1,1),(143,1,1,35,'2024-08-11 07:50:16','2024-08-11',143,1,1),(144,1,1,34,'2024-08-11 07:50:16','2024-08-11',144,1,1),(145,1,1,33,'2024-08-11 07:50:16','2024-08-11',145,1,1),(146,1,1,32,'2024-08-11 07:50:16','2024-08-11',146,1,1),(147,1,1,31,'2024-08-11 07:50:16','2024-08-11',147,1,1),(148,1,1,30,'2024-08-11 07:50:16','2024-08-11',148,1,1),(149,1,1,29,'2024-08-11 07:50:16','2024-08-11',149,1,1),(150,1,1,28,'2024-08-11 07:50:16','2024-08-11',150,1,1),(151,1,1,27,'2024-08-11 07:50:16','2024-08-11',151,1,1),(152,1,1,26,'2024-08-11 07:50:17','2024-08-11',152,1,1),(153,1,1,25,'2024-08-11 07:50:17','2024-08-11',153,1,1),(154,1,1,24,'2024-08-11 07:50:17','2024-08-11',154,1,1),(155,1,1,23,'2024-08-11 07:50:18','2024-08-11',155,1,1),(156,1,1,22,'2024-08-11 07:50:18','2024-08-11',156,1,1),(157,1,1,21,'2024-08-11 07:50:19','2024-08-11',157,1,1),(158,1,1,20,'2024-08-11 07:50:19','2024-08-11',158,1,1),(159,1,1,19,'2024-08-11 07:50:19','2024-08-11',159,1,1),(160,1,1,18,'2024-08-11 07:50:19','2024-08-11',160,1,1),(161,1,1,17,'2024-08-11 07:50:20','2024-08-11',161,1,1),(162,1,1,16,'2024-08-11 07:50:20','2024-08-11',162,1,1),(163,1,1,15,'2024-08-11 07:50:20','2024-08-11',163,1,1),(164,1,1,14,'2024-08-11 07:50:20','2024-08-11',164,1,1),(165,1,1,13,'2024-08-11 07:50:21','2024-08-11',165,1,1),(166,1,1,12,'2024-08-11 07:50:21','2024-08-11',166,1,1),(167,1,1,11,'2024-08-11 07:50:21','2024-08-11',167,1,1),(168,1,1,10,'2024-08-11 07:50:21','2024-08-11',168,1,1),(169,1,1,9,'2024-08-11 07:50:21','2024-08-11',169,1,1),(170,1,1,8,'2024-08-11 07:50:22','2024-08-11',170,1,1),(171,1,1,7,'2024-08-11 07:50:22','2024-08-11',171,1,1),(172,1,1,6,'2024-08-11 07:50:22','2024-08-11',172,1,1),(173,1,1,5,'2024-08-11 07:50:23','2024-08-11',173,1,1),(174,1,1,4,'2024-08-11 07:50:23','2024-08-11',174,1,1),(175,1,1,3,'2024-08-11 07:50:23','2024-08-11',175,1,1),(176,1,1,2,'2024-08-11 07:50:24','2024-08-11',176,1,1),(177,1,1,1,'2024-08-11 07:52:01','2024-08-11',177,1,1),(178,1,1,2,'2024-08-11 07:52:02','2024-08-11',178,1,1),(179,1,1,3,'2024-08-11 07:52:02','2024-08-11',179,1,1),(180,1,1,4,'2024-08-11 07:52:03','2024-08-11',180,1,1),(181,1,1,5,'2024-08-11 07:52:03','2024-08-11',181,1,1),(182,1,1,6,'2024-08-11 07:52:03','2024-08-11',182,1,1),(183,1,1,7,'2024-08-11 07:52:03','2024-08-11',183,1,1),(184,1,1,8,'2024-08-11 07:52:03','2024-08-11',184,1,1),(185,1,1,9,'2024-08-11 07:52:04','2024-08-11',185,1,1),(186,1,1,10,'2024-08-11 07:52:04','2024-08-11',186,1,1),(187,1,1,11,'2024-08-11 07:52:04','2024-08-11',187,1,1),(188,1,1,12,'2024-08-11 07:52:04','2024-08-11',188,1,1),(189,1,1,13,'2024-08-11 07:52:04','2024-08-11',189,1,1),(190,1,1,14,'2024-08-11 07:52:05','2024-08-11',190,1,1),(191,1,1,15,'2024-08-11 07:55:20','2024-08-11',191,1,1),(192,1,1,16,'2024-08-11 07:55:20','2024-08-11',192,1,1),(193,1,1,17,'2024-08-11 07:55:20','2024-08-11',193,1,1),(194,1,1,18,'2024-08-11 07:55:20','2024-08-11',194,1,1),(195,1,1,19,'2024-08-11 07:55:20','2024-08-11',195,1,1),(196,1,1,20,'2024-08-11 07:55:21','2024-08-11',196,1,1),(197,1,1,21,'2024-08-11 07:55:21','2024-08-11',197,1,1),(198,1,1,22,'2024-08-11 07:55:21','2024-08-11',198,1,1),(199,1,1,23,'2024-08-11 07:55:21','2024-08-11',199,1,1),(200,1,1,24,'2024-08-11 07:55:21','2024-08-11',200,1,1),(201,1,1,25,'2024-08-11 07:55:22','2024-08-11',201,1,1),(202,1,1,26,'2024-08-11 07:55:22','2024-08-11',202,1,1),(203,1,1,20,'2024-08-11 09:43:53','2024-08-11',203,1,1),(204,1,1,21,'2024-08-11 09:43:53','2024-08-11',204,1,1),(205,1,1,22,'2024-08-11 09:43:53','2024-08-11',205,1,1),(206,1,1,23,'2024-08-11 09:43:53','2024-08-11',206,1,1),(207,1,1,24,'2024-08-11 09:43:54','2024-08-11',207,1,1),(208,1,1,25,'2024-08-11 09:43:54','2024-08-11',208,1,1),(209,1,1,26,'2024-08-11 09:43:54','2024-08-11',209,1,1),(210,1,1,27,'2024-08-11 09:43:55','2024-08-11',210,1,1),(211,1,1,28,'2024-08-11 09:43:55','2024-08-11',211,1,1),(212,1,1,29,'2024-08-11 09:47:15','2024-08-11',212,1,1),(213,1,1,30,'2024-08-11 09:47:16','2024-08-11',213,1,1),(214,1,1,31,'2024-08-11 09:47:16','2024-08-11',214,1,1),(215,1,1,32,'2024-08-11 09:47:17','2024-08-11',215,1,1),(216,1,1,33,'2024-08-11 09:47:17','2024-08-11',216,1,1),(217,1,1,34,'2024-08-11 09:47:18','2024-08-11',217,1,1),(218,1,1,35,'2024-08-11 09:47:19','2024-08-11',218,1,1),(219,1,1,36,'2024-08-11 09:47:19','2024-08-11',219,1,1),(220,1,1,37,'2024-08-11 09:47:21','2024-08-11',220,1,1),(221,1,1,38,'2024-08-11 09:47:22','2024-08-11',221,1,1),(222,1,1,39,'2024-08-11 09:47:22','2024-08-11',222,1,1),(223,1,1,40,'2024-08-11 09:47:23','2024-08-11',223,1,1),(224,1,1,39,'2024-08-11 09:47:23','2024-08-11',224,1,1),(225,1,1,38,'2024-08-11 09:47:24','2024-08-11',225,1,1),(226,1,1,37,'2024-08-11 09:47:24','2024-08-11',226,1,1),(227,1,1,36,'2024-08-11 09:47:24','2024-08-11',227,1,1),(228,1,1,36,'2024-08-11 09:55:15','2024-08-11',228,1,1),(229,1,1,37,'2024-08-11 09:55:15','2024-08-11',229,1,1),(230,1,1,36,'2024-08-11 09:55:16','2024-08-11',230,1,1),(231,1,1,37,'2024-08-11 09:55:17','2024-08-11',231,1,1),(232,1,1,36,'2024-08-11 09:55:17','2024-08-11',232,1,1),(233,1,1,35,'2024-08-11 09:55:17','2024-08-11',233,1,1),(234,1,1,34,'2024-08-11 09:55:18','2024-08-11',234,1,1),(235,1,1,33,'2024-08-11 09:55:18','2024-08-11',235,1,1),(236,1,1,32,'2024-08-11 09:55:19','2024-08-11',236,1,1),(237,1,1,33,'2024-08-11 09:55:19','2024-08-11',237,1,1),(238,1,1,34,'2024-08-11 09:55:19','2024-08-11',238,1,1),(239,1,1,35,'2024-08-11 09:55:20','2024-08-11',239,1,1),(240,1,1,36,'2024-08-11 09:55:20','2024-08-11',240,1,1),(241,1,1,37,'2024-08-11 09:55:20','2024-08-11',241,1,1),(242,1,1,38,'2024-08-11 09:55:20','2024-08-11',242,1,1),(243,1,1,39,'2024-08-11 09:55:21','2024-08-11',243,1,1),(244,1,1,20,'2024-08-11 10:04:32','2024-08-11',244,1,1),(245,1,1,21,'2024-08-11 10:04:32','2024-08-11',245,1,1),(246,1,1,22,'2024-08-11 10:04:32','2024-08-11',246,1,1),(247,1,1,23,'2024-08-11 10:04:32','2024-08-11',247,1,1),(248,1,1,24,'2024-08-11 10:04:33','2024-08-11',248,1,1),(249,1,1,25,'2024-08-11 10:04:33','2024-08-11',249,1,1),(250,1,1,26,'2024-08-11 10:04:33','2024-08-11',250,1,1),(251,1,1,27,'2024-08-11 10:04:33','2024-08-11',251,1,1),(252,1,1,28,'2024-08-11 10:04:33','2024-08-11',252,1,1),(253,1,1,29,'2024-08-11 10:04:33','2024-08-11',253,1,1),(254,1,1,30,'2024-08-11 10:04:34','2024-08-11',254,1,1),(255,1,1,31,'2024-08-11 10:04:34','2024-08-11',255,1,1),(256,1,1,32,'2024-08-11 10:04:34','2024-08-11',256,1,1),(257,1,1,33,'2024-08-11 10:04:34','2024-08-11',257,1,1),(258,1,1,34,'2024-08-11 10:04:34','2024-08-11',258,1,1),(259,1,1,35,'2024-08-11 10:04:34','2024-08-11',259,1,1),(260,1,1,36,'2024-08-11 10:04:35','2024-08-11',260,1,1),(261,1,1,37,'2024-08-11 10:04:35','2024-08-11',261,1,1),(262,1,1,38,'2024-08-11 10:04:35','2024-08-11',262,1,1),(263,1,1,39,'2024-08-11 10:04:35','2024-08-11',263,1,1),(264,1,1,20,'2024-08-11 12:46:49','2024-08-11',264,1,1),(265,1,1,21,'2024-08-11 12:46:50','2024-08-11',265,1,1),(266,1,1,22,'2024-08-11 12:46:50','2024-08-11',266,1,1),(267,1,1,23,'2024-08-11 12:46:50','2024-08-11',267,1,1),(268,1,1,24,'2024-08-11 12:46:50','2024-08-11',268,1,1),(269,1,1,25,'2024-08-11 12:46:51','2024-08-11',269,1,1),(270,1,1,26,'2024-08-11 12:46:51','2024-08-11',270,1,1),(271,1,1,27,'2024-08-11 12:46:51','2024-08-11',271,1,1),(272,1,1,28,'2024-08-11 12:46:51','2024-08-11',272,1,1),(273,1,1,29,'2024-08-11 12:46:52','2024-08-11',273,1,1),(274,1,1,30,'2024-08-11 12:46:52','2024-08-11',274,1,1),(275,1,1,31,'2024-08-11 12:46:52','2024-08-11',275,1,1),(276,1,1,32,'2024-08-11 12:46:52','2024-08-11',276,1,1),(277,1,1,33,'2024-08-11 12:46:53','2024-08-11',277,1,1),(278,1,1,34,'2024-08-11 12:46:53','2024-08-11',278,1,1),(279,1,1,35,'2024-08-11 12:46:53','2024-08-11',279,1,1),(280,1,1,36,'2024-08-11 12:46:53','2024-08-11',280,1,1),(281,1,1,37,'2024-08-11 12:46:54','2024-08-11',281,1,1),(282,1,1,38,'2024-08-11 12:46:54','2024-08-11',282,1,1),(283,1,1,39,'2024-08-11 12:46:54','2024-08-11',283,1,1),(284,1,1,39,'2024-08-11 13:57:54','2024-08-11',284,1,1),(285,1,1,39,'2024-08-11 13:58:00','2024-08-11',285,1,1),(286,1,1,36,'2024-08-11 15:16:31','2024-08-11',286,1,1),(287,1,1,37,'2024-08-11 15:16:32','2024-08-11',287,1,1),(288,1,1,38,'2024-08-11 15:16:32','2024-08-11',288,1,1),(289,1,1,39,'2024-08-11 15:16:32','2024-08-11',289,1,1),(290,1,1,39,'2024-08-12 01:28:48','2024-08-12',1,1,1),(291,1,1,20,'2024-08-12 03:58:10','2024-08-12',2,1,1),(292,1,1,21,'2024-08-12 03:58:11','2024-08-12',3,1,1),(293,1,1,22,'2024-08-12 03:58:11','2024-08-12',4,1,1),(294,1,1,23,'2024-08-12 03:58:12','2024-08-12',5,1,1),(295,1,1,24,'2024-08-12 03:58:12','2024-08-12',6,1,1),(296,1,1,25,'2024-08-12 03:58:13','2024-08-12',7,1,1),(297,1,1,26,'2024-08-12 03:58:13','2024-08-12',8,1,1),(298,1,1,27,'2024-08-12 03:58:14','2024-08-12',9,1,1),(299,1,1,28,'2024-08-12 03:58:15','2024-08-12',10,1,1),(300,1,1,29,'2024-08-12 03:58:15','2024-08-12',11,1,1),(301,1,1,30,'2024-08-12 03:58:15','2024-08-12',12,1,1),(302,1,1,31,'2024-08-12 03:58:15','2024-08-12',13,1,1),(303,1,1,32,'2024-08-12 03:58:15','2024-08-12',14,1,1),(304,1,1,33,'2024-08-12 03:58:16','2024-08-12',15,1,1),(305,1,1,34,'2024-08-12 03:58:16','2024-08-12',16,1,1),(306,1,1,35,'2024-08-12 03:58:16','2024-08-12',17,1,1),(307,1,1,36,'2024-08-12 03:58:16','2024-08-12',18,1,1),(308,1,1,37,'2024-08-12 03:58:16','2024-08-12',19,1,1),(309,1,1,38,'2024-08-12 03:58:17','2024-08-12',20,1,1),(310,1,1,39,'2024-08-12 03:58:17','2024-08-12',21,1,1),(311,1,1,21,'2024-08-12 03:59:50','2024-08-12',22,1,1),(312,1,1,22,'2024-08-12 03:59:50','2024-08-12',23,1,1),(313,1,1,23,'2024-08-12 03:59:50','2024-08-12',24,1,1),(314,1,1,24,'2024-08-12 03:59:50','2024-08-12',25,1,1),(315,1,1,25,'2024-08-12 03:59:50','2024-08-12',26,1,1),(316,1,1,26,'2024-08-12 03:59:51','2024-08-12',27,1,1),(317,1,1,27,'2024-08-12 03:59:51','2024-08-12',28,1,1),(318,1,1,28,'2024-08-12 03:59:51','2024-08-12',29,1,1),(319,1,1,29,'2024-08-12 03:59:51','2024-08-12',30,1,1),(320,1,1,30,'2024-08-12 03:59:52','2024-08-12',31,1,1),(321,1,1,31,'2024-08-12 03:59:52','2024-08-12',32,1,1),(322,1,1,32,'2024-08-12 03:59:52','2024-08-12',33,1,1),(323,1,1,33,'2024-08-12 03:59:52','2024-08-12',34,1,1),(324,1,1,34,'2024-08-12 03:59:53','2024-08-12',35,1,1),(325,1,1,35,'2024-08-12 03:59:53','2024-08-12',36,1,1),(326,1,1,36,'2024-08-12 03:59:53','2024-08-12',37,1,1),(327,1,1,37,'2024-08-12 03:59:53','2024-08-12',38,1,1),(328,1,1,38,'2024-08-12 03:59:54','2024-08-12',39,1,1),(329,1,1,39,'2024-08-12 03:59:54','2024-08-12',40,1,1),(330,1,2,41,'2024-08-12 04:00:45','2024-08-12',41,1,1),(331,1,2,42,'2024-08-12 04:32:13','2024-08-12',42,1,1),(332,1,2,42,'2024-08-12 04:32:16','2024-08-12',43,1,1),(333,1,2,42,'2024-08-12 04:32:21','2024-08-12',44,1,1),(334,1,2,42,'2024-08-12 04:33:16','2024-08-12',45,1,1),(335,1,1,40,'2024-08-12 04:33:28','2024-08-12',46,1,1),(336,1,1,39,'2024-08-12 04:33:30','2024-08-12',47,1,1),(337,1,1,38,'2024-08-12 04:33:30','2024-08-12',48,1,1),(338,1,1,37,'2024-08-12 04:33:30','2024-08-12',49,1,1),(339,1,1,36,'2024-08-12 04:33:31','2024-08-12',50,1,1),(340,1,1,37,'2024-08-12 04:33:32','2024-08-12',51,1,1),(341,1,1,37,'2024-08-12 04:33:51','2024-08-12',52,1,1),(342,1,1,38,'2024-08-12 04:33:51','2024-08-12',53,1,1),(343,1,1,39,'2024-08-12 04:33:52','2024-08-12',54,1,1),(344,1,1,40,'2024-08-12 04:33:52','2024-08-12',55,1,1),(345,1,2,41,'2024-08-12 04:33:53','2024-08-12',56,1,1),(346,1,2,42,'2024-08-12 04:33:54','2024-08-12',57,1,1),(347,1,2,43,'2024-08-12 04:33:54','2024-08-12',58,1,1),(348,1,2,44,'2024-08-12 04:33:54','2024-08-12',59,1,1),(349,1,2,45,'2024-08-12 04:33:54','2024-08-12',60,1,1),(350,1,2,46,'2024-08-12 04:33:54','2024-08-12',61,1,1),(351,1,2,47,'2024-08-12 04:33:55','2024-08-12',62,1,1),(352,1,2,48,'2024-08-12 04:33:55','2024-08-12',63,1,1),(353,1,2,49,'2024-08-12 04:33:55','2024-08-12',64,1,1),(354,1,2,50,'2024-08-12 04:33:55','2024-08-12',65,1,1),(355,1,2,51,'2024-08-12 04:33:55','2024-08-12',66,1,1),(356,1,2,52,'2024-08-12 04:33:55','2024-08-12',67,1,1),(357,1,2,53,'2024-08-12 04:33:56','2024-08-12',68,1,1),(358,1,2,54,'2024-08-12 04:33:56','2024-08-12',69,1,1),(359,1,2,55,'2024-08-12 04:33:56','2024-08-12',70,1,1),(360,1,2,56,'2024-08-12 04:33:56','2024-08-12',71,1,1),(361,1,2,57,'2024-08-12 04:33:56','2024-08-12',72,1,1),(362,1,2,58,'2024-08-12 04:33:57','2024-08-12',73,1,1),(363,1,2,59,'2024-08-12 04:33:57','2024-08-12',74,1,1),(364,1,2,58,'2024-08-12 04:33:58','2024-08-12',75,1,1),(365,1,2,57,'2024-08-12 04:33:58','2024-08-12',76,1,1),(366,1,2,56,'2024-08-12 04:33:58','2024-08-12',77,1,1),(367,1,2,55,'2024-08-12 04:33:59','2024-08-12',78,1,1),(368,1,2,54,'2024-08-12 04:33:59','2024-08-12',79,1,1),(369,1,2,53,'2024-08-12 04:33:59','2024-08-12',80,1,1),(370,1,2,52,'2024-08-12 04:33:59','2024-08-12',81,1,1),(371,1,2,51,'2024-08-12 04:34:00','2024-08-12',82,1,1),(372,1,2,50,'2024-08-12 04:34:00','2024-08-12',83,1,1),(373,1,2,49,'2024-08-12 04:34:00','2024-08-12',84,1,1),(374,1,2,48,'2024-08-12 04:34:00','2024-08-12',85,1,1),(375,1,2,47,'2024-08-12 04:34:00','2024-08-12',86,1,1),(376,1,2,46,'2024-08-12 04:34:01','2024-08-12',87,1,1),(377,1,2,45,'2024-08-12 04:34:01','2024-08-12',88,1,1),(378,1,2,44,'2024-08-12 04:34:01','2024-08-12',89,1,1),(379,1,2,43,'2024-08-12 04:34:01','2024-08-12',90,1,1),(380,1,2,42,'2024-08-12 04:34:01','2024-08-12',91,1,1),(381,1,2,41,'2024-08-12 04:34:02','2024-08-12',92,1,1),(382,1,1,40,'2024-08-12 04:34:02','2024-08-12',93,1,1),(383,1,1,39,'2024-08-12 04:34:02','2024-08-12',94,1,1),(384,1,1,38,'2024-08-12 04:34:03','2024-08-12',95,1,1),(385,1,1,37,'2024-08-12 04:34:04','2024-08-12',96,1,1),(386,1,1,36,'2024-08-12 04:34:04','2024-08-12',97,1,1),(387,1,1,35,'2024-08-12 04:34:04','2024-08-12',98,1,1),(388,1,1,34,'2024-08-12 04:34:05','2024-08-12',99,1,1),(389,1,1,33,'2024-08-12 04:34:05','2024-08-12',100,1,1),(390,1,1,32,'2024-08-12 04:34:06','2024-08-12',101,1,1),(391,1,1,31,'2024-08-12 04:34:06','2024-08-12',102,1,1),(392,1,1,30,'2024-08-12 04:34:06','2024-08-12',103,1,1),(393,1,1,31,'2024-08-12 04:36:55','2024-08-12',104,1,1),(394,1,1,32,'2024-08-12 04:36:55','2024-08-12',105,1,1),(395,1,1,33,'2024-08-12 04:36:56','2024-08-12',106,1,1),(396,1,1,34,'2024-08-12 04:36:56','2024-08-12',107,1,1),(397,1,1,35,'2024-08-12 04:36:56','2024-08-12',108,1,1),(398,1,1,36,'2024-08-12 04:36:56','2024-08-12',109,1,1),(399,1,1,37,'2024-08-12 04:36:57','2024-08-12',110,1,1),(400,1,1,38,'2024-08-12 04:36:57','2024-08-12',111,1,1),(401,1,1,39,'2024-08-12 04:36:57','2024-08-12',112,1,1),(402,1,1,40,'2024-08-12 04:36:58','2024-08-12',113,1,1),(403,1,2,41,'2024-08-12 04:36:58','2024-08-12',114,1,1),(404,1,2,42,'2024-08-12 04:36:58','2024-08-12',115,1,1),(405,1,2,43,'2024-08-12 04:36:58','2024-08-12',116,1,1),(406,1,2,44,'2024-08-12 04:36:58','2024-08-12',117,1,1),(407,1,2,45,'2024-08-12 04:36:58','2024-08-12',118,1,1),(408,1,2,46,'2024-08-12 04:36:59','2024-08-12',119,1,1),(409,1,2,47,'2024-08-12 04:36:59','2024-08-12',120,1,1),(410,1,2,48,'2024-08-12 04:36:59','2024-08-12',121,1,1),(411,1,2,49,'2024-08-12 04:36:59','2024-08-12',122,1,1),(412,1,2,50,'2024-08-12 04:37:00','2024-08-12',123,1,1),(413,1,2,51,'2024-08-12 04:37:00','2024-08-12',124,1,1),(414,1,2,52,'2024-08-12 04:37:00','2024-08-12',125,1,1),(415,1,2,53,'2024-08-12 04:37:00','2024-08-12',126,1,1),(416,1,2,54,'2024-08-12 04:37:00','2024-08-12',127,1,1),(417,1,2,55,'2024-08-12 04:37:01','2024-08-12',128,1,1),(418,1,2,56,'2024-08-12 04:37:01','2024-08-12',129,1,1),(419,1,2,57,'2024-08-12 04:37:01','2024-08-12',130,1,1),(420,1,2,58,'2024-08-12 04:37:02','2024-08-12',131,1,1),(421,1,2,59,'2024-08-12 04:37:02','2024-08-12',132,1,1),(422,1,2,61,'2024-08-12 04:37:02','2024-08-12',133,1,1),(423,1,2,62,'2024-08-12 04:37:03','2024-08-12',134,1,1),(424,1,2,61,'2024-08-12 04:37:06','2024-08-12',135,1,1),(425,1,2,59,'2024-08-12 04:37:06','2024-08-12',136,1,1),(426,1,2,58,'2024-08-12 04:37:07','2024-08-12',137,1,1),(427,1,2,57,'2024-08-12 04:37:07','2024-08-12',138,1,1),(428,1,2,56,'2024-08-12 04:37:07','2024-08-12',139,1,1),(429,1,2,55,'2024-08-12 04:37:07','2024-08-12',140,1,1),(430,1,2,54,'2024-08-12 04:37:08','2024-08-12',141,1,1),(431,1,2,53,'2024-08-12 04:37:08','2024-08-12',142,1,1),(432,1,2,52,'2024-08-12 04:37:08','2024-08-12',143,1,1),(433,1,2,51,'2024-08-12 04:37:08','2024-08-12',144,1,1),(434,1,2,50,'2024-08-12 04:37:08','2024-08-12',145,1,1),(435,1,2,49,'2024-08-12 04:37:08','2024-08-12',146,1,1),(436,1,2,48,'2024-08-12 04:37:09','2024-08-12',147,1,1),(437,1,2,47,'2024-08-12 04:37:09','2024-08-12',148,1,1),(438,1,2,46,'2024-08-12 04:37:09','2024-08-12',149,1,1),(439,1,2,45,'2024-08-12 04:37:09','2024-08-12',150,1,1),(440,1,2,44,'2024-08-12 04:37:10','2024-08-12',151,1,1),(441,1,2,43,'2024-08-12 04:37:10','2024-08-12',152,1,1),(442,1,2,42,'2024-08-12 04:37:10','2024-08-12',153,1,1),(443,1,2,41,'2024-08-12 04:37:10','2024-08-12',154,1,1),(444,1,1,40,'2024-08-12 04:37:11','2024-08-12',155,1,1),(445,1,1,39,'2024-08-12 04:38:25','2024-08-12',156,1,1),(446,1,1,38,'2024-08-12 04:38:25','2024-08-12',157,1,1),(447,1,1,37,'2024-08-12 04:38:25','2024-08-12',158,1,1),(448,1,1,36,'2024-08-12 04:38:25','2024-08-12',159,1,1),(449,1,1,35,'2024-08-12 04:38:25','2024-08-12',160,1,1),(450,1,1,34,'2024-08-12 04:38:26','2024-08-12',161,1,1),(451,1,1,33,'2024-08-12 04:38:26','2024-08-12',162,1,1),(452,1,1,32,'2024-08-12 04:38:26','2024-08-12',163,1,1),(453,1,1,31,'2024-08-12 04:38:26','2024-08-12',164,1,1),(454,1,1,30,'2024-08-12 04:38:26','2024-08-12',165,1,1),(455,1,1,29,'2024-08-12 04:38:26','2024-08-12',166,1,1),(456,1,1,28,'2024-08-12 04:38:27','2024-08-12',167,1,1),(457,1,1,27,'2024-08-12 04:38:27','2024-08-12',168,1,1),(458,1,1,26,'2024-08-12 04:38:27','2024-08-12',169,1,1),(459,1,1,25,'2024-08-12 04:38:27','2024-08-12',170,1,1),(460,1,1,24,'2024-08-12 04:38:28','2024-08-12',171,1,1),(461,1,1,23,'2024-08-12 04:38:28','2024-08-12',172,1,1),(462,1,1,22,'2024-08-12 04:38:28','2024-08-12',173,1,1),(463,1,1,21,'2024-08-12 04:38:28','2024-08-12',174,1,1),(464,1,1,20,'2024-08-12 04:38:29','2024-08-12',175,1,1),(465,1,1,19,'2024-08-12 04:38:29','2024-08-12',176,1,1),(466,1,1,18,'2024-08-12 04:38:29','2024-08-12',177,1,1),(467,1,1,17,'2024-08-12 04:38:30','2024-08-12',178,1,1),(468,1,1,16,'2024-08-12 04:38:30','2024-08-12',179,1,1),(469,1,1,15,'2024-08-12 04:38:30','2024-08-12',180,1,1),(470,1,1,14,'2024-08-12 04:38:30','2024-08-12',181,1,1),(471,1,1,13,'2024-08-12 04:38:31','2024-08-12',182,1,1),(472,1,1,12,'2024-08-12 04:38:31','2024-08-12',183,1,1),(473,1,1,11,'2024-08-12 04:38:31','2024-08-12',184,1,1),(474,1,1,10,'2024-08-12 04:38:31','2024-08-12',185,1,1),(475,1,1,9,'2024-08-12 04:38:31','2024-08-12',186,1,1),(476,1,1,8,'2024-08-12 04:38:32','2024-08-12',187,1,1),(477,1,1,7,'2024-08-12 04:38:32','2024-08-12',188,1,1),(478,1,1,6,'2024-08-12 04:38:32','2024-08-12',189,1,1),(479,1,1,5,'2024-08-12 04:38:32','2024-08-12',190,1,1),(480,1,1,4,'2024-08-12 04:38:32','2024-08-12',191,1,1),(481,1,1,3,'2024-08-12 04:38:33','2024-08-12',192,1,1),(482,1,1,2,'2024-08-12 04:38:33','2024-08-12',193,1,1),(483,1,1,1,'2024-08-12 04:38:33','2024-08-12',194,1,1),(484,1,1,2,'2024-08-12 04:40:08','2024-08-12',195,1,1),(485,1,1,3,'2024-08-12 04:40:08','2024-08-12',196,1,1),(486,1,1,4,'2024-08-12 04:40:09','2024-08-12',197,1,1),(487,1,1,5,'2024-08-12 04:40:17','2024-08-12',198,1,1),(488,1,1,6,'2024-08-12 04:40:18','2024-08-12',199,1,1),(489,1,1,7,'2024-08-12 04:40:18','2024-08-12',200,1,1),(490,1,1,8,'2024-08-12 04:40:18','2024-08-12',201,1,1),(491,1,1,9,'2024-08-12 04:40:18','2024-08-12',202,1,1),(492,1,1,10,'2024-08-12 04:40:19','2024-08-12',203,1,1),(493,1,1,11,'2024-08-12 04:40:20','2024-08-12',204,1,1),(494,1,1,12,'2024-08-12 04:40:20','2024-08-12',205,1,1),(495,1,1,13,'2024-08-12 04:40:20','2024-08-12',206,1,1),(496,1,1,14,'2024-08-12 04:40:20','2024-08-12',207,1,1),(497,1,1,15,'2024-08-12 04:40:21','2024-08-12',208,1,1),(498,1,1,16,'2024-08-12 04:40:21','2024-08-12',209,1,1),(499,1,1,17,'2024-08-12 04:40:21','2024-08-12',210,1,1),(500,1,1,18,'2024-08-12 04:40:21','2024-08-12',211,1,1),(501,1,1,19,'2024-08-12 04:40:22','2024-08-12',212,1,1),(502,1,1,20,'2024-08-12 04:40:22','2024-08-12',213,1,1),(503,1,1,21,'2024-08-12 04:40:22','2024-08-12',214,1,1),(504,1,1,22,'2024-08-12 04:40:23','2024-08-12',215,1,1),(505,1,1,23,'2024-08-12 04:40:23','2024-08-12',216,1,1),(506,1,1,24,'2024-08-12 04:40:24','2024-08-12',217,1,1),(507,1,1,25,'2024-08-12 04:40:24','2024-08-12',218,1,1),(508,1,1,26,'2024-08-12 04:40:24','2024-08-12',219,1,1),(509,1,1,27,'2024-08-12 04:40:25','2024-08-12',220,1,1),(510,1,1,28,'2024-08-12 04:52:42','2024-08-12',221,1,1),(511,1,1,29,'2024-08-12 04:52:42','2024-08-12',222,1,1),(512,1,1,30,'2024-08-12 04:52:42','2024-08-12',223,1,1),(513,1,1,31,'2024-08-12 04:52:43','2024-08-12',224,1,1),(514,1,1,32,'2024-08-12 04:52:43','2024-08-12',225,1,1),(515,1,1,31,'2024-08-12 04:52:44','2024-08-12',226,1,1),(516,1,1,30,'2024-08-12 04:52:44','2024-08-12',227,1,1),(517,1,1,29,'2024-08-12 04:52:44','2024-08-12',228,1,1),(518,1,1,28,'2024-08-12 04:52:44','2024-08-12',229,1,1),(519,1,1,27,'2024-08-12 04:52:45','2024-08-12',230,1,1),(520,1,1,26,'2024-08-12 04:52:45','2024-08-12',231,1,1),(521,1,1,25,'2024-08-12 04:52:46','2024-08-12',232,1,1),(522,1,1,24,'2024-08-12 04:52:46','2024-08-12',233,1,1),(523,1,1,23,'2024-08-12 04:52:46','2024-08-12',234,1,1),(524,1,1,22,'2024-08-12 04:52:46','2024-08-12',235,1,1),(525,1,1,21,'2024-08-12 04:52:46','2024-08-12',236,1,1),(526,1,1,20,'2024-08-12 04:52:49','2024-08-12',237,1,1),(527,1,1,19,'2024-08-12 04:52:49','2024-08-12',238,1,1),(528,1,1,18,'2024-08-12 04:52:50','2024-08-12',239,1,1),(529,1,1,19,'2024-08-12 04:52:51','2024-08-12',240,1,1),(530,1,1,20,'2024-08-12 04:52:51','2024-08-12',241,1,1),(531,1,1,21,'2024-08-12 04:52:51','2024-08-12',242,1,1),(532,1,1,22,'2024-08-12 04:52:52','2024-08-12',243,1,1),(533,1,1,23,'2024-08-12 04:52:52','2024-08-12',244,1,1),(534,1,1,22,'2024-08-12 04:52:53','2024-08-12',245,1,1),(535,1,1,21,'2024-08-12 04:52:53','2024-08-12',246,1,1),(536,1,1,20,'2024-08-12 04:52:54','2024-08-12',247,1,1),(537,1,1,21,'2024-08-12 04:52:55','2024-08-12',248,1,1),(538,1,1,22,'2024-08-12 04:52:56','2024-08-12',249,1,1),(539,1,1,23,'2024-08-12 04:52:57','2024-08-12',250,1,1),(540,1,1,24,'2024-08-12 04:53:07','2024-08-12',251,1,1),(541,1,1,25,'2024-08-12 04:53:07','2024-08-12',252,1,1),(542,1,1,26,'2024-08-12 04:53:07','2024-08-12',253,1,1),(543,1,1,27,'2024-08-12 04:53:08','2024-08-12',254,1,1),(544,1,1,28,'2024-08-12 04:53:08','2024-08-12',255,1,1),(545,1,1,29,'2024-08-12 04:53:09','2024-08-12',256,1,1),(546,1,1,30,'2024-08-12 04:53:09','2024-08-12',257,1,1),(547,1,1,31,'2024-08-12 04:53:09','2024-08-12',258,1,1),(548,1,1,32,'2024-08-12 04:53:09','2024-08-12',259,1,1),(549,1,1,33,'2024-08-12 04:53:09','2024-08-12',260,1,1),(550,1,1,34,'2024-08-12 04:53:09','2024-08-12',261,1,1),(551,1,1,35,'2024-08-12 04:53:10','2024-08-12',262,1,1),(552,1,1,36,'2024-08-12 04:53:10','2024-08-12',263,1,1),(553,1,1,37,'2024-08-12 04:53:10','2024-08-12',264,1,1),(554,1,1,38,'2024-08-12 04:53:10','2024-08-12',265,1,1),(555,1,1,39,'2024-08-12 04:53:10','2024-08-12',266,1,1),(556,1,1,40,'2024-08-12 04:53:10','2024-08-12',267,1,1),(557,1,2,41,'2024-08-12 04:53:10','2024-08-12',268,1,1),(558,1,1,40,'2024-08-12 04:53:13','2024-08-12',269,1,1),(559,1,1,39,'2024-08-12 04:53:13','2024-08-12',270,1,1),(560,1,1,38,'2024-08-12 04:53:14','2024-08-12',271,1,1),(561,1,1,37,'2024-08-12 04:53:14','2024-08-12',272,1,1),(562,1,1,36,'2024-08-12 04:53:14','2024-08-12',273,1,1),(563,1,1,35,'2024-08-12 04:53:32','2024-08-12',274,1,1),(564,1,1,34,'2024-08-12 04:53:32','2024-08-12',275,1,1),(565,1,1,33,'2024-08-12 04:53:32','2024-08-12',276,1,1),(566,1,1,32,'2024-08-12 04:53:32','2024-08-12',277,1,1),(567,1,1,31,'2024-08-12 04:53:33','2024-08-12',278,1,1),(568,1,1,30,'2024-08-12 04:53:33','2024-08-12',279,1,1),(569,1,1,29,'2024-08-12 04:53:33','2024-08-12',280,1,1),(570,1,1,28,'2024-08-12 04:53:33','2024-08-12',281,1,1),(571,1,1,27,'2024-08-12 04:53:33','2024-08-12',282,1,1),(572,1,1,26,'2024-08-12 04:53:34','2024-08-12',283,1,1),(573,1,1,25,'2024-08-12 04:53:34','2024-08-12',284,1,1),(574,1,1,24,'2024-08-12 04:53:34','2024-08-12',285,1,1),(575,1,1,23,'2024-08-12 04:53:34','2024-08-12',286,1,1),(576,1,1,22,'2024-08-12 04:53:35','2024-08-12',287,1,1),(577,1,1,21,'2024-08-12 04:53:35','2024-08-12',288,1,1),(578,1,1,20,'2024-08-12 04:53:35','2024-08-12',289,1,1),(579,1,1,19,'2024-08-12 04:53:35','2024-08-12',290,1,1),(580,1,1,18,'2024-08-12 04:53:36','2024-08-12',291,1,1),(581,1,1,19,'2024-08-12 04:53:37','2024-08-12',292,1,1),(582,1,1,18,'2024-08-12 04:53:38','2024-08-12',293,1,1),(583,1,1,17,'2024-08-12 04:53:38','2024-08-12',294,1,1),(584,1,1,16,'2024-08-12 04:53:39','2024-08-12',295,1,1),(585,1,1,15,'2024-08-12 04:53:39','2024-08-12',296,1,1),(586,1,1,14,'2024-08-12 04:53:39','2024-08-12',297,1,1),(587,1,1,15,'2024-08-12 04:53:42','2024-08-12',298,1,1),(588,1,1,16,'2024-08-12 04:53:43','2024-08-12',299,1,1),(589,1,1,17,'2024-08-12 04:53:43','2024-08-12',300,1,1),(590,1,1,18,'2024-08-12 04:53:43','2024-08-12',301,1,1),(591,1,1,19,'2024-08-12 04:53:43','2024-08-12',302,1,1),(592,1,1,20,'2024-08-12 04:53:44','2024-08-12',303,1,1),(593,1,1,21,'2024-08-12 04:53:45','2024-08-12',304,1,1),(594,1,1,22,'2024-08-12 04:53:45','2024-08-12',305,1,1),(595,1,1,23,'2024-08-12 04:53:45','2024-08-12',306,1,1),(596,1,1,24,'2024-08-12 04:53:45','2024-08-12',307,1,1),(597,1,1,25,'2024-08-12 04:53:46','2024-08-12',308,1,1),(598,1,1,26,'2024-08-12 04:53:46','2024-08-12',309,1,1),(599,1,1,27,'2024-08-12 04:53:46','2024-08-12',310,1,1),(600,1,1,28,'2024-08-12 04:53:46','2024-08-12',311,1,1),(601,1,1,29,'2024-08-12 04:53:47','2024-08-12',312,1,1),(602,1,1,30,'2024-08-12 04:53:47','2024-08-12',313,1,1),(603,1,1,31,'2024-08-12 04:53:47','2024-08-12',314,1,1),(604,1,1,32,'2024-08-12 04:53:47','2024-08-12',315,1,1),(605,1,1,33,'2024-08-12 04:53:48','2024-08-12',316,1,1),(606,1,1,34,'2024-08-12 04:53:48','2024-08-12',317,1,1),(607,1,1,35,'2024-08-12 04:53:48','2024-08-12',318,1,1),(608,1,1,36,'2024-08-12 04:53:49','2024-08-12',319,1,1),(609,1,1,35,'2024-08-12 04:55:21','2024-08-12',320,1,1),(610,1,1,36,'2024-08-12 04:55:35','2024-08-12',321,1,1),(611,1,1,37,'2024-08-12 04:55:35','2024-08-12',322,1,1),(612,1,1,38,'2024-08-12 04:55:35','2024-08-12',323,1,1),(613,1,1,39,'2024-08-12 04:55:35','2024-08-12',324,1,1),(614,1,1,40,'2024-08-12 04:55:35','2024-08-12',325,1,1),(615,1,2,41,'2024-08-12 04:55:36','2024-08-12',326,1,1),(616,1,2,42,'2024-08-12 04:55:39','2024-08-12',327,1,1),(617,1,2,41,'2024-08-12 04:55:41','2024-08-12',328,1,1),(618,1,1,40,'2024-08-12 04:55:44','2024-08-12',329,1,1),(619,1,1,39,'2024-08-12 04:55:44','2024-08-12',330,1,1),(620,1,1,38,'2024-08-12 04:55:44','2024-08-12',331,1,1),(621,1,1,37,'2024-08-12 04:55:44','2024-08-12',332,1,1),(622,1,1,36,'2024-08-12 04:55:44','2024-08-12',333,1,1),(623,1,1,35,'2024-08-12 04:55:45','2024-08-12',334,1,1),(624,1,1,34,'2024-08-12 04:55:45','2024-08-12',335,1,1),(625,1,1,33,'2024-08-12 04:55:45','2024-08-12',336,1,1),(626,1,1,32,'2024-08-12 04:55:45','2024-08-12',337,1,1),(627,1,1,33,'2024-08-12 04:55:46','2024-08-12',338,1,1),(628,1,1,34,'2024-08-12 04:55:46','2024-08-12',339,1,1),(629,1,1,35,'2024-08-12 04:55:46','2024-08-12',340,1,1),(630,1,1,36,'2024-08-12 04:55:46','2024-08-12',341,1,1),(631,1,1,37,'2024-08-12 04:57:34','2024-08-12',342,1,1),(632,1,1,38,'2024-08-12 04:57:35','2024-08-12',343,1,1),(633,1,1,37,'2024-08-12 04:57:37','2024-08-12',344,1,1),(634,1,1,36,'2024-08-12 04:57:38','2024-08-12',345,1,1),(635,1,1,35,'2024-08-12 04:57:39','2024-08-12',346,1,1),(636,1,1,36,'2024-08-12 04:57:40','2024-08-12',347,1,1),(637,1,1,37,'2024-08-12 04:57:42','2024-08-12',348,1,1),(638,1,1,38,'2024-08-12 04:57:43','2024-08-12',349,1,1),(639,1,1,39,'2024-08-12 04:57:43','2024-08-12',350,1,1),(640,1,1,40,'2024-08-12 04:57:44','2024-08-12',351,1,1),(641,1,2,41,'2024-08-12 04:57:45','2024-08-12',352,1,1),(642,1,2,42,'2024-08-12 04:57:45','2024-08-12',353,1,1),(643,1,2,43,'2024-08-12 04:57:46','2024-08-12',354,1,1),(644,1,2,42,'2024-08-12 04:57:46','2024-08-12',355,1,1),(645,1,2,41,'2024-08-12 04:57:50','2024-08-12',356,1,1),(646,1,1,40,'2024-08-12 04:57:52','2024-08-12',357,1,1),(647,1,1,39,'2024-08-12 04:57:53','2024-08-12',358,1,1),(648,1,1,38,'2024-08-12 04:57:54','2024-08-12',359,1,1),(649,1,1,37,'2024-08-12 04:57:54','2024-08-12',360,1,1),(650,1,1,36,'2024-08-12 04:57:55','2024-08-12',361,1,1),(651,1,1,35,'2024-08-12 04:57:55','2024-08-12',362,1,1),(652,1,1,36,'2024-08-12 04:59:36','2024-08-12',363,1,1),(653,1,1,35,'2024-08-12 04:59:39','2024-08-12',364,1,1),(654,1,1,36,'2024-08-12 04:59:50','2024-08-12',365,1,1),(655,1,1,37,'2024-08-12 04:59:51','2024-08-12',366,1,1),(656,1,1,38,'2024-08-12 04:59:51','2024-08-12',367,1,1),(657,1,1,39,'2024-08-12 04:59:52','2024-08-12',368,1,1),(658,1,1,40,'2024-08-12 04:59:52','2024-08-12',369,1,1),(659,1,2,41,'2024-08-12 04:59:53','2024-08-12',370,1,1),(660,1,1,40,'2024-08-12 04:59:55','2024-08-12',371,1,1),(661,1,1,39,'2024-08-12 04:59:55','2024-08-12',372,1,1),(662,1,1,38,'2024-08-12 04:59:55','2024-08-12',373,1,1),(663,1,1,37,'2024-08-12 04:59:55','2024-08-12',374,1,1),(664,1,1,36,'2024-08-12 04:59:56','2024-08-12',375,1,1),(665,1,1,35,'2024-08-12 04:59:56','2024-08-12',376,1,1),(666,1,1,36,'2024-08-12 04:59:57','2024-08-12',377,1,1),(667,1,1,37,'2024-08-12 04:59:57','2024-08-12',378,1,1),(668,1,1,38,'2024-08-12 04:59:57','2024-08-12',379,1,1),(669,1,1,39,'2024-08-12 04:59:57','2024-08-12',380,1,1),(670,1,1,40,'2024-08-12 04:59:57','2024-08-12',381,1,1),(671,1,2,41,'2024-08-12 04:59:58','2024-08-12',382,1,1),(672,1,1,40,'2024-08-12 05:00:06','2024-08-12',383,1,1),(673,1,1,39,'2024-08-12 05:00:06','2024-08-12',384,1,1),(674,1,1,38,'2024-08-12 05:00:07','2024-08-12',385,1,1),(675,1,1,37,'2024-08-12 05:00:07','2024-08-12',386,1,1),(676,1,1,36,'2024-08-12 05:00:07','2024-08-12',387,1,1),(677,1,1,35,'2024-08-12 05:00:07','2024-08-12',388,1,1),(678,1,1,34,'2024-08-12 05:00:08','2024-08-12',389,1,1),(679,1,1,35,'2024-08-12 05:00:08','2024-08-12',390,1,1),(680,1,1,36,'2024-08-12 05:00:09','2024-08-12',391,1,1),(681,1,1,37,'2024-08-12 05:00:09','2024-08-12',392,1,1),(682,1,1,38,'2024-08-12 05:00:09','2024-08-12',393,1,1),(683,1,1,39,'2024-08-12 05:00:10','2024-08-12',394,1,1),(684,1,1,40,'2024-08-12 05:00:10','2024-08-12',395,1,1),(685,1,2,41,'2024-08-12 05:00:10','2024-08-12',396,1,1),(686,1,2,42,'2024-08-12 05:00:12','2024-08-12',397,1,1),(687,1,2,41,'2024-08-12 05:00:15','2024-08-12',398,1,1),(688,1,1,40,'2024-08-12 05:00:17','2024-08-12',399,1,1),(689,1,1,39,'2024-08-12 05:00:18','2024-08-12',400,1,1),(690,1,1,38,'2024-08-12 05:00:19','2024-08-12',401,1,1),(691,1,1,39,'2024-08-12 05:00:22','2024-08-12',402,1,1),(692,1,1,40,'2024-08-12 05:00:22','2024-08-12',403,1,1),(693,1,2,41,'2024-08-12 05:00:23','2024-08-12',404,1,1),(694,1,2,42,'2024-08-12 05:00:24','2024-08-12',405,1,1),(695,1,2,41,'2024-08-12 05:00:57','2024-08-12',406,1,1),(696,1,1,40,'2024-08-12 05:00:59','2024-08-12',407,1,1),(697,1,1,39,'2024-08-12 05:01:05','2024-08-12',408,1,1),(698,1,1,38,'2024-08-12 05:01:05','2024-08-12',409,1,1),(699,1,1,37,'2024-08-12 05:01:05','2024-08-12',410,1,1),(700,1,1,36,'2024-08-12 05:01:05','2024-08-12',411,1,1),(701,1,1,35,'2024-08-12 05:01:05','2024-08-12',412,1,1),(702,1,1,34,'2024-08-12 05:01:06','2024-08-12',413,1,1),(703,1,1,33,'2024-08-12 05:01:06','2024-08-12',414,1,1),(704,1,1,34,'2024-08-12 05:01:07','2024-08-12',415,1,1),(705,1,1,35,'2024-08-12 05:01:07','2024-08-12',416,1,1),(706,1,1,36,'2024-08-12 05:01:08','2024-08-12',417,1,1),(707,1,1,37,'2024-08-12 05:01:08','2024-08-12',418,1,1),(708,1,1,38,'2024-08-12 05:01:09','2024-08-12',419,1,1),(709,1,1,39,'2024-08-12 05:01:09','2024-08-12',420,1,1),(710,1,1,40,'2024-08-12 05:01:10','2024-08-12',421,1,1),(711,1,2,41,'2024-08-12 05:03:15','2024-08-12',422,1,1),(712,1,1,40,'2024-08-12 05:03:17','2024-08-12',423,1,1),(713,1,2,41,'2024-08-12 05:03:18','2024-08-12',424,1,1),(714,1,2,42,'2024-08-12 05:03:18','2024-08-12',425,1,1),(715,1,2,43,'2024-08-12 05:03:18','2024-08-12',426,1,1),(716,1,2,44,'2024-08-12 05:03:19','2024-08-12',427,1,1),(717,1,2,45,'2024-08-12 05:03:19','2024-08-12',428,1,1),(718,1,2,46,'2024-08-12 05:03:19','2024-08-12',429,1,1),(719,1,2,47,'2024-08-12 05:03:19','2024-08-12',430,1,1),(720,1,2,48,'2024-08-12 05:03:19','2024-08-12',431,1,1),(721,1,2,49,'2024-08-12 05:03:20','2024-08-12',432,1,1),(722,1,2,50,'2024-08-12 05:03:20','2024-08-12',433,1,1),(723,1,2,51,'2024-08-12 05:03:20','2024-08-12',434,1,1),(724,1,2,52,'2024-08-12 05:03:20','2024-08-12',435,1,1),(725,1,2,53,'2024-08-12 05:03:21','2024-08-12',436,1,1),(726,1,2,54,'2024-08-12 05:03:21','2024-08-12',437,1,1),(727,1,2,55,'2024-08-12 05:03:21','2024-08-12',438,1,1),(728,1,2,56,'2024-08-12 05:03:22','2024-08-12',439,1,1),(729,1,2,57,'2024-08-12 05:03:22','2024-08-12',440,1,1),(730,1,2,58,'2024-08-12 05:03:22','2024-08-12',441,1,1),(731,1,2,59,'2024-08-12 05:03:23','2024-08-12',442,1,1),(732,1,2,61,'2024-08-12 05:03:23','2024-08-12',443,1,1),(733,1,2,62,'2024-08-12 05:03:23','2024-08-12',444,1,1),(734,1,2,63,'2024-08-12 05:03:23','2024-08-12',445,1,1),(735,1,2,64,'2024-08-12 05:03:23','2024-08-12',446,1,1),(736,1,2,66,'2024-08-12 05:03:23','2024-08-12',447,1,1),(737,1,2,67,'2024-08-12 05:03:37','2024-08-12',448,1,1),(738,1,2,68,'2024-08-12 05:03:37','2024-08-12',449,1,1),(739,1,2,70,'2024-08-12 05:03:37','2024-08-12',450,1,1),(740,1,2,71,'2024-08-12 05:03:37','2024-08-12',451,1,1),(741,1,2,72,'2024-08-12 05:03:37','2024-08-12',452,1,1),(742,1,2,73,'2024-08-12 05:03:37','2024-08-12',453,1,1),(743,1,2,75,'2024-08-12 05:03:38','2024-08-12',454,1,1),(744,1,2,76,'2024-08-12 05:03:38','2024-08-12',455,1,1),(745,1,2,77,'2024-08-12 05:03:38','2024-08-12',456,1,1),(746,1,2,371,'2024-08-12 05:03:53','2024-08-12',457,1,1),(747,1,2,373,'2024-08-12 05:03:53','2024-08-12',458,1,1),(748,1,2,374,'2024-08-12 05:03:54','2024-08-12',459,1,1),(749,1,2,376,'2024-08-12 05:03:54','2024-08-12',460,1,1),(750,1,2,377,'2024-08-12 05:03:54','2024-08-12',461,1,1),(751,1,2,378,'2024-08-12 05:03:54','2024-08-12',462,1,1),(752,1,2,381,'2024-08-12 05:03:54','2024-08-12',463,1,1),(753,1,2,382,'2024-08-12 05:03:55','2024-08-12',464,1,1),(754,1,2,383,'2024-08-12 05:03:55','2024-08-12',465,1,1),(755,1,2,385,'2024-08-12 05:03:55','2024-08-12',466,1,1),(756,1,2,388,'2024-08-12 05:03:55','2024-08-12',467,1,1),(757,1,2,390,'2024-08-12 05:03:55','2024-08-12',468,1,1),(758,1,2,392,'2024-08-12 05:03:55','2024-08-12',469,1,1),(759,1,2,393,'2024-08-12 05:03:56','2024-08-12',470,1,1),(760,1,2,394,'2024-08-12 05:03:56','2024-08-12',471,1,1),(761,1,2,395,'2024-08-12 05:03:56','2024-08-12',472,1,1),(762,1,2,397,'2024-08-12 05:03:57','2024-08-12',473,1,1),(763,1,2,398,'2024-08-12 05:03:57','2024-08-12',474,1,1),(764,1,2,399,'2024-08-12 05:03:57','2024-08-12',475,1,1),(765,1,2,402,'2024-08-12 05:03:57','2024-08-12',476,1,1),(766,1,2,403,'2024-08-12 05:03:57','2024-08-12',477,1,1),(767,1,2,404,'2024-08-12 05:03:57','2024-08-12',478,1,1),(768,1,2,405,'2024-08-12 05:03:57','2024-08-12',479,1,1),(769,1,2,406,'2024-08-12 05:03:57','2024-08-12',480,1,1),(770,1,2,410,'2024-08-12 05:03:58','2024-08-12',481,1,1),(771,1,2,411,'2024-08-12 05:03:58','2024-08-12',482,1,1),(772,1,2,415,'2024-08-12 05:03:58','2024-08-12',483,1,1),(773,1,2,416,'2024-08-12 05:03:58','2024-08-12',484,1,1),(774,1,2,418,'2024-08-12 05:03:58','2024-08-12',485,1,1),(775,1,2,419,'2024-08-12 05:03:59','2024-08-12',486,1,1),(776,1,2,420,'2024-08-12 05:03:59','2024-08-12',487,1,1),(777,1,2,421,'2024-08-12 05:04:01','2024-08-12',488,1,1),(778,1,2,423,'2024-08-12 05:04:01','2024-08-12',489,1,1),(779,1,2,424,'2024-08-12 05:04:02','2024-08-12',490,1,1),(780,1,2,425,'2024-08-12 05:04:02','2024-08-12',491,1,1),(781,1,2,427,'2024-08-12 05:04:02','2024-08-12',492,1,1),(782,1,2,428,'2024-08-12 05:04:03','2024-08-12',493,1,1),(783,1,2,429,'2024-08-12 05:04:04','2024-08-12',494,1,1),(784,1,2,430,'2024-08-12 05:04:04','2024-08-12',495,1,1),(785,1,2,431,'2024-08-12 05:04:05','2024-08-12',496,1,1),(786,1,2,432,'2024-08-12 05:04:05','2024-08-12',497,1,1),(787,1,2,433,'2024-08-12 05:04:06','2024-08-12',498,1,1),(788,1,2,434,'2024-08-12 05:04:06','2024-08-12',499,1,1),(789,1,2,435,'2024-08-12 05:04:07','2024-08-12',500,1,1),(790,1,2,436,'2024-08-12 05:04:07','2024-08-12',501,1,1),(791,1,2,437,'2024-08-12 05:04:08','2024-08-12',502,1,1),(792,1,2,438,'2024-08-12 05:04:09','2024-08-12',503,1,1),(793,1,2,439,'2024-08-12 05:04:09','2024-08-12',504,1,1),(794,1,3,440,'2024-08-12 05:04:10','2024-08-12',505,1,1),(795,1,2,439,'2024-08-12 05:04:12','2024-08-12',506,1,1),(796,1,3,440,'2024-08-12 05:05:39','2024-08-12',507,1,1),(797,1,3,441,'2024-08-12 05:05:39','2024-08-12',508,1,1),(798,1,3,442,'2024-08-12 05:05:40','2024-08-12',509,1,1),(799,1,3,443,'2024-08-12 05:05:40','2024-08-12',510,1,1),(800,1,3,442,'2024-08-12 05:05:41','2024-08-12',511,1,1),(801,1,3,441,'2024-08-12 05:05:41','2024-08-12',512,1,1),(802,1,3,440,'2024-08-12 05:05:42','2024-08-12',513,1,1),(803,1,2,439,'2024-08-12 05:05:42','2024-08-12',514,1,1),(804,1,3,440,'2024-08-12 05:07:14','2024-08-12',515,1,1),(805,1,3,441,'2024-08-12 05:07:15','2024-08-12',516,1,1),(806,1,3,440,'2024-08-12 05:07:23','2024-08-12',517,1,1),(807,1,2,439,'2024-08-12 05:07:24','2024-08-12',518,1,1),(808,1,2,438,'2024-08-12 05:07:24','2024-08-12',519,1,1),(809,1,2,437,'2024-08-12 05:07:24','2024-08-12',520,1,1),(810,1,2,436,'2024-08-12 05:07:24','2024-08-12',521,1,1),(811,1,2,435,'2024-08-12 05:07:25','2024-08-12',522,1,1),(812,1,2,434,'2024-08-12 05:07:25','2024-08-12',523,1,1),(813,1,2,433,'2024-08-12 05:07:25','2024-08-12',524,1,1),(814,1,2,432,'2024-08-12 05:07:25','2024-08-12',525,1,1),(815,1,2,431,'2024-08-12 05:07:25','2024-08-12',526,1,1),(816,1,2,430,'2024-08-12 05:07:26','2024-08-12',527,1,1),(817,1,2,429,'2024-08-12 05:07:26','2024-08-12',528,1,1),(818,1,2,428,'2024-08-12 05:07:26','2024-08-12',529,1,1),(819,1,2,436,'2024-08-12 05:07:35','2024-08-12',530,1,1),(820,1,2,437,'2024-08-12 05:07:37','2024-08-12',531,1,1),(821,1,2,438,'2024-08-12 05:07:37','2024-08-12',532,1,1),(822,1,2,439,'2024-08-12 05:07:38','2024-08-12',533,1,1),(823,1,3,440,'2024-08-12 05:07:39','2024-08-12',534,1,1),(824,1,3,441,'2024-08-12 05:07:52','2024-08-12',535,1,1),(825,1,3,440,'2024-08-12 05:08:03','2024-08-12',536,1,1),(826,1,3,441,'2024-08-12 05:08:06','2024-08-12',537,1,1),(827,1,3,442,'2024-08-12 05:08:06','2024-08-12',538,1,1),(828,1,3,443,'2024-08-12 05:08:07','2024-08-12',539,1,1),(829,1,3,444,'2024-08-12 05:08:07','2024-08-12',540,1,1),(830,1,3,445,'2024-08-12 05:08:07','2024-08-12',541,1,1),(831,1,3,446,'2024-08-12 05:08:08','2024-08-12',542,1,1),(832,1,4,447,'2024-08-12 05:08:08','2024-08-12',543,1,1),(833,1,4,448,'2024-08-12 05:08:08','2024-08-12',544,1,1),(834,1,4,449,'2024-08-12 05:08:12','2024-08-12',545,1,1),(835,1,4,450,'2024-08-12 05:08:13','2024-08-12',546,1,1),(836,1,4,449,'2024-08-12 05:08:16','2024-08-12',547,1,1),(837,1,4,448,'2024-08-12 05:08:16','2024-08-12',548,1,1),(838,1,4,447,'2024-08-12 05:08:17','2024-08-12',549,1,1),(839,1,3,446,'2024-08-12 05:08:18','2024-08-12',550,1,1),(840,1,4,447,'2024-08-12 05:08:19','2024-08-12',551,1,1),(841,1,4,448,'2024-08-12 05:08:20','2024-08-12',552,1,1),(842,1,4,449,'2024-08-12 05:08:21','2024-08-12',553,1,1),(843,1,4,450,'2024-08-12 05:08:22','2024-08-12',554,1,1),(844,1,4,451,'2024-08-12 05:08:23','2024-08-12',555,1,1),(845,1,4,452,'2024-08-12 05:08:26','2024-08-12',556,1,1),(846,1,4,453,'2024-08-12 05:08:28','2024-08-12',557,1,1),(847,1,4,454,'2024-08-12 05:08:30','2024-08-12',558,1,1),(848,1,4,455,'2024-08-12 05:08:31','2024-08-12',559,1,1),(849,1,4,456,'2024-08-12 05:08:31','2024-08-12',560,1,1),(850,1,4,457,'2024-08-12 05:08:32','2024-08-12',561,1,1),(851,1,5,458,'2024-08-12 05:08:32','2024-08-12',562,1,1),(852,1,5,459,'2024-08-12 05:08:33','2024-08-12',563,1,1),(853,1,5,458,'2024-08-12 05:08:35','2024-08-12',564,1,1),(854,1,4,457,'2024-08-12 05:08:35','2024-08-12',565,1,1),(855,1,4,456,'2024-08-12 05:08:36','2024-08-12',566,1,1),(856,1,4,457,'2024-08-12 05:08:39','2024-08-12',567,1,1),(857,1,4,456,'2024-08-12 05:09:20','2024-08-12',568,1,1),(858,1,4,455,'2024-08-12 05:09:20','2024-08-12',569,1,1),(859,1,4,454,'2024-08-12 05:09:20','2024-08-12',570,1,1),(860,1,4,453,'2024-08-12 05:09:20','2024-08-12',571,1,1),(861,1,4,452,'2024-08-12 05:09:20','2024-08-12',572,1,1),(862,1,4,451,'2024-08-12 05:09:21','2024-08-12',573,1,1),(863,1,4,450,'2024-08-12 05:09:21','2024-08-12',574,1,1),(864,1,4,449,'2024-08-12 05:09:21','2024-08-12',575,1,1),(865,1,4,448,'2024-08-12 05:09:21','2024-08-12',576,1,1),(866,1,4,447,'2024-08-12 05:09:21','2024-08-12',577,1,1),(867,1,3,446,'2024-08-12 05:09:22','2024-08-12',578,1,1),(868,1,3,445,'2024-08-12 05:09:22','2024-08-12',579,1,1),(869,1,3,446,'2024-08-12 05:09:24','2024-08-12',580,1,1),(870,1,4,447,'2024-08-12 05:09:27','2024-08-12',581,1,1),(871,1,3,446,'2024-08-12 05:09:29','2024-08-12',582,1,1),(872,1,3,445,'2024-08-12 05:09:29','2024-08-12',583,1,1),(873,1,3,446,'2024-08-12 05:09:30','2024-08-12',584,1,1),(874,1,4,447,'2024-08-12 05:09:31','2024-08-12',585,1,1),(875,1,4,448,'2024-08-12 05:10:18','2024-08-12',586,1,1),(876,1,4,449,'2024-08-12 05:10:19','2024-08-12',587,1,1),(877,1,4,450,'2024-08-12 05:10:20','2024-08-12',588,1,1),(878,1,4,451,'2024-08-12 05:10:20','2024-08-12',589,1,1),(879,1,4,452,'2024-08-12 05:10:21','2024-08-12',590,1,1),(880,1,4,453,'2024-08-12 05:10:21','2024-08-12',591,1,1),(881,1,4,454,'2024-08-12 05:10:22','2024-08-12',592,1,1),(882,1,4,455,'2024-08-12 05:10:22','2024-08-12',593,1,1),(883,1,4,454,'2024-08-12 05:10:24','2024-08-12',594,1,1),(884,1,4,453,'2024-08-12 05:10:24','2024-08-12',595,1,1),(885,1,4,452,'2024-08-12 05:10:24','2024-08-12',596,1,1),(886,1,4,451,'2024-08-12 05:10:25','2024-08-12',597,1,1),(887,1,4,450,'2024-08-12 05:10:25','2024-08-12',598,1,1),(888,1,4,449,'2024-08-12 05:10:25','2024-08-12',599,1,1),(889,1,4,448,'2024-08-12 05:10:25','2024-08-12',600,1,1),(890,1,4,447,'2024-08-12 05:10:25','2024-08-12',601,1,1),(891,1,3,446,'2024-08-12 05:10:26','2024-08-12',602,1,1),(892,1,3,445,'2024-08-12 05:10:28','2024-08-12',603,1,1),(893,1,3,446,'2024-08-12 05:10:29','2024-08-12',604,1,1),(894,1,4,447,'2024-08-12 05:10:29','2024-08-12',605,1,1),(895,1,3,446,'2024-08-12 05:10:30','2024-08-12',606,1,1),(896,1,4,447,'2024-08-12 05:10:47','2024-08-12',607,1,1),(897,1,4,448,'2024-08-12 05:10:48','2024-08-12',608,1,1),(898,1,4,447,'2024-08-12 05:10:55','2024-08-12',609,1,1),(899,1,3,446,'2024-08-12 05:10:55','2024-08-12',610,1,1),(900,1,3,445,'2024-08-12 05:10:55','2024-08-12',611,1,1),(901,1,3,444,'2024-08-12 05:10:55','2024-08-12',612,1,1),(902,1,3,443,'2024-08-12 05:10:56','2024-08-12',613,1,1),(903,1,3,442,'2024-08-12 05:10:56','2024-08-12',614,1,1),(904,1,3,443,'2024-08-12 05:10:57','2024-08-12',615,1,1),(905,1,3,444,'2024-08-12 05:10:58','2024-08-12',616,1,1),(906,1,3,445,'2024-08-12 05:10:58','2024-08-12',617,1,1),(907,1,3,446,'2024-08-12 05:11:06','2024-08-12',618,1,1),(908,1,4,447,'2024-08-12 05:11:07','2024-08-12',619,1,1),(909,1,4,448,'2024-08-12 05:11:29','2024-08-12',620,1,1),(910,1,4,449,'2024-08-12 05:11:29','2024-08-12',621,1,1),(911,1,4,450,'2024-08-12 05:11:29','2024-08-12',622,1,1),(912,1,4,451,'2024-08-12 05:11:29','2024-08-12',623,1,1),(913,1,4,452,'2024-08-12 05:11:29','2024-08-12',624,1,1),(914,1,4,453,'2024-08-12 05:11:29','2024-08-12',625,1,1),(915,1,4,454,'2024-08-12 05:11:30','2024-08-12',626,1,1),(916,1,4,455,'2024-08-12 05:11:30','2024-08-12',627,1,1),(917,1,4,456,'2024-08-12 05:11:30','2024-08-12',628,1,1),(918,1,4,457,'2024-08-12 05:11:30','2024-08-12',629,1,1),(919,1,5,458,'2024-08-12 05:11:31','2024-08-12',630,1,1),(920,1,5,459,'2024-08-12 05:11:31','2024-08-12',631,1,1),(921,1,5,460,'2024-08-12 05:11:31','2024-08-12',632,1,1),(922,1,5,461,'2024-08-12 05:11:31','2024-08-12',633,1,1),(923,1,5,462,'2024-08-12 05:11:31','2024-08-12',634,1,1),(924,1,5,463,'2024-08-12 05:11:31','2024-08-12',635,1,1),(925,1,5,464,'2024-08-12 05:11:32','2024-08-12',636,1,1),(926,1,5,465,'2024-08-12 05:11:32','2024-08-12',637,1,1),(927,1,5,466,'2024-08-12 05:11:32','2024-08-12',638,1,1),(928,1,5,467,'2024-08-12 05:11:32','2024-08-12',639,1,1),(929,1,5,468,'2024-08-12 05:11:33','2024-08-12',640,1,1),(930,1,5,469,'2024-08-12 05:11:33','2024-08-12',641,1,1),(931,1,5,470,'2024-08-12 05:11:33','2024-08-12',642,1,1),(932,1,5,471,'2024-08-12 05:11:33','2024-08-12',643,1,1),(933,1,5,472,'2024-08-12 05:11:33','2024-08-12',644,1,1),(934,1,5,473,'2024-08-12 05:11:34','2024-08-12',645,1,1),(935,1,5,474,'2024-08-12 05:11:34','2024-08-12',646,1,1),(936,1,5,475,'2024-08-12 05:11:34','2024-08-12',647,1,1),(937,1,5,476,'2024-08-12 05:11:35','2024-08-12',648,1,1),(938,1,5,477,'2024-08-12 05:11:35','2024-08-12',649,1,1),(939,1,5,478,'2024-08-12 05:11:35','2024-08-12',650,1,1),(940,1,5,479,'2024-08-12 05:11:35','2024-08-12',651,1,1),(941,1,5,480,'2024-08-12 05:11:36','2024-08-12',652,1,1),(942,1,5,481,'2024-08-12 05:11:36','2024-08-12',653,1,1),(943,1,5,482,'2024-08-12 05:11:36','2024-08-12',654,1,1),(944,1,5,483,'2024-08-12 05:11:36','2024-08-12',655,1,1),(945,1,5,484,'2024-08-12 05:11:37','2024-08-12',656,1,1),(946,1,5,485,'2024-08-12 05:11:37','2024-08-12',657,1,1),(947,1,5,486,'2024-08-12 05:11:37','2024-08-12',658,1,1),(948,1,5,487,'2024-08-12 05:11:38','2024-08-12',659,1,1),(949,1,5,488,'2024-08-12 05:11:38','2024-08-12',660,1,1),(950,1,5,489,'2024-08-12 05:11:38','2024-08-12',661,1,1),(951,1,5,490,'2024-08-12 05:11:38','2024-08-12',662,1,1),(952,1,5,491,'2024-08-12 05:11:38','2024-08-12',663,1,1),(953,1,5,492,'2024-08-12 05:11:39','2024-08-12',664,1,1),(954,1,5,493,'2024-08-12 05:11:39','2024-08-12',665,1,1),(955,1,5,494,'2024-08-12 05:11:39','2024-08-12',666,1,1),(956,1,5,495,'2024-08-12 05:11:39','2024-08-12',667,1,1),(957,1,5,496,'2024-08-12 05:11:40','2024-08-12',668,1,1),(958,1,5,497,'2024-08-12 05:11:40','2024-08-12',669,1,1),(959,1,5,498,'2024-08-12 05:11:40','2024-08-12',670,1,1),(960,1,5,499,'2024-08-12 05:11:40','2024-08-12',671,1,1),(961,1,5,500,'2024-08-12 05:11:40','2024-08-12',672,1,1),(962,1,5,501,'2024-08-12 05:11:41','2024-08-12',673,1,1),(963,1,5,502,'2024-08-12 05:11:42','2024-08-12',674,1,1),(964,1,5,503,'2024-08-12 05:11:42','2024-08-12',675,1,1),(965,1,5,504,'2024-08-12 05:11:42','2024-08-12',676,1,1),(966,1,5,505,'2024-08-12 05:11:42','2024-08-12',677,1,1),(967,1,5,506,'2024-08-12 05:11:43','2024-08-12',678,1,1),(968,1,5,507,'2024-08-12 05:11:43','2024-08-12',679,1,1),(969,1,5,508,'2024-08-12 05:11:44','2024-08-12',680,1,1),(970,1,5,509,'2024-08-12 05:11:44','2024-08-12',681,1,1),(971,1,5,510,'2024-08-12 05:11:44','2024-08-12',682,1,1),(972,1,5,511,'2024-08-12 05:11:45','2024-08-12',683,1,1),(973,1,5,512,'2024-08-12 05:11:45','2024-08-12',684,1,1),(974,1,5,513,'2024-08-12 05:11:45','2024-08-12',685,1,1),(975,1,5,514,'2024-08-12 05:11:45','2024-08-12',686,1,1),(976,1,5,515,'2024-08-12 05:11:45','2024-08-12',687,1,1),(977,1,5,516,'2024-08-12 05:11:45','2024-08-12',688,1,1),(978,1,5,517,'2024-08-12 05:11:46','2024-08-12',689,1,1),(979,1,6,1382,'2024-08-12 05:15:58','2024-08-12',690,1,1),(980,1,5,1381,'2024-08-12 05:15:59','2024-08-12',691,1,1),(981,1,5,1380,'2024-08-12 05:16:00','2024-08-12',692,1,1),(982,1,5,1380,'2024-08-12 05:16:04','2024-08-12',693,1,1),(983,1,5,1381,'2024-08-12 05:16:05','2024-08-12',694,1,1),(984,1,6,1382,'2024-08-12 05:16:06','2024-08-12',695,1,1),(985,1,6,1501,'2024-08-12 05:21:27','2024-08-12',696,1,1),(986,1,6,1502,'2024-08-12 05:21:27','2024-08-12',697,1,1),(987,1,6,1503,'2024-08-12 05:21:27','2024-08-12',698,1,1),(988,1,6,1504,'2024-08-12 05:21:27','2024-08-12',699,1,1),(989,1,6,1505,'2024-08-12 05:21:28','2024-08-12',700,1,1),(990,1,6,1506,'2024-08-12 05:21:28','2024-08-12',701,1,1),(991,1,6,1507,'2024-08-12 05:21:28','2024-08-12',702,1,1),(992,1,6,1508,'2024-08-12 05:21:28','2024-08-12',703,1,1),(993,1,6,1509,'2024-08-12 05:21:28','2024-08-12',704,1,1),(994,1,6,1510,'2024-08-12 05:21:29','2024-08-12',705,1,1),(995,1,6,1511,'2024-08-12 05:21:29','2024-08-12',706,1,1),(996,1,6,1512,'2024-08-12 05:21:29','2024-08-12',707,1,1),(997,1,6,2001,'2024-08-12 05:21:33','2024-08-12',708,1,1),(998,1,6,2002,'2024-08-12 05:21:33','2024-08-12',709,1,1),(999,1,6,2003,'2024-08-12 05:21:34','2024-08-12',710,1,1),(1000,1,6,2004,'2024-08-12 05:21:35','2024-08-12',711,1,1),(1001,1,6,2005,'2024-08-12 05:21:35','2024-08-12',712,1,1),(1002,1,6,2368,'2024-08-12 05:22:24','2024-08-12',713,1,1),(1003,1,7,2369,'2024-08-12 05:22:26','2024-08-12',714,1,1),(1004,1,6,2368,'2024-08-12 05:22:35','2024-08-12',715,1,1),(1005,1,6,2367,'2024-08-12 05:29:50','2024-08-12',716,1,1),(1006,1,6,2366,'2024-08-12 05:29:50','2024-08-12',717,1,1),(1007,1,6,2365,'2024-08-12 05:29:50','2024-08-12',718,1,1),(1008,1,6,2364,'2024-08-12 05:29:50','2024-08-12',719,1,1),(1009,1,6,2363,'2024-08-12 05:29:50','2024-08-12',720,1,1),(1010,1,6,2362,'2024-08-12 05:29:50','2024-08-12',721,1,1),(1011,1,6,2361,'2024-08-12 05:29:51','2024-08-12',722,1,1),(1012,1,6,2360,'2024-08-12 05:29:51','2024-08-12',723,1,1),(1013,1,1,40,'2024-08-12 05:33:27','2024-08-12',724,1,1),(1014,1,2,41,'2024-08-12 05:33:28','2024-08-12',725,1,1),(1015,1,2,42,'2024-08-12 05:33:30','2024-08-12',726,1,1),(1016,1,2,439,'2024-08-12 05:41:21','2024-08-12',727,1,1),(1017,1,2,438,'2024-08-12 05:41:22','2024-08-12',728,1,1),(1018,1,2,439,'2024-08-12 05:41:23','2024-08-12',729,1,1),(1019,1,3,440,'2024-08-12 05:41:23','2024-08-12',730,1,1),(1020,1,3,441,'2024-08-12 05:41:25','2024-08-12',731,1,1),(1021,1,3,442,'2024-08-12 05:41:26','2024-08-12',732,1,1),(1022,1,3,443,'2024-08-12 05:41:26','2024-08-12',733,1,1),(1023,1,3,444,'2024-08-12 05:41:27','2024-08-12',734,1,1),(1024,1,3,445,'2024-08-12 05:41:27','2024-08-12',735,1,1),(1025,1,3,446,'2024-08-12 05:41:28','2024-08-12',736,1,1),(1026,1,4,447,'2024-08-12 05:41:28','2024-08-12',737,1,1),(1027,1,4,447,'2024-08-12 05:42:07','2024-08-12',738,1,1),(1028,1,3,445,'2024-08-12 05:42:14','2024-08-12',739,1,1),(1029,1,3,446,'2024-08-12 05:42:15','2024-08-12',740,1,1),(1030,1,4,447,'2024-08-12 05:42:15','2024-08-12',741,1,1),(1031,1,3,446,'2024-08-12 05:42:50','2024-08-12',742,1,1),(1032,1,4,447,'2024-08-12 05:42:52','2024-08-12',743,1,1),(1033,1,3,446,'2024-08-12 05:42:53','2024-08-12',744,1,1),(1034,1,3,445,'2024-08-12 05:42:54','2024-08-12',745,1,1),(1035,1,3,444,'2024-08-12 05:42:54','2024-08-12',746,1,1),(1036,1,3,443,'2024-08-12 05:42:54','2024-08-12',747,1,1),(1037,1,3,442,'2024-08-12 05:42:55','2024-08-12',748,1,1),(1038,1,3,441,'2024-08-12 05:42:55','2024-08-12',749,1,1),(1039,1,3,440,'2024-08-12 05:42:55','2024-08-12',750,1,1),(1040,1,2,439,'2024-08-12 05:42:56','2024-08-12',751,1,1),(1041,1,6,1382,'2024-08-12 05:43:56','2024-08-12',752,1,1),(1042,1,5,1381,'2024-08-12 05:43:58','2024-08-12',753,1,1),(1043,1,6,1382,'2024-08-12 05:44:00','2024-08-12',754,1,1),(1044,1,6,2368,'2024-08-12 05:45:12','2024-08-12',755,1,1),(1045,1,6,2367,'2024-08-12 05:45:16','2024-08-12',756,1,1),(1046,1,6,2366,'2024-08-12 05:45:17','2024-08-12',757,1,1),(1047,1,6,2365,'2024-08-12 05:45:17','2024-08-12',758,1,1),(1048,1,6,2364,'2024-08-12 05:45:18','2024-08-12',759,1,1),(1049,1,6,2363,'2024-08-12 05:45:18','2024-08-12',760,1,1),(1050,1,6,2364,'2024-08-12 05:45:32','2024-08-12',761,1,1),(1051,1,6,2365,'2024-08-12 05:45:32','2024-08-12',762,1,1),(1052,1,6,2366,'2024-08-12 05:45:33','2024-08-12',763,1,1),(1053,1,6,2367,'2024-08-12 05:45:33','2024-08-12',764,1,1),(1054,1,6,2368,'2024-08-12 05:45:33','2024-08-12',765,1,1),(1055,1,6,2367,'2024-08-12 05:50:27','2024-08-12',766,1,1),(1056,1,6,2366,'2024-08-12 05:50:27','2024-08-12',767,1,1),(1057,1,6,2365,'2024-08-12 05:50:27','2024-08-12',768,1,1),(1058,1,6,2364,'2024-08-12 05:50:27','2024-08-12',769,1,1),(1059,1,6,2363,'2024-08-12 05:50:28','2024-08-12',770,1,1),(1060,1,6,2362,'2024-08-12 05:50:28','2024-08-12',771,1,1),(1061,1,6,2361,'2024-08-12 05:50:28','2024-08-12',772,1,1),(1062,1,2,43,'2024-08-12 05:55:24','2024-08-12',773,1,1),(1063,1,2,44,'2024-08-12 05:55:24','2024-08-12',774,1,1),(1064,1,2,45,'2024-08-12 05:55:24','2024-08-12',775,1,1),(1065,1,2,46,'2024-08-12 05:55:25','2024-08-12',776,1,1),(1066,1,2,47,'2024-08-12 05:55:25','2024-08-12',777,1,1),(1067,1,2,48,'2024-08-12 05:55:25','2024-08-12',778,1,1),(1068,1,2,49,'2024-08-12 05:55:25','2024-08-12',779,1,1),(1069,1,2,50,'2024-08-12 05:55:25','2024-08-12',780,1,1),(1070,1,2,51,'2024-08-12 05:55:26','2024-08-12',781,1,1),(1071,1,2,52,'2024-08-12 05:55:26','2024-08-12',782,1,1),(1072,1,2,53,'2024-08-12 05:55:26','2024-08-12',783,1,1),(1073,1,2,54,'2024-08-12 05:55:26','2024-08-12',784,1,1),(1074,1,2,55,'2024-08-12 05:55:26','2024-08-12',785,1,1),(1075,1,2,56,'2024-08-12 05:55:27','2024-08-12',786,1,1),(1076,1,2,57,'2024-08-12 05:55:27','2024-08-12',787,1,1),(1077,1,2,58,'2024-08-12 05:55:27','2024-08-12',788,1,1),(1078,1,2,59,'2024-08-12 05:55:27','2024-08-12',789,1,1),(1079,1,2,61,'2024-08-12 05:55:27','2024-08-12',790,1,1),(1080,1,2,62,'2024-08-12 05:55:27','2024-08-12',791,1,1),(1081,1,2,63,'2024-08-12 05:55:28','2024-08-12',792,1,1),(1082,1,2,64,'2024-08-12 05:55:28','2024-08-12',793,1,1),(1083,1,2,66,'2024-08-12 05:55:28','2024-08-12',794,1,1),(1084,1,2,67,'2024-08-12 05:55:28','2024-08-12',795,1,1),(1085,1,2,68,'2024-08-12 05:55:28','2024-08-12',796,1,1),(1086,1,2,70,'2024-08-12 05:55:29','2024-08-12',797,1,1),(1087,1,2,71,'2024-08-12 05:55:29','2024-08-12',798,1,1),(1088,1,2,72,'2024-08-12 05:55:29','2024-08-12',799,1,1),(1089,1,2,73,'2024-08-12 05:55:29','2024-08-12',800,1,1),(1090,1,2,75,'2024-08-12 05:55:29','2024-08-12',801,1,1),(1091,1,2,76,'2024-08-12 05:55:29','2024-08-12',802,1,1),(1092,1,2,77,'2024-08-12 05:55:30','2024-08-12',803,1,1),(1093,1,2,80,'2024-08-12 05:55:30','2024-08-12',804,1,1),(1094,1,2,82,'2024-08-12 05:55:30','2024-08-12',805,1,1),(1095,1,2,83,'2024-08-12 05:55:30','2024-08-12',806,1,1),(1096,1,2,84,'2024-08-12 05:55:31','2024-08-12',807,1,1),(1097,1,2,85,'2024-08-12 05:55:31','2024-08-12',808,1,1),(1098,1,2,87,'2024-08-12 05:55:31','2024-08-12',809,1,1),(1099,1,2,88,'2024-08-12 05:55:31','2024-08-12',810,1,1),(1100,1,2,89,'2024-08-12 05:55:32','2024-08-12',811,1,1),(1101,1,5,772,'2024-08-12 06:11:44','2024-08-12',812,1,1),(1102,1,5,772,'2024-08-12 06:12:31','2024-08-12',813,1,1),(1103,1,6,1678,'2024-08-12 06:14:19','2024-08-12',814,1,1),(1104,1,5,704,'2024-08-12 06:20:20','2024-08-12',815,1,1),(1105,1,1,2,'2024-08-12 07:37:59','2024-08-12',816,1,1),(1106,1,1,3,'2024-08-12 07:38:00','2024-08-12',817,1,1),(1107,1,1,4,'2024-08-12 07:38:01','2024-08-12',818,1,1),(1108,1,1,3,'2024-08-12 07:38:03','2024-08-12',819,1,1),(1109,1,1,2,'2024-08-12 07:38:03','2024-08-12',820,1,1),(1110,1,1,1,'2024-08-12 07:39:38','2024-08-12',821,1,1),(1111,1,1,2,'2024-08-12 07:39:41','2024-08-12',822,1,1),(1112,1,1,3,'2024-08-12 07:39:41','2024-08-12',823,1,1),(1113,1,1,4,'2024-08-12 07:39:41','2024-08-12',824,1,1),(1114,1,1,5,'2024-08-12 07:39:41','2024-08-12',825,1,1),(1115,1,1,6,'2024-08-12 07:39:41','2024-08-12',826,1,1),(1116,1,1,7,'2024-08-12 07:39:41','2024-08-12',827,1,1),(1117,1,1,8,'2024-08-12 07:39:42','2024-08-12',828,1,1),(1118,1,1,9,'2024-08-12 07:39:42','2024-08-12',829,1,1),(1119,1,1,10,'2024-08-12 07:39:42','2024-08-12',830,1,1),(1120,1,1,11,'2024-08-12 07:39:42','2024-08-12',831,1,1),(1121,1,1,12,'2024-08-12 07:39:42','2024-08-12',832,1,1),(1122,1,1,13,'2024-08-12 07:39:43','2024-08-12',833,1,1),(1123,1,1,14,'2024-08-12 07:39:43','2024-08-12',834,1,1),(1124,1,1,15,'2024-08-12 07:39:43','2024-08-12',835,1,1),(1125,1,1,16,'2024-08-12 07:39:43','2024-08-12',836,1,1),(1126,1,1,17,'2024-08-12 07:39:44','2024-08-12',837,1,1),(1127,1,1,18,'2024-08-12 07:39:44','2024-08-12',838,1,1),(1128,1,1,17,'2024-08-12 07:39:45','2024-08-12',839,1,1),(1129,1,1,16,'2024-08-12 07:39:45','2024-08-12',840,1,1),(1130,1,1,15,'2024-08-12 07:39:45','2024-08-12',841,1,1),(1131,1,1,14,'2024-08-12 07:39:45','2024-08-12',842,1,1),(1132,1,1,13,'2024-08-12 07:39:46','2024-08-12',843,1,1),(1133,1,1,12,'2024-08-12 07:39:46','2024-08-12',844,1,1),(1134,1,1,13,'2024-08-12 07:39:48','2024-08-12',845,1,1),(1135,1,1,14,'2024-08-12 07:39:48','2024-08-12',846,1,1),(1136,1,1,15,'2024-08-12 07:39:48','2024-08-12',847,1,1),(1137,1,1,16,'2024-08-12 07:39:49','2024-08-12',848,1,1),(1138,1,1,17,'2024-08-12 07:39:49','2024-08-12',849,1,1),(1139,1,1,18,'2024-08-12 07:39:49','2024-08-12',850,1,1),(1140,1,1,19,'2024-08-12 07:39:49','2024-08-12',851,1,1),(1141,1,1,20,'2024-08-12 07:39:49','2024-08-12',852,1,1),(1142,1,1,21,'2024-08-12 07:39:49','2024-08-12',853,1,1),(1143,1,1,22,'2024-08-12 07:39:50','2024-08-12',854,1,1),(1144,1,1,23,'2024-08-12 07:39:50','2024-08-12',855,1,1),(1145,1,1,24,'2024-08-12 07:39:50','2024-08-12',856,1,1),(1146,1,1,25,'2024-08-12 07:39:50','2024-08-12',857,1,1),(1147,1,1,26,'2024-08-12 07:39:50','2024-08-12',858,1,1),(1148,1,1,27,'2024-08-12 07:39:51','2024-08-12',859,1,1),(1149,1,1,28,'2024-08-12 07:39:51','2024-08-12',860,1,1),(1150,1,1,29,'2024-08-12 07:39:51','2024-08-12',861,1,1),(1151,1,1,30,'2024-08-12 07:39:51','2024-08-12',862,1,1),(1152,1,1,31,'2024-08-12 07:39:51','2024-08-12',863,1,1),(1153,1,1,32,'2024-08-12 07:39:52','2024-08-12',864,1,1),(1154,1,1,33,'2024-08-12 07:39:52','2024-08-12',865,1,1),(1155,1,1,34,'2024-08-12 07:39:52','2024-08-12',866,1,1),(1156,1,1,35,'2024-08-12 07:39:52','2024-08-12',867,1,1),(1157,1,1,36,'2024-08-12 07:39:52','2024-08-12',868,1,1),(1158,1,1,37,'2024-08-12 07:39:53','2024-08-12',869,1,1),(1159,1,1,38,'2024-08-12 07:39:53','2024-08-12',870,1,1),(1160,1,1,39,'2024-08-12 07:39:53','2024-08-12',871,1,1),(1161,1,1,40,'2024-08-12 07:39:53','2024-08-12',872,1,1),(1162,1,2,41,'2024-08-12 07:39:54','2024-08-12',873,1,1),(1163,1,1,40,'2024-08-12 07:40:01','2024-08-12',874,1,1),(1164,1,1,39,'2024-08-12 07:40:02','2024-08-12',875,1,1),(1165,1,1,38,'2024-08-12 07:40:03','2024-08-12',876,1,1),(1166,1,1,39,'2024-08-12 07:40:04','2024-08-12',877,1,1),(1167,1,1,40,'2024-08-12 07:40:04','2024-08-12',878,1,1),(1168,1,2,41,'2024-08-12 07:40:05','2024-08-12',879,1,1),(1169,1,2,42,'2024-08-12 07:40:09','2024-08-12',880,1,1),(1170,1,2,43,'2024-08-12 07:40:09','2024-08-12',881,1,1),(1171,1,2,44,'2024-08-12 07:40:09','2024-08-12',882,1,1),(1172,1,2,45,'2024-08-12 07:40:09','2024-08-12',883,1,1),(1173,1,2,46,'2024-08-12 07:40:09','2024-08-12',884,1,1),(1174,1,2,47,'2024-08-12 07:40:10','2024-08-12',885,1,1),(1175,1,2,48,'2024-08-12 07:40:10','2024-08-12',886,1,1),(1176,1,2,49,'2024-08-12 07:40:10','2024-08-12',887,1,1),(1177,1,2,50,'2024-08-12 07:40:10','2024-08-12',888,1,1),(1178,1,2,51,'2024-08-12 07:40:10','2024-08-12',889,1,1),(1179,1,2,52,'2024-08-12 07:40:11','2024-08-12',890,1,1),(1180,1,2,53,'2024-08-12 07:40:11','2024-08-12',891,1,1),(1181,1,2,54,'2024-08-12 07:40:11','2024-08-12',892,1,1),(1182,1,2,55,'2024-08-12 07:40:11','2024-08-12',893,1,1),(1183,1,2,56,'2024-08-12 07:40:11','2024-08-12',894,1,1),(1184,1,2,57,'2024-08-12 07:40:12','2024-08-12',895,1,1),(1185,1,2,58,'2024-08-12 07:40:12','2024-08-12',896,1,1),(1186,1,2,59,'2024-08-12 07:40:12','2024-08-12',897,1,1),(1187,1,2,61,'2024-08-12 07:40:12','2024-08-12',898,1,1),(1188,1,2,62,'2024-08-12 07:40:12','2024-08-12',899,1,1),(1189,1,2,63,'2024-08-12 07:40:13','2024-08-12',900,1,1),(1190,1,2,64,'2024-08-12 07:40:13','2024-08-12',901,1,1),(1191,1,2,66,'2024-08-12 07:40:13','2024-08-12',902,1,1),(1192,1,2,67,'2024-08-12 07:40:13','2024-08-12',903,1,1),(1193,1,2,68,'2024-08-12 07:40:13','2024-08-12',904,1,1),(1194,1,2,70,'2024-08-12 07:40:14','2024-08-12',905,1,1),(1195,1,2,71,'2024-08-12 07:40:14','2024-08-12',906,1,1),(1196,1,2,72,'2024-08-12 07:40:14','2024-08-12',907,1,1),(1197,1,2,73,'2024-08-12 07:40:14','2024-08-12',908,1,1),(1198,1,2,75,'2024-08-12 07:40:14','2024-08-12',909,1,1),(1199,1,2,76,'2024-08-12 07:40:15','2024-08-12',910,1,1),(1200,1,2,77,'2024-08-12 07:40:15','2024-08-12',911,1,1),(1201,1,2,80,'2024-08-12 07:40:15','2024-08-12',912,1,1),(1202,1,2,82,'2024-08-12 07:40:15','2024-08-12',913,1,1),(1203,1,2,83,'2024-08-12 07:40:16','2024-08-12',914,1,1),(1204,1,2,84,'2024-08-12 07:40:16','2024-08-12',915,1,1),(1205,1,2,85,'2024-08-12 07:40:16','2024-08-12',916,1,1),(1206,1,2,87,'2024-08-12 07:40:16','2024-08-12',917,1,1),(1207,1,2,88,'2024-08-12 07:40:16','2024-08-12',918,1,1),(1208,1,2,89,'2024-08-12 07:40:17','2024-08-12',919,1,1),(1209,1,2,91,'2024-08-12 07:40:17','2024-08-12',920,1,1),(1210,1,2,92,'2024-08-12 07:40:17','2024-08-12',921,1,1),(1211,1,2,94,'2024-08-12 07:40:17','2024-08-12',922,1,1),(1212,1,2,95,'2024-08-12 07:40:17','2024-08-12',923,1,1),(1213,1,2,96,'2024-08-12 07:40:17','2024-08-12',924,1,1),(1214,1,2,97,'2024-08-12 07:40:18','2024-08-12',925,1,1),(1216,1,2,99,'2024-08-12 07:40:18','2024-08-12',926,1,1),(1217,1,2,100,'2024-08-12 07:40:18','2024-08-12',927,1,1),(1218,1,2,101,'2024-08-12 07:40:19','2024-08-12',928,1,1),(1219,1,2,103,'2024-08-12 07:40:19','2024-08-12',929,1,1),(1220,1,2,104,'2024-08-12 07:40:19','2024-08-12',930,1,1),(1221,1,2,105,'2024-08-12 07:40:19','2024-08-12',931,1,1),(1222,1,2,108,'2024-08-12 07:40:19','2024-08-12',932,1,1),(1223,1,2,109,'2024-08-12 07:40:20','2024-08-12',933,1,1),(1224,1,2,110,'2024-08-12 07:40:20','2024-08-12',934,1,1),(1225,1,2,112,'2024-08-12 07:40:20','2024-08-12',935,1,1),(1226,1,2,114,'2024-08-12 07:40:20','2024-08-12',936,1,1),(1227,1,2,115,'2024-08-12 07:40:20','2024-08-12',937,1,1),(1228,1,2,117,'2024-08-12 07:40:21','2024-08-12',938,1,1),(1229,1,2,118,'2024-08-12 07:40:21','2024-08-12',939,1,1),(1230,1,2,119,'2024-08-12 07:40:22','2024-08-12',940,1,1),(1231,1,2,120,'2024-08-12 07:40:22','2024-08-12',941,1,1),(1232,1,2,120,'2024-08-12 08:06:48','2024-08-12',942,1,1),(1233,1,2,121,'2024-08-12 08:06:56','2024-08-12',943,1,1),(1234,1,2,121,'2024-08-12 08:07:24','2024-08-12',944,1,1),(1235,1,6,1579,'2024-08-12 08:08:12','2024-08-12',945,1,1),(1236,1,6,1580,'2024-08-12 08:08:22','2024-08-12',946,1,1),(1237,1,6,1581,'2024-08-12 08:08:33','2024-08-12',947,1,1),(1238,1,6,1581,'2024-08-12 08:08:44','2024-08-12',948,1,1),(1239,1,6,1582,'2024-08-12 08:08:52','2024-08-12',949,1,1),(1240,1,6,1583,'2024-08-12 08:09:21','2024-08-12',950,1,1),(1241,1,2,44,'2024-08-12 08:23:50','2024-08-12',951,1,1),(1242,1,2,45,'2024-08-12 08:23:50','2024-08-12',952,1,1),(1243,1,2,46,'2024-08-12 08:23:50','2024-08-12',953,1,1),(1244,1,2,47,'2024-08-12 08:23:51','2024-08-12',954,1,1),(1245,1,2,48,'2024-08-12 08:23:51','2024-08-12',955,1,1),(1246,1,2,49,'2024-08-12 08:23:51','2024-08-12',956,1,1),(1247,1,6,1578,'2024-08-12 08:27:47','2024-08-12',957,1,1),(1248,1,3,444,'2024-08-12 08:48:11','2024-08-12',958,1,1),(1249,1,3,445,'2024-08-12 08:48:11','2024-08-12',959,1,1),(1250,1,3,446,'2024-08-12 08:48:12','2024-08-12',960,1,1),(1251,1,4,447,'2024-08-12 08:48:12','2024-08-12',961,1,1),(1252,1,3,446,'2024-08-12 08:48:14','2024-08-12',962,1,1),(1253,1,4,447,'2024-08-12 08:48:33','2024-08-12',963,1,1),(1254,1,4,448,'2024-08-12 08:48:39','2024-08-12',964,1,1),(1255,1,4,449,'2024-08-12 08:48:40','2024-08-12',965,1,1),(1256,1,4,450,'2024-08-12 08:48:40','2024-08-12',966,1,1),(1257,1,4,451,'2024-08-12 08:48:41','2024-08-12',967,1,1),(1258,1,4,450,'2024-08-12 08:48:43','2024-08-12',968,1,1),(1259,1,4,449,'2024-08-12 08:48:46','2024-08-12',969,1,1),(1260,1,4,448,'2024-08-12 08:48:46','2024-08-12',970,1,1),(1261,1,4,447,'2024-08-12 08:48:47','2024-08-12',971,1,1),(1262,1,3,446,'2024-08-12 08:48:47','2024-08-12',972,1,1),(1263,1,6,1578,'2024-08-12 08:48:53','2024-08-12',973,1,1),(1264,1,6,1579,'2024-08-12 08:49:00','2024-08-12',974,1,1),(1265,1,6,1578,'2024-08-12 08:49:01','2024-08-12',975,1,1),(1266,1,4,447,'2024-08-12 08:50:53','2024-08-12',976,1,1),(1267,1,4,448,'2024-08-12 08:50:53','2024-08-12',977,1,1),(1268,1,4,449,'2024-08-12 08:50:53','2024-08-12',978,1,1),(1269,1,4,450,'2024-08-12 08:50:58','2024-08-12',979,1,1),(1270,1,4,451,'2024-08-12 08:50:58','2024-08-12',980,1,1),(1271,1,4,450,'2024-08-12 08:50:59','2024-08-12',981,1,1),(1272,1,4,449,'2024-08-12 08:50:59','2024-08-12',982,1,1),(1273,1,4,448,'2024-08-12 08:51:00','2024-08-12',983,1,1),(1274,1,4,447,'2024-08-12 08:51:00','2024-08-12',984,1,1),(1275,1,3,446,'2024-08-12 08:51:02','2024-08-12',985,1,1),(1276,1,3,445,'2024-08-12 08:51:02','2024-08-12',986,1,1),(1277,1,3,444,'2024-08-12 08:51:02','2024-08-12',987,1,1),(1278,1,3,445,'2024-08-12 08:51:03','2024-08-12',988,1,1),(1279,1,3,446,'2024-08-12 08:51:03','2024-08-12',989,1,1),(1280,1,4,447,'2024-08-12 08:51:03','2024-08-12',990,1,1),(1281,1,4,448,'2024-08-12 08:51:09','2024-08-12',991,1,1),(1282,1,4,449,'2024-08-12 08:51:09','2024-08-12',992,1,1),(1283,1,2,50,'2024-08-12 12:09:16','2024-08-12',993,1,1),(1284,1,2,50,'2024-08-12 12:09:24','2024-08-12',994,1,1),(1285,1,2,51,'2024-08-12 12:09:28','2024-08-12',995,1,1),(1286,1,1,21,'2024-08-12 13:06:50','2024-08-12',996,1,1),(1287,1,1,20,'2024-08-12 13:06:52','2024-08-12',997,1,1),(1288,1,1,21,'2024-08-12 13:06:54','2024-08-12',998,1,1),(1289,1,1,22,'2024-08-12 13:06:55','2024-08-12',999,1,1),(1290,1,1,23,'2024-08-12 13:06:55','2024-08-12',1000,1,1),(1291,1,1,22,'2024-08-12 13:06:57','2024-08-12',1001,1,1),(1292,1,1,22,'2024-08-12 13:07:07','2024-08-12',1002,1,1),(1293,1,1,21,'2024-08-12 13:07:09','2024-08-12',1003,1,1),(1294,1,1,23,'2024-08-12 13:07:14','2024-08-12',1004,1,1),(1295,1,1,24,'2024-08-12 13:07:24','2024-08-12',1005,1,1),(1296,1,1,2,'2024-08-12 13:14:17','2024-08-12',1006,1,1),(1297,1,1,3,'2024-08-12 16:49:52','2024-08-13',1,1,1),(1298,1,1,4,'2024-08-12 16:49:52','2024-08-13',2,1,1),(1299,1,1,5,'2024-08-12 16:49:52','2024-08-13',3,1,1),(1300,1,1,6,'2024-08-12 16:49:52','2024-08-13',4,1,1),(1301,1,1,7,'2024-08-12 16:49:53','2024-08-13',5,1,1),(1302,1,1,8,'2024-08-12 16:49:54','2024-08-13',6,1,1),(1303,1,1,9,'2024-08-12 16:49:54','2024-08-13',7,1,1),(1304,1,1,10,'2024-08-12 16:49:55','2024-08-13',8,1,1),(1305,1,1,11,'2024-08-12 16:49:55','2024-08-13',9,1,1),(1306,1,1,12,'2024-08-12 16:49:55','2024-08-13',10,1,1),(1307,1,1,13,'2024-08-12 16:49:55','2024-08-13',11,1,1),(1308,1,1,14,'2024-08-12 16:49:55','2024-08-13',12,1,1),(1309,1,3,446,'2024-08-12 23:41:32','2024-08-13',13,1,1),(1310,1,3,445,'2024-08-12 23:41:33','2024-08-13',14,1,1),(1311,1,3,444,'2024-08-12 23:41:33','2024-08-13',15,1,1),(1312,1,3,446,'2024-08-13 01:55:45','2024-08-13',16,1,1),(1313,1,3,445,'2024-08-13 01:55:50','2024-08-13',17,1,1),(1314,1,3,444,'2024-08-13 01:55:50','2024-08-13',18,1,1),(1315,1,3,443,'2024-08-13 01:55:50','2024-08-13',19,1,1),(1316,1,3,442,'2024-08-13 01:55:51','2024-08-13',20,1,1),(1317,1,3,441,'2024-08-13 01:55:51','2024-08-13',21,1,1),(1318,1,3,440,'2024-08-13 01:55:51','2024-08-13',22,1,1),(1319,1,3,446,'2024-08-13 01:56:02','2024-08-13',23,1,1),(1320,1,3,445,'2024-08-13 01:56:03','2024-08-13',24,1,1),(1321,4,1,7,'2024-08-13 01:59:59','2024-08-13',1,1,1),(1322,4,1,8,'2024-08-13 01:59:59','2024-08-13',2,1,1),(1323,4,1,9,'2024-08-13 01:59:59','2024-08-13',3,1,1),(1324,4,1,10,'2024-08-13 01:59:59','2024-08-13',4,1,1),(1325,4,1,2,'2024-08-13 02:00:36','2024-08-13',5,1,1),(1326,4,1,3,'2024-08-13 02:00:37','2024-08-13',6,1,1),(1327,4,1,4,'2024-08-13 02:00:37','2024-08-13',7,1,1),(1328,4,1,2,'2024-08-13 02:01:03','2024-08-13',8,1,1),(1329,4,1,3,'2024-08-13 02:01:03','2024-08-13',9,1,1),(1330,4,1,2,'2024-08-13 02:05:07','2024-08-13',10,1,1),(1331,4,1,3,'2024-08-13 02:05:07','2024-08-13',11,1,1),(1332,4,1,4,'2024-08-13 02:05:08','2024-08-13',12,1,1),(1333,4,1,5,'2024-08-13 02:05:08','2024-08-13',13,1,1),(1334,4,1,2,'2024-08-13 02:05:26','2024-08-13',14,1,1),(1335,4,1,3,'2024-08-13 02:05:27','2024-08-13',15,1,1),(1336,4,1,4,'2024-08-13 02:05:27','2024-08-13',16,1,1),(1337,4,1,5,'2024-08-13 02:05:28','2024-08-13',17,1,1),(1338,4,1,6,'2024-08-13 02:05:28','2024-08-13',18,1,1),(1339,1,3,444,'2024-08-13 05:24:18','2024-08-13',25,1,1),(1340,1,3,443,'2024-08-13 05:24:25','2024-08-13',26,1,1),(1341,1,1,21,'2024-08-13 06:41:42','2024-08-13',27,1,1),(1342,1,1,22,'2024-08-13 06:41:42','2024-08-13',28,1,1),(1343,1,1,23,'2024-08-13 06:41:42','2024-08-13',29,1,1),(1344,1,1,24,'2024-08-13 06:41:42','2024-08-13',30,1,1),(1345,1,1,25,'2024-08-13 06:41:42','2024-08-13',31,1,1),(1346,1,1,26,'2024-08-13 06:41:42','2024-08-13',32,1,1),(1347,1,1,27,'2024-08-13 06:41:42','2024-08-13',33,1,1),(1348,1,1,28,'2024-08-13 06:41:43','2024-08-13',34,1,1),(1349,1,1,29,'2024-08-13 06:41:43','2024-08-13',35,1,1),(1350,1,1,30,'2024-08-13 06:41:43','2024-08-13',36,1,1),(1351,1,1,31,'2024-08-13 06:41:43','2024-08-13',37,1,1),(1352,1,1,32,'2024-08-13 06:41:43','2024-08-13',38,1,1),(1353,1,1,33,'2024-08-13 06:41:44','2024-08-13',39,1,1),(1354,1,1,34,'2024-08-13 06:41:44','2024-08-13',40,1,1),(1355,1,1,35,'2024-08-13 06:41:44','2024-08-13',41,1,1),(1356,1,1,36,'2024-08-13 06:41:44','2024-08-13',42,1,1),(1357,1,1,37,'2024-08-13 06:41:44','2024-08-13',43,1,1),(1358,1,1,38,'2024-08-13 06:41:44','2024-08-13',44,1,1),(1359,1,1,39,'2024-08-13 06:41:45','2024-08-13',45,1,1),(1360,1,1,40,'2024-08-13 06:41:45','2024-08-13',46,1,1),(1361,1,3,446,'2024-08-13 06:50:33','2024-08-13',47,1,1),(1362,1,3,445,'2024-08-13 06:50:33','2024-08-13',48,1,1),(1363,1,3,444,'2024-08-13 06:50:35','2024-08-13',49,1,1),(1364,1,3,443,'2024-08-13 06:50:35','2024-08-13',50,1,1),(1365,1,3,442,'2024-08-13 06:50:35','2024-08-13',51,1,1),(1366,1,3,441,'2024-08-13 06:50:36','2024-08-13',52,1,1),(1367,1,3,440,'2024-08-13 06:50:36','2024-08-13',53,1,1),(1368,1,1,23,'2024-08-13 07:45:53','2024-08-13',54,1,1),(1369,1,1,24,'2024-08-13 07:45:53','2024-08-13',55,1,1),(1370,1,1,25,'2024-08-13 07:45:54','2024-08-13',56,1,1),(1371,1,1,26,'2024-08-13 07:45:54','2024-08-13',57,1,1),(1372,1,1,27,'2024-08-13 07:45:54','2024-08-13',58,1,1),(1373,1,1,28,'2024-08-13 07:45:54','2024-08-13',59,1,1),(1374,1,1,29,'2024-08-13 07:45:55','2024-08-13',60,1,1),(1375,1,1,30,'2024-08-13 07:45:55','2024-08-13',61,1,1),(1376,1,1,31,'2024-08-13 07:45:55','2024-08-13',62,1,1),(1377,1,1,32,'2024-08-13 07:45:55','2024-08-13',63,1,1),(1378,1,1,33,'2024-08-13 07:45:55','2024-08-13',64,1,1),(1379,1,1,34,'2024-08-13 07:45:55','2024-08-13',65,1,1),(1380,1,1,35,'2024-08-13 07:45:56','2024-08-13',66,1,1),(1381,1,1,36,'2024-08-13 07:45:56','2024-08-13',67,1,1),(1382,1,1,37,'2024-08-13 07:45:56','2024-08-13',68,1,1),(1383,1,1,38,'2024-08-13 07:45:56','2024-08-13',69,1,1),(1384,1,1,39,'2024-08-13 07:45:56','2024-08-13',70,1,1),(1385,1,1,40,'2024-08-13 07:45:57','2024-08-13',71,1,1),(1386,1,1,2,'2024-08-13 12:02:18','2024-08-13',72,1,1),(1387,1,1,3,'2024-08-13 12:02:20','2024-08-13',73,1,1),(1388,1,1,4,'2024-08-13 12:02:20','2024-08-13',74,1,1),(1389,1,1,5,'2024-08-13 12:02:21','2024-08-13',75,1,1),(1390,1,1,6,'2024-08-13 12:02:21','2024-08-13',76,1,1),(1391,1,1,7,'2024-08-13 12:02:21','2024-08-13',77,1,1),(1392,1,1,8,'2024-08-13 12:06:24','2024-08-13',78,1,1),(1393,1,1,7,'2024-08-13 12:06:25','2024-08-13',79,1,1),(1394,1,1,8,'2024-08-13 12:08:34','2024-08-13',80,1,1),(1395,1,1,9,'2024-08-13 12:08:34','2024-08-13',81,1,1),(1396,1,1,10,'2024-08-13 12:08:35','2024-08-13',82,1,1),(1397,1,1,11,'2024-08-13 12:08:35','2024-08-13',83,1,1),(1398,1,1,12,'2024-08-13 12:08:35','2024-08-13',84,1,1),(1399,1,1,13,'2024-08-13 12:08:35','2024-08-13',85,1,1),(1400,1,1,14,'2024-08-13 12:08:36','2024-08-13',86,1,1),(1401,1,1,15,'2024-08-13 12:08:39','2024-08-13',87,1,1),(1402,1,1,16,'2024-08-13 12:08:39','2024-08-13',88,1,1),(1403,1,1,17,'2024-08-13 12:08:39','2024-08-13',89,1,1),(1404,1,1,18,'2024-08-13 12:08:39','2024-08-13',90,1,1),(1405,1,1,19,'2024-08-13 12:08:40','2024-08-13',91,1,1),(1406,1,1,20,'2024-08-13 12:08:40','2024-08-13',92,1,1),(1407,1,1,19,'2024-08-13 12:08:42','2024-08-13',93,1,1),(1408,1,1,20,'2024-08-13 12:09:09','2024-08-13',94,1,1),(1409,1,1,21,'2024-08-13 12:09:09','2024-08-13',95,1,1),(1410,1,1,22,'2024-08-13 12:09:10','2024-08-13',96,1,1),(1411,1,1,21,'2024-08-13 12:09:10','2024-08-13',97,1,1),(1412,1,1,20,'2024-08-13 12:09:10','2024-08-13',98,1,1),(1413,1,1,21,'2024-08-13 12:09:11','2024-08-13',99,1,1),(1414,1,1,22,'2024-08-13 12:09:12','2024-08-13',100,1,1),(1415,1,1,23,'2024-08-13 12:09:12','2024-08-13',101,1,1),(1416,1,1,24,'2024-08-13 12:09:12','2024-08-13',102,1,1),(1417,1,1,25,'2024-08-13 12:09:13','2024-08-13',103,1,1),(1418,1,1,26,'2024-08-13 12:09:13','2024-08-13',104,1,1),(1419,1,1,27,'2024-08-13 12:09:14','2024-08-13',105,1,1),(1420,1,1,28,'2024-08-13 12:09:14','2024-08-13',106,1,1),(1421,1,1,29,'2024-08-13 12:09:14','2024-08-13',107,1,1),(1422,1,1,30,'2024-08-13 12:09:14','2024-08-13',108,1,1),(1423,1,1,31,'2024-08-13 12:09:15','2024-08-13',109,1,1),(1424,1,1,32,'2024-08-13 12:09:15','2024-08-13',110,1,1),(1425,1,1,33,'2024-08-13 12:09:15','2024-08-13',111,1,1),(1426,1,1,34,'2024-08-13 12:09:15','2024-08-13',112,1,1),(1427,1,1,35,'2024-08-13 12:09:15','2024-08-13',113,1,1),(1428,1,1,36,'2024-08-13 12:09:15','2024-08-13',114,1,1),(1429,1,1,37,'2024-08-13 12:09:16','2024-08-13',115,1,1),(1430,1,1,38,'2024-08-13 12:09:16','2024-08-13',116,1,1),(1431,1,1,39,'2024-08-13 12:09:16','2024-08-13',117,1,1),(1432,1,1,40,'2024-08-13 12:09:16','2024-08-13',118,1,1),(1433,1,1,40,'2024-08-13 12:09:19','2024-08-13',119,1,1),(1434,1,1,39,'2024-08-13 12:09:21','2024-08-13',120,1,1),(1435,1,1,38,'2024-08-13 12:09:22','2024-08-13',121,1,1),(1436,1,1,37,'2024-08-13 12:09:22','2024-08-13',122,1,1),(1437,1,1,36,'2024-08-13 12:09:22','2024-08-13',123,1,1),(1438,1,1,35,'2024-08-13 12:09:23','2024-08-13',124,1,1),(1439,1,1,34,'2024-08-13 12:09:23','2024-08-13',125,1,1),(1440,1,1,33,'2024-08-13 12:09:23','2024-08-13',126,1,1),(1441,1,1,32,'2024-08-13 12:09:23','2024-08-13',127,1,1),(1442,1,1,31,'2024-08-13 12:09:23','2024-08-13',128,1,1),(1443,1,1,30,'2024-08-13 12:09:24','2024-08-13',129,1,1),(1444,1,1,29,'2024-08-13 12:09:24','2024-08-13',130,1,1),(1445,1,1,28,'2024-08-13 12:09:24','2024-08-13',131,1,1),(1446,1,1,27,'2024-08-13 12:09:24','2024-08-13',132,1,1),(1447,1,1,26,'2024-08-13 12:09:59','2024-08-13',133,1,1),(1448,1,1,25,'2024-08-13 12:09:59','2024-08-13',134,1,1),(1449,1,1,24,'2024-08-13 12:09:59','2024-08-13',135,1,1),(1450,1,1,23,'2024-08-13 12:10:00','2024-08-13',136,1,1),(1451,1,1,22,'2024-08-13 12:10:00','2024-08-13',137,1,1),(1452,1,1,21,'2024-08-13 12:10:00','2024-08-13',138,1,1),(1453,1,1,20,'2024-08-13 12:10:01','2024-08-13',139,1,1),(1454,1,1,19,'2024-08-13 12:10:01','2024-08-13',140,1,1),(1455,1,1,18,'2024-08-13 12:10:02','2024-08-13',141,1,1),(1456,1,1,17,'2024-08-13 12:10:02','2024-08-13',142,1,1),(1457,1,1,16,'2024-08-13 12:10:02','2024-08-13',143,1,1),(1458,1,1,15,'2024-08-13 12:10:03','2024-08-13',144,1,1),(1459,1,1,14,'2024-08-13 12:10:04','2024-08-13',145,1,1),(1460,1,1,13,'2024-08-13 12:10:04','2024-08-13',146,1,1),(1461,1,1,12,'2024-08-13 12:10:05','2024-08-13',147,1,1),(1462,1,1,11,'2024-08-13 12:10:05','2024-08-13',148,1,1),(1463,1,1,12,'2024-08-13 12:10:07','2024-08-13',149,1,1),(1464,1,1,13,'2024-08-13 12:10:08','2024-08-13',150,1,1),(1465,1,1,12,'2024-08-13 12:10:09','2024-08-13',151,1,1),(1466,1,1,13,'2024-08-13 12:10:29','2024-08-13',152,1,1),(1467,1,1,14,'2024-08-13 12:15:12','2024-08-13',153,1,1),(1468,1,1,15,'2024-08-13 12:15:12','2024-08-13',154,1,1),(1469,1,1,16,'2024-08-13 12:20:13','2024-08-13',155,1,1),(1470,1,1,15,'2024-08-13 12:28:45','2024-08-13',156,1,1),(1471,1,1,14,'2024-08-13 12:28:45','2024-08-13',157,1,1),(1472,1,1,13,'2024-08-13 12:28:46','2024-08-13',158,1,1),(1473,1,1,12,'2024-08-13 12:28:46','2024-08-13',159,1,1),(1474,1,1,11,'2024-08-13 12:28:46','2024-08-13',160,1,1),(1475,1,1,10,'2024-08-13 12:28:46','2024-08-13',161,1,1),(1476,1,1,9,'2024-08-13 12:28:46','2024-08-13',162,1,1),(1477,1,1,8,'2024-08-13 12:28:47','2024-08-13',163,1,1),(1478,1,1,7,'2024-08-13 12:28:47','2024-08-13',164,1,1),(1479,1,1,6,'2024-08-13 12:28:47','2024-08-13',165,1,1),(1480,1,1,5,'2024-08-13 12:28:47','2024-08-13',166,1,1),(1481,1,1,6,'2024-08-13 12:30:36','2024-08-13',167,1,1),(1482,1,1,7,'2024-08-13 12:30:37','2024-08-13',168,1,1),(1483,1,1,8,'2024-08-13 12:30:37','2024-08-13',169,1,1),(1484,1,1,9,'2024-08-13 12:30:37','2024-08-13',170,1,1),(1485,1,1,10,'2024-08-13 12:30:37','2024-08-13',171,1,1),(1486,1,1,11,'2024-08-13 12:30:37','2024-08-13',172,1,1),(1487,1,1,12,'2024-08-13 12:30:38','2024-08-13',173,1,1),(1488,1,1,13,'2024-08-13 12:30:38','2024-08-13',174,1,1),(1489,1,1,14,'2024-08-13 12:30:38','2024-08-13',175,1,1),(1490,1,1,15,'2024-08-13 12:30:38','2024-08-13',176,1,1),(1491,1,1,16,'2024-08-13 12:30:39','2024-08-13',177,1,1),(1492,1,1,17,'2024-08-13 12:30:39','2024-08-13',178,1,1),(1493,1,1,18,'2024-08-13 12:30:39','2024-08-13',179,1,1),(1494,1,1,19,'2024-08-13 12:30:39','2024-08-13',180,1,1),(1495,1,1,20,'2024-08-13 12:30:39','2024-08-13',181,1,1),(1496,1,1,21,'2024-08-13 12:30:40','2024-08-13',182,1,1),(1497,1,1,22,'2024-08-13 12:30:40','2024-08-13',183,1,1),(1498,1,1,23,'2024-08-13 12:30:40','2024-08-13',184,1,1),(1499,1,1,24,'2024-08-13 12:30:40','2024-08-13',185,1,1),(1500,1,1,25,'2024-08-13 12:30:41','2024-08-13',186,1,1),(1501,1,1,24,'2024-08-13 12:30:42','2024-08-13',187,1,1),(1502,1,1,23,'2024-08-13 12:30:42','2024-08-13',188,1,1),(1503,1,1,24,'2024-08-13 12:30:48','2024-08-13',189,1,1),(1504,1,1,25,'2024-08-13 12:30:48','2024-08-13',190,1,1),(1505,1,1,26,'2024-08-13 12:30:49','2024-08-13',191,1,1),(1506,1,1,27,'2024-08-13 12:30:49','2024-08-13',192,1,1),(1507,1,1,28,'2024-08-13 12:30:49','2024-08-13',193,1,1),(1508,1,1,29,'2024-08-13 12:30:50','2024-08-13',194,1,1),(1509,1,1,30,'2024-08-13 12:30:50','2024-08-13',195,1,1),(1510,1,1,31,'2024-08-13 12:30:50','2024-08-13',196,1,1),(1511,1,1,32,'2024-08-13 12:30:50','2024-08-13',197,1,1),(1512,1,1,33,'2024-08-13 12:30:50','2024-08-13',198,1,1),(1513,1,1,34,'2024-08-13 12:30:51','2024-08-13',199,1,1),(1514,1,1,35,'2024-08-13 12:30:51','2024-08-13',200,1,1),(1515,1,1,36,'2024-08-13 12:31:01','2024-08-13',201,1,1),(1516,1,1,37,'2024-08-13 12:31:01','2024-08-13',202,1,1),(1517,1,1,38,'2024-08-13 12:31:02','2024-08-13',203,1,1),(1518,1,1,39,'2024-08-13 12:31:02','2024-08-13',204,1,1),(1519,1,1,40,'2024-08-13 12:31:02','2024-08-13',205,1,1),(1520,1,1,40,'2024-08-13 12:31:04','2024-08-13',206,1,1),(1521,1,1,39,'2024-08-13 12:31:05','2024-08-13',207,1,1),(1522,1,1,38,'2024-08-13 12:31:05','2024-08-13',208,1,1),(1523,1,1,37,'2024-08-13 12:31:05','2024-08-13',209,1,1),(1524,1,1,36,'2024-08-13 12:31:05','2024-08-13',210,1,1),(1525,1,1,35,'2024-08-13 12:31:06','2024-08-13',211,1,1),(1526,1,1,34,'2024-08-13 12:31:06','2024-08-13',212,1,1),(1527,1,1,33,'2024-08-13 12:31:06','2024-08-13',213,1,1),(1528,1,1,32,'2024-08-13 12:31:06','2024-08-13',214,1,1),(1529,1,1,31,'2024-08-13 12:31:06','2024-08-13',215,1,1),(1530,1,1,30,'2024-08-13 12:31:06','2024-08-13',216,1,1),(1531,1,1,29,'2024-08-13 12:31:07','2024-08-13',217,1,1),(1532,1,1,28,'2024-08-13 12:31:07','2024-08-13',218,1,1),(1533,1,1,27,'2024-08-13 12:31:07','2024-08-13',219,1,1),(1534,1,1,26,'2024-08-13 12:31:07','2024-08-13',220,1,1),(1535,1,1,25,'2024-08-13 12:31:07','2024-08-13',221,1,1),(1536,1,1,24,'2024-08-13 12:31:08','2024-08-13',222,1,1),(1537,1,1,23,'2024-08-13 12:31:08','2024-08-13',223,1,1),(1538,1,1,22,'2024-08-13 12:31:08','2024-08-13',224,1,1),(1539,1,1,21,'2024-08-13 12:31:08','2024-08-13',225,1,1),(1540,1,1,20,'2024-08-13 12:31:08','2024-08-13',226,1,1),(1541,1,1,19,'2024-08-13 12:31:09','2024-08-13',227,1,1),(1542,1,1,18,'2024-08-13 12:31:09','2024-08-13',228,1,1),(1543,1,1,19,'2024-08-13 12:31:10','2024-08-13',229,1,1),(1544,1,1,20,'2024-08-13 12:31:10','2024-08-13',230,1,1),(1545,1,1,21,'2024-08-13 12:31:10','2024-08-13',231,1,1),(1546,1,1,22,'2024-08-13 12:31:11','2024-08-13',232,1,1),(1547,1,1,23,'2024-08-13 12:31:21','2024-08-13',233,1,1),(1548,1,1,24,'2024-08-13 12:31:21','2024-08-13',234,1,1),(1549,1,1,25,'2024-08-13 12:31:22','2024-08-13',235,1,1),(1550,1,1,26,'2024-08-13 12:31:22','2024-08-13',236,1,1),(1551,1,1,27,'2024-08-13 12:31:23','2024-08-13',237,1,1),(1552,1,1,28,'2024-08-13 12:31:23','2024-08-13',238,1,1),(1553,1,1,29,'2024-08-13 12:31:23','2024-08-13',239,1,1),(1554,1,1,30,'2024-08-13 12:31:24','2024-08-13',240,1,1),(1555,1,1,31,'2024-08-13 12:31:24','2024-08-13',241,1,1),(1556,1,1,32,'2024-08-13 12:31:24','2024-08-13',242,1,1),(1557,1,1,33,'2024-08-13 12:31:24','2024-08-13',243,1,1),(1558,1,1,34,'2024-08-13 12:31:24','2024-08-13',244,1,1),(1559,1,1,35,'2024-08-13 12:31:24','2024-08-13',245,1,1),(1560,1,1,36,'2024-08-13 12:31:25','2024-08-13',246,1,1),(1561,1,1,37,'2024-08-13 12:31:25','2024-08-13',247,1,1),(1562,1,1,38,'2024-08-13 12:31:25','2024-08-13',248,1,1),(1563,1,1,39,'2024-08-13 12:31:25','2024-08-13',249,1,1),(1564,1,1,40,'2024-08-13 12:31:52','2024-08-13',250,1,1),(1565,1,1,39,'2024-08-13 12:31:54','2024-08-13',251,1,1),(1566,1,1,38,'2024-08-13 12:31:54','2024-08-13',252,1,1),(1567,1,1,37,'2024-08-13 12:31:54','2024-08-13',253,1,1),(1568,1,1,36,'2024-08-13 12:31:54','2024-08-13',254,1,1),(1569,1,1,35,'2024-08-13 12:31:55','2024-08-13',255,1,1),(1570,1,1,34,'2024-08-13 12:31:55','2024-08-13',256,1,1),(1571,1,1,33,'2024-08-13 12:31:55','2024-08-13',257,1,1),(1572,1,1,32,'2024-08-13 12:31:55','2024-08-13',258,1,1),(1573,1,1,31,'2024-08-13 12:31:56','2024-08-13',259,1,1),(1574,1,1,30,'2024-08-13 12:31:56','2024-08-13',260,1,1),(1575,1,1,29,'2024-08-13 12:31:56','2024-08-13',261,1,1),(1576,1,1,28,'2024-08-13 12:31:57','2024-08-13',262,1,1),(1577,1,1,27,'2024-08-13 12:31:57','2024-08-13',263,1,1),(1578,1,1,26,'2024-08-13 12:31:57','2024-08-13',264,1,1),(1579,1,1,25,'2024-08-13 12:31:58','2024-08-13',265,1,1),(1580,1,1,24,'2024-08-13 12:31:58','2024-08-13',266,1,1),(1581,1,1,23,'2024-08-13 12:31:58','2024-08-13',267,1,1),(1582,1,1,22,'2024-08-13 12:31:59','2024-08-13',268,1,1),(1583,1,1,23,'2024-08-13 12:32:57','2024-08-13',269,1,1),(1584,1,1,24,'2024-08-13 12:32:57','2024-08-13',270,1,1),(1585,1,1,25,'2024-08-13 12:32:58','2024-08-13',271,1,1),(1586,1,1,26,'2024-08-13 12:32:58','2024-08-13',272,1,1),(1587,1,1,27,'2024-08-13 12:32:58','2024-08-13',273,1,1),(1588,1,1,28,'2024-08-13 12:32:58','2024-08-13',274,1,1),(1589,1,1,29,'2024-08-13 12:32:58','2024-08-13',275,1,1),(1590,1,1,30,'2024-08-13 12:32:59','2024-08-13',276,1,1),(1591,1,1,31,'2024-08-13 12:32:59','2024-08-13',277,1,1),(1592,1,1,32,'2024-08-13 12:32:59','2024-08-13',278,1,1),(1593,1,1,33,'2024-08-13 12:32:59','2024-08-13',279,1,1),(1594,1,1,34,'2024-08-13 12:32:59','2024-08-13',280,1,1),(1595,1,1,35,'2024-08-13 12:32:59','2024-08-13',281,1,1),(1596,1,1,36,'2024-08-13 12:33:00','2024-08-13',282,1,1),(1597,1,1,37,'2024-08-13 12:33:00','2024-08-13',283,1,1),(1598,1,1,38,'2024-08-13 12:33:00','2024-08-13',284,1,1),(1599,1,1,39,'2024-08-13 12:33:00','2024-08-13',285,1,1),(1600,1,1,40,'2024-08-13 12:33:00','2024-08-13',286,1,1),(1601,1,1,40,'2024-08-13 12:33:03','2024-08-13',287,1,1),(1602,1,1,39,'2024-08-13 12:33:05','2024-08-13',288,1,1),(1603,1,1,38,'2024-08-13 12:33:05','2024-08-13',289,1,1),(1604,1,1,37,'2024-08-13 12:33:06','2024-08-13',290,1,1),(1605,1,1,36,'2024-08-13 12:33:06','2024-08-13',291,1,1),(1606,1,1,35,'2024-08-13 12:33:07','2024-08-13',292,1,1),(1607,1,1,34,'2024-08-13 12:33:07','2024-08-13',293,1,1),(1608,1,1,33,'2024-08-13 12:33:07','2024-08-13',294,1,1),(1609,1,1,32,'2024-08-13 12:33:08','2024-08-13',295,1,1),(1610,1,1,31,'2024-08-13 12:33:08','2024-08-13',296,1,1),(1611,1,1,30,'2024-08-13 12:33:08','2024-08-13',297,1,1),(1612,1,1,29,'2024-08-13 12:33:08','2024-08-13',298,1,1),(1613,1,1,28,'2024-08-13 12:33:08','2024-08-13',299,1,1),(1614,1,1,27,'2024-08-13 12:33:09','2024-08-13',300,1,1),(1615,1,1,26,'2024-08-13 12:33:10','2024-08-13',301,1,1),(1616,1,1,25,'2024-08-13 12:33:10','2024-08-13',302,1,1),(1617,1,1,24,'2024-08-13 12:33:10','2024-08-13',303,1,1),(1618,1,1,23,'2024-08-13 12:33:10','2024-08-13',304,1,1),(1619,1,1,22,'2024-08-13 12:33:11','2024-08-13',305,1,1),(1620,1,1,21,'2024-08-13 12:33:11','2024-08-13',306,1,1),(1621,1,1,20,'2024-08-13 12:33:11','2024-08-13',307,1,1),(1622,1,1,19,'2024-08-13 12:33:11','2024-08-13',308,1,1),(1623,1,1,18,'2024-08-13 12:33:12','2024-08-13',309,1,1),(1624,1,1,17,'2024-08-13 12:33:12','2024-08-13',310,1,1),(1625,1,1,16,'2024-08-13 12:33:12','2024-08-13',311,1,1),(1626,1,1,15,'2024-08-13 12:33:13','2024-08-13',312,1,1),(1627,1,1,14,'2024-08-13 12:33:13','2024-08-13',313,1,1),(1628,1,1,15,'2024-08-13 12:33:20','2024-08-13',314,1,1),(1629,1,1,16,'2024-08-13 12:33:20','2024-08-13',315,1,1),(1630,1,1,17,'2024-08-13 12:33:20','2024-08-13',316,1,1),(1631,1,1,18,'2024-08-13 12:33:21','2024-08-13',317,1,1),(1632,1,1,19,'2024-08-13 12:33:21','2024-08-13',318,1,1),(1633,1,1,20,'2024-08-13 12:33:21','2024-08-13',319,1,1),(1634,1,1,21,'2024-08-13 12:33:22','2024-08-13',320,1,1),(1635,1,1,22,'2024-08-13 12:33:22','2024-08-13',321,1,1),(1636,1,1,23,'2024-08-13 12:38:19','2024-08-13',322,1,1),(1637,1,1,24,'2024-08-13 12:38:19','2024-08-13',323,1,1),(1638,1,1,25,'2024-08-13 12:46:15','2024-08-13',324,1,1),(1639,1,1,26,'2024-08-13 12:46:15','2024-08-13',325,1,1),(1640,1,1,27,'2024-08-13 12:46:15','2024-08-13',326,1,1),(1641,1,1,28,'2024-08-13 12:46:16','2024-08-13',327,1,1),(1642,1,1,29,'2024-08-13 12:46:16','2024-08-13',328,1,1),(1643,1,1,30,'2024-08-13 12:46:16','2024-08-13',329,1,1),(1644,1,1,31,'2024-08-13 12:46:16','2024-08-13',330,1,1),(1645,1,1,32,'2024-08-13 12:46:17','2024-08-13',331,1,1),(1646,1,1,33,'2024-08-13 12:46:17','2024-08-13',332,1,1),(1647,1,1,34,'2024-08-13 12:46:17','2024-08-13',333,1,1),(1648,1,1,35,'2024-08-13 12:46:17','2024-08-13',334,1,1),(1649,1,1,36,'2024-08-13 12:46:17','2024-08-13',335,1,1),(1650,1,1,37,'2024-08-13 12:46:18','2024-08-13',336,1,1),(1651,1,1,38,'2024-08-13 12:46:18','2024-08-13',337,1,1),(1652,1,1,39,'2024-08-13 12:46:18','2024-08-13',338,1,1),(1653,1,1,40,'2024-08-13 12:46:18','2024-08-13',339,1,1),(1654,1,3,446,'2024-08-13 13:28:27','2024-08-13',340,1,1),(1655,1,3,445,'2024-08-13 13:28:30','2024-08-13',341,1,1),(1656,1,3,444,'2024-08-13 13:28:30','2024-08-13',342,1,1),(1657,1,3,443,'2024-08-13 13:28:30','2024-08-13',343,1,1),(1658,1,3,442,'2024-08-13 13:28:30','2024-08-13',344,1,1),(1659,1,3,441,'2024-08-13 13:28:30','2024-08-13',345,1,1),(1660,1,3,446,'2024-08-13 13:28:34','2024-08-13',346,1,1),(1661,1,3,445,'2024-08-13 13:28:36','2024-08-13',347,1,1),(1662,1,3,444,'2024-08-13 13:28:37','2024-08-13',348,1,1),(1663,1,3,443,'2024-08-13 13:28:37','2024-08-13',349,1,1),(1664,1,3,442,'2024-08-13 13:28:39','2024-08-13',350,1,1),(1665,1,3,446,'2024-08-13 13:34:03','2024-08-13',351,1,1),(1666,1,3,446,'2024-08-13 13:38:13','2024-08-13',352,1,1),(1667,1,3,445,'2024-08-13 13:38:15','2024-08-13',353,1,1),(1668,1,3,444,'2024-08-13 13:38:15','2024-08-13',354,1,1),(1669,1,3,443,'2024-08-13 13:38:15','2024-08-13',355,1,1),(1670,1,3,442,'2024-08-13 13:38:16','2024-08-13',356,1,1),(1671,1,3,441,'2024-08-13 13:38:16','2024-08-13',357,1,1),(1672,1,3,440,'2024-08-13 13:38:16','2024-08-13',358,1,1),(1673,1,1,4,'2024-08-13 13:39:29','2024-08-13',359,1,1),(1674,1,1,5,'2024-08-13 13:39:29','2024-08-13',360,1,1),(1675,1,1,6,'2024-08-13 13:39:29','2024-08-13',361,1,1),(1676,1,1,7,'2024-08-13 13:39:30','2024-08-13',362,1,1),(1677,1,1,8,'2024-08-13 13:39:30','2024-08-13',363,1,1),(1678,1,1,9,'2024-08-13 13:39:30','2024-08-13',364,1,1),(1679,1,1,10,'2024-08-13 13:39:30','2024-08-13',365,1,1),(1680,1,1,11,'2024-08-13 13:39:31','2024-08-13',366,1,1),(1681,1,1,12,'2024-08-13 13:39:31','2024-08-13',367,1,1),(1682,1,1,13,'2024-08-13 13:39:31','2024-08-13',368,1,1),(1683,1,1,14,'2024-08-13 13:39:31','2024-08-13',369,1,1),(1684,1,1,15,'2024-08-13 13:39:31','2024-08-13',370,1,1),(1685,1,1,16,'2024-08-13 13:39:32','2024-08-13',371,1,1),(1686,1,1,17,'2024-08-13 13:39:32','2024-08-13',372,1,1),(1687,1,1,18,'2024-08-13 13:39:32','2024-08-13',373,1,1),(1688,1,1,19,'2024-08-13 13:39:32','2024-08-13',374,1,1),(1689,1,1,20,'2024-08-13 13:39:32','2024-08-13',375,1,1),(1690,1,1,21,'2024-08-13 13:39:32','2024-08-13',376,1,1),(1691,1,1,22,'2024-08-13 13:39:33','2024-08-13',377,1,1),(1692,1,1,23,'2024-08-13 13:39:33','2024-08-13',378,1,1),(1693,1,1,24,'2024-08-13 13:39:33','2024-08-13',379,1,1),(1694,1,1,25,'2024-08-13 13:39:33','2024-08-13',380,1,1),(1695,1,1,26,'2024-08-13 13:39:33','2024-08-13',381,1,1),(1696,1,1,27,'2024-08-13 13:39:34','2024-08-13',382,1,1),(1697,1,1,28,'2024-08-13 13:39:34','2024-08-13',383,1,1),(1698,1,1,29,'2024-08-13 13:39:34','2024-08-13',384,1,1),(1699,1,1,30,'2024-08-13 13:39:34','2024-08-13',385,1,1),(1700,1,1,31,'2024-08-13 13:39:34','2024-08-13',386,1,1),(1701,1,1,32,'2024-08-13 13:39:35','2024-08-13',387,1,1),(1702,1,1,33,'2024-08-13 13:39:35','2024-08-13',388,1,1),(1703,1,1,34,'2024-08-13 13:39:35','2024-08-13',389,1,1),(1704,1,1,4,'2024-08-13 13:44:55','2024-08-13',390,1,1),(1705,1,1,5,'2024-08-13 13:44:56','2024-08-13',391,1,1),(1706,1,1,6,'2024-08-13 13:44:56','2024-08-13',392,1,1),(1707,1,1,7,'2024-08-13 13:44:56','2024-08-13',393,1,1),(1708,1,1,4,'2024-08-13 13:49:06','2024-08-13',394,1,1),(1709,1,1,5,'2024-08-13 13:49:06','2024-08-13',395,1,1),(1710,1,1,6,'2024-08-13 13:49:06','2024-08-13',396,1,1),(1711,1,1,7,'2024-08-13 13:49:06','2024-08-13',397,1,1),(1712,1,1,8,'2024-08-13 13:49:06','2024-08-13',398,1,1),(1713,1,1,9,'2024-08-13 13:49:07','2024-08-13',399,1,1),(1714,1,1,10,'2024-08-13 13:49:07','2024-08-13',400,1,1),(1715,1,1,11,'2024-08-13 13:49:07','2024-08-13',401,1,1),(1716,1,1,12,'2024-08-13 13:49:07','2024-08-13',402,1,1),(1717,1,1,13,'2024-08-13 13:49:08','2024-08-13',403,1,1),(1718,1,1,14,'2024-08-13 13:49:08','2024-08-13',404,1,1),(1719,1,1,15,'2024-08-13 13:49:08','2024-08-13',405,1,1),(1720,1,1,16,'2024-08-13 13:49:08','2024-08-13',406,1,1),(1721,1,1,17,'2024-08-13 13:49:08','2024-08-13',407,1,1),(1722,1,1,18,'2024-08-13 13:49:08','2024-08-13',408,1,1),(1723,1,1,19,'2024-08-13 13:49:09','2024-08-13',409,1,1),(1724,1,1,20,'2024-08-13 13:49:09','2024-08-13',410,1,1),(1725,1,1,21,'2024-08-13 13:49:09','2024-08-13',411,1,1),(1726,1,1,22,'2024-08-13 13:49:09','2024-08-13',412,1,1),(1727,1,1,23,'2024-08-13 13:49:09','2024-08-13',413,1,1),(1728,1,1,24,'2024-08-13 13:49:10','2024-08-13',414,1,1),(1729,1,1,25,'2024-08-13 13:49:10','2024-08-13',415,1,1),(1730,1,1,26,'2024-08-13 13:49:10','2024-08-13',416,1,1),(1731,1,1,27,'2024-08-13 13:49:10','2024-08-13',417,1,1),(1732,1,1,28,'2024-08-13 13:49:10','2024-08-13',418,1,1),(1733,1,1,29,'2024-08-13 13:49:11','2024-08-13',419,1,1),(1734,1,1,30,'2024-08-13 13:49:11','2024-08-13',420,1,1),(1735,1,1,31,'2024-08-13 13:49:11','2024-08-13',421,1,1),(1736,1,1,32,'2024-08-13 13:49:11','2024-08-13',422,1,1),(1737,1,3,446,'2024-08-13 13:49:55','2024-08-13',423,1,1),(1738,1,3,445,'2024-08-13 13:49:57','2024-08-13',424,1,1),(1739,1,3,444,'2024-08-13 13:49:57','2024-08-13',425,1,1),(1740,1,3,446,'2024-08-13 14:16:10','2024-08-13',426,1,1),(1741,1,1,2,'2024-08-14 00:22:31','2024-08-14',1,1,1),(1742,1,1,3,'2024-08-14 00:22:31','2024-08-14',2,1,1),(1743,1,1,4,'2024-08-14 00:22:31','2024-08-14',3,1,1),(1744,1,1,5,'2024-08-14 00:22:31','2024-08-14',4,1,1),(1745,1,1,6,'2024-08-14 00:22:31','2024-08-14',5,1,1),(1746,1,1,7,'2024-08-14 00:22:31','2024-08-14',6,1,1),(1747,1,1,8,'2024-08-14 00:22:31','2024-08-14',7,1,1),(1748,1,1,9,'2024-08-14 00:22:32','2024-08-14',8,1,1),(1749,1,1,10,'2024-08-14 00:22:32','2024-08-14',9,1,1),(1750,1,1,11,'2024-08-14 00:22:32','2024-08-14',10,1,1),(1751,1,1,12,'2024-08-14 00:22:32','2024-08-14',11,1,1),(1752,1,1,13,'2024-08-14 00:22:32','2024-08-14',12,1,1),(1753,1,1,14,'2024-08-14 00:22:33','2024-08-14',13,1,1),(1754,1,1,15,'2024-08-14 00:22:33','2024-08-14',14,1,1),(1755,1,1,16,'2024-08-14 00:22:33','2024-08-14',15,1,1),(1756,1,1,17,'2024-08-14 00:22:33','2024-08-14',16,1,1),(1757,1,1,18,'2024-08-14 00:22:33','2024-08-14',17,1,1),(1758,1,1,19,'2024-08-14 00:22:33','2024-08-14',18,1,1),(1759,1,1,20,'2024-08-14 00:22:34','2024-08-14',19,1,1),(1760,1,1,21,'2024-08-14 00:22:34','2024-08-14',20,1,1),(1761,1,1,22,'2024-08-14 00:22:34','2024-08-14',21,1,1),(1762,1,1,23,'2024-08-14 00:22:34','2024-08-14',22,1,1),(1763,1,1,24,'2024-08-14 00:22:34','2024-08-14',23,1,1),(1764,1,1,25,'2024-08-14 00:22:34','2024-08-14',24,1,1),(1765,1,1,26,'2024-08-14 00:22:35','2024-08-14',25,1,1),(1766,1,1,27,'2024-08-14 00:22:35','2024-08-14',26,1,1),(1767,1,1,28,'2024-08-14 00:22:35','2024-08-14',27,1,1),(1768,1,1,29,'2024-08-14 00:22:35','2024-08-14',28,1,1),(1769,1,1,30,'2024-08-14 00:22:35','2024-08-14',29,1,1),(1770,1,1,31,'2024-08-14 00:22:35','2024-08-14',30,1,1),(1771,1,1,32,'2024-08-14 00:22:36','2024-08-14',31,1,1),(1772,1,1,33,'2024-08-14 00:22:36','2024-08-14',32,1,1),(1773,1,1,34,'2024-08-14 00:22:36','2024-08-14',33,1,1),(1774,1,1,35,'2024-08-14 00:22:36','2024-08-14',34,1,1),(1775,1,1,36,'2024-08-14 00:22:36','2024-08-14',35,1,1),(1776,1,1,37,'2024-08-14 00:22:37','2024-08-14',36,1,1),(1777,1,1,38,'2024-08-14 00:22:45','2024-08-14',37,1,1),(1778,1,1,39,'2024-08-14 00:22:45','2024-08-14',38,1,1),(1779,1,1,40,'2024-08-14 01:35:25','2024-08-14',39,1,1),(1780,1,3,446,'2024-08-14 01:36:26','2024-08-14',40,1,1),(1781,1,3,446,'2024-08-14 01:37:20','2024-08-14',41,1,1),(1782,1,3,446,'2024-08-14 01:37:57','2024-08-14',42,1,1),(1783,1,3,446,'2024-08-14 01:58:29','2024-08-14',43,1,1),(1784,1,3,445,'2024-08-14 01:58:29','2024-08-14',44,1,1),(1785,1,3,444,'2024-08-14 01:58:29','2024-08-14',45,1,1),(1786,1,3,442,'2024-08-14 01:59:09','2024-08-14',46,1,1),(1787,1,3,442,'2024-08-14 01:59:46','2024-08-14',47,1,1),(1788,1,3,441,'2024-08-14 02:00:05','2024-08-14',48,1,1),(1789,1,3,440,'2024-08-14 02:00:05','2024-08-14',49,1,1),(1790,1,7,2370,'2024-08-14 04:29:54','2024-08-14',50,1,1),(1791,1,7,2371,'2024-08-14 04:30:02','2024-08-14',51,0,0),(1792,1,7,2372,'2024-08-14 04:30:07','2024-08-14',52,0,0),(1793,1,7,2372,'2024-08-14 04:30:11','2024-08-14',53,1,1),(1794,1,7,2373,'2024-08-14 04:30:15','2024-08-14',54,1,1),(1795,1,7,2374,'2024-08-14 04:30:21','2024-08-14',55,0,0),(1796,1,7,2374,'2024-08-14 04:30:23','2024-08-14',56,0,0),(1797,1,7,2374,'2024-08-14 04:30:26','2024-08-14',57,1,1),(1798,1,5,779,'2024-08-14 05:15:23','2024-08-14',58,1,1),(1799,1,5,779,'2024-08-14 05:15:29','2024-08-14',59,1,1),(1800,1,5,779,'2024-08-14 05:18:20','2024-08-14',60,1,1),(1801,1,5,779,'2024-08-14 05:20:57','2024-08-14',61,1,1),(1802,1,5,779,'2024-08-14 05:22:12','2024-08-14',62,1,1),(1803,1,5,779,'2024-08-14 05:22:37','2024-08-14',63,1,1),(1804,1,5,779,'2024-08-14 05:22:58','2024-08-14',64,1,1),(1805,1,5,779,'2024-08-14 05:23:05','2024-08-14',65,1,1),(1806,1,5,779,'2024-08-14 05:23:09','2024-08-14',66,1,1),(1807,1,5,779,'2024-08-14 05:26:45','2024-08-14',67,1,1),(1808,1,5,779,'2024-08-14 05:27:01','2024-08-14',68,1,1),(1809,1,5,779,'2024-08-14 05:27:08','2024-08-14',69,1,1),(1810,1,5,779,'2024-08-14 05:27:15','2024-08-14',70,1,1),(1811,1,5,779,'2024-08-14 05:27:34','2024-08-14',71,1,1),(1812,1,5,779,'2024-08-14 05:27:39','2024-08-14',72,1,1),(1813,1,5,779,'2024-08-14 05:29:09','2024-08-14',73,1,1),(1814,1,5,779,'2024-08-14 05:29:15','2024-08-14',74,1,1),(1815,1,5,779,'2024-08-14 05:29:47','2024-08-14',75,1,1),(1816,1,5,779,'2024-08-14 05:30:15','2024-08-14',76,1,1),(1817,1,5,753,'2024-08-14 05:31:02','2024-08-14',77,1,1),(1818,1,5,753,'2024-08-14 05:31:28','2024-08-14',78,1,1),(1819,1,5,753,'2024-08-14 05:34:59','2024-08-14',79,1,1),(1820,1,5,753,'2024-08-14 05:35:11','2024-08-14',80,1,1),(1821,1,5,753,'2024-08-14 05:35:18','2024-08-14',81,1,1),(1822,1,5,753,'2024-08-14 05:35:22','2024-08-14',82,1,1),(1823,1,5,753,'2024-08-14 05:35:33','2024-08-14',83,1,1),(1824,1,5,753,'2024-08-14 05:35:54','2024-08-14',84,1,1),(1825,1,7,2374,'2024-08-14 05:41:19','2024-08-14',85,1,1),(1826,1,7,2375,'2024-08-14 05:41:27','2024-08-14',86,1,1),(1827,1,5,813,'2024-08-14 06:00:48','2024-08-14',87,1,1),(1828,1,2,49,'2024-08-14 06:00:58','2024-08-14',88,1,1),(1829,1,2,49,'2024-08-14 06:01:08','2024-08-14',89,1,1),(1830,1,3,442,'2024-08-14 06:09:59','2024-08-14',90,1,1),(1831,1,6,1697,'2024-08-14 06:12:58','2024-08-14',91,1,1),(1832,1,2,49,'2024-08-14 06:26:40','2024-08-14',92,1,1),(1833,1,3,441,'2024-08-14 06:27:09','2024-08-14',93,1,1),(1834,1,5,785,'2024-08-14 06:27:16','2024-08-14',94,1,1),(1835,1,1,2,'2024-08-14 07:11:26','2024-08-14',95,1,1),(1836,1,1,3,'2024-08-14 07:11:26','2024-08-14',96,1,1),(1837,27,1,2,'2024-08-14 07:41:06','2024-08-14',1,1,1),(1838,27,1,3,'2024-08-14 07:41:07','2024-08-14',2,1,1),(1839,27,1,4,'2024-08-14 07:41:08','2024-08-14',3,1,1),(1840,27,1,5,'2024-08-14 07:41:08','2024-08-14',4,1,1),(1841,27,1,6,'2024-08-14 07:41:09','2024-08-14',5,1,1),(1842,27,1,7,'2024-08-14 07:41:10','2024-08-14',6,1,1),(1843,27,1,8,'2024-08-14 07:41:10','2024-08-14',7,1,1),(1844,27,1,9,'2024-08-14 07:41:11','2024-08-14',8,1,1),(1845,27,1,10,'2024-08-14 07:41:11','2024-08-14',9,1,1),(1846,27,1,11,'2024-08-14 07:41:12','2024-08-14',10,1,1),(1847,27,1,13,'2024-08-14 07:41:13','2024-08-14',11,1,1),(1848,27,1,14,'2024-08-14 07:41:13','2024-08-14',12,1,1),(1849,27,1,15,'2024-08-14 07:41:14','2024-08-14',13,1,1),(1850,27,1,16,'2024-08-14 07:41:15','2024-08-14',14,1,1),(1851,27,1,17,'2024-08-14 07:41:15','2024-08-14',15,1,1),(1852,27,1,18,'2024-08-14 07:41:16','2024-08-14',16,1,1),(1853,27,1,19,'2024-08-14 07:42:31','2024-08-14',17,1,1),(1854,27,1,20,'2024-08-14 07:42:46','2024-08-14',18,1,1),(1855,27,1,21,'2024-08-14 07:42:48','2024-08-14',19,1,1),(1856,27,1,22,'2024-08-14 07:42:49','2024-08-14',20,1,1),(1857,27,1,23,'2024-08-14 07:42:50','2024-08-14',21,1,1),(1858,27,1,24,'2024-08-14 07:42:51','2024-08-14',22,1,1),(1859,27,1,25,'2024-08-14 07:42:52','2024-08-14',23,1,1),(1860,27,1,26,'2024-08-14 07:42:53','2024-08-14',24,1,1),(1861,27,1,27,'2024-08-14 07:42:54','2024-08-14',25,1,1),(1862,27,1,28,'2024-08-14 07:42:54','2024-08-14',26,1,1),(1863,27,1,29,'2024-08-14 07:42:58','2024-08-14',27,1,1),(1864,27,1,30,'2024-08-14 07:42:59','2024-08-14',28,1,1),(1865,27,1,31,'2024-08-14 07:43:01','2024-08-14',29,1,1),(1866,27,1,32,'2024-08-14 07:43:05','2024-08-14',30,1,1),(1867,27,1,33,'2024-08-14 07:43:05','2024-08-14',31,1,1),(1868,27,1,34,'2024-08-14 07:43:06','2024-08-14',32,1,1),(1869,27,1,35,'2024-08-14 07:43:06','2024-08-14',33,1,1),(1870,27,1,36,'2024-08-14 07:43:06','2024-08-14',34,1,1),(1871,27,1,37,'2024-08-14 07:43:07','2024-08-14',35,1,1),(1872,27,1,38,'2024-08-14 07:43:07','2024-08-14',36,1,1),(1873,27,1,39,'2024-08-14 07:43:07','2024-08-14',37,1,1),(1874,27,1,40,'2024-08-14 07:43:07','2024-08-14',38,1,1),(1875,27,2,41,'2024-08-14 07:43:19','2024-08-14',39,1,1),(1876,27,1,2,'2024-08-14 07:44:43','2024-08-14',40,1,1),(1877,27,1,1,'2024-08-14 07:44:44','2024-08-14',41,1,1),(1878,3,1,2,'2024-08-14 08:08:40','2024-08-14',1,1,1),(1879,3,1,3,'2024-08-14 08:08:41','2024-08-14',2,1,1),(1880,1,1,2,'2024-08-14 08:45:22','2024-08-14',97,1,1),(1881,1,1,3,'2024-08-14 08:45:22','2024-08-14',98,1,1),(1882,1,1,4,'2024-08-14 08:45:22','2024-08-14',99,1,1),(1883,1,1,5,'2024-08-14 08:45:23','2024-08-14',100,1,1),(1884,1,1,6,'2024-08-14 08:45:23','2024-08-14',101,1,1),(1885,1,1,7,'2024-08-14 08:45:23','2024-08-14',102,1,1),(1886,1,1,8,'2024-08-14 08:45:23','2024-08-14',103,1,1),(1887,1,1,9,'2024-08-14 08:45:23','2024-08-14',104,1,1),(1888,1,1,10,'2024-08-14 08:45:24','2024-08-14',105,1,1),(1889,1,1,2,'2024-08-14 08:45:50','2024-08-14',106,1,1),(1890,1,1,3,'2024-08-14 08:45:50','2024-08-14',107,1,1),(1891,1,1,4,'2024-08-14 08:45:50','2024-08-14',108,1,1),(1892,1,1,5,'2024-08-14 08:45:51','2024-08-14',109,1,1),(1893,1,1,6,'2024-08-14 08:45:51','2024-08-14',110,1,1),(1894,1,1,7,'2024-08-14 08:45:51','2024-08-14',111,1,1),(1895,1,1,8,'2024-08-14 08:45:51','2024-08-14',112,1,1),(1896,1,1,9,'2024-08-14 08:45:52','2024-08-14',113,1,1),(1897,1,1,10,'2024-08-14 08:45:52','2024-08-14',114,1,1),(1898,1,1,11,'2024-08-14 08:45:52','2024-08-14',115,1,1),(1899,1,1,13,'2024-08-14 08:45:53','2024-08-14',116,1,1),(1900,1,1,14,'2024-08-14 08:45:53','2024-08-14',117,1,1),(1901,1,1,15,'2024-08-14 08:45:53','2024-08-14',118,1,1),(1902,1,1,16,'2024-08-14 08:45:53','2024-08-14',119,1,1),(1903,1,1,17,'2024-08-14 08:45:53','2024-08-14',120,1,1),(1904,1,1,18,'2024-08-14 08:45:53','2024-08-14',121,1,1),(1905,1,1,19,'2024-08-14 08:45:54','2024-08-14',122,1,1),(1906,1,1,20,'2024-08-14 08:45:54','2024-08-14',123,1,1),(1907,1,1,21,'2024-08-14 08:45:54','2024-08-14',124,1,1),(1908,1,1,22,'2024-08-14 08:45:54','2024-08-14',125,1,1),(1909,1,1,23,'2024-08-14 08:45:55','2024-08-14',126,1,1),(1910,1,1,24,'2024-08-14 08:45:55','2024-08-14',127,1,1),(1911,1,1,25,'2024-08-14 08:45:55','2024-08-14',128,1,1),(1912,1,1,26,'2024-08-14 08:45:56','2024-08-14',129,1,1),(1913,1,1,27,'2024-08-14 08:45:56','2024-08-14',130,1,1),(1914,1,1,28,'2024-08-14 08:45:56','2024-08-14',131,1,1),(1915,1,1,29,'2024-08-14 08:45:56','2024-08-14',132,1,1),(1916,1,1,30,'2024-08-14 08:45:56','2024-08-14',133,1,1),(1917,1,1,31,'2024-08-14 08:45:56','2024-08-14',134,1,1),(1918,1,1,32,'2024-08-14 08:45:57','2024-08-14',135,1,1),(1919,1,1,33,'2024-08-14 08:45:57','2024-08-14',136,1,1),(1920,1,1,34,'2024-08-14 08:45:57','2024-08-14',137,1,1),(1921,1,1,35,'2024-08-14 08:45:57','2024-08-14',138,1,1),(1922,1,1,36,'2024-08-14 08:45:58','2024-08-14',139,1,1),(1923,1,1,37,'2024-08-14 08:45:58','2024-08-14',140,1,1),(1924,1,1,38,'2024-08-14 08:45:58','2024-08-14',141,1,1),(1925,1,1,39,'2024-08-14 08:45:58','2024-08-14',142,1,1),(1926,1,1,40,'2024-08-14 08:45:59','2024-08-14',143,1,1),(1927,1,5,1002,'2024-08-14 08:51:21','2024-08-14',144,1,1),(1928,1,5,1002,'2024-08-14 08:51:27','2024-08-14',145,1,1),(1929,1,5,1002,'2024-08-14 08:51:32','2024-08-14',146,1,1),(1930,1,2,43,'2024-08-14 10:01:48','2024-08-14',147,1,1),(1931,1,2,43,'2024-08-14 10:01:52','2024-08-14',148,1,1),(1932,1,2,45,'2024-08-14 10:01:56','2024-08-14',149,1,1),(1933,1,2,46,'2024-08-14 10:01:59','2024-08-14',150,1,1),(1934,1,2,47,'2024-08-14 10:02:02','2024-08-14',151,1,1),(1935,1,2,48,'2024-08-14 10:02:09','2024-08-14',152,1,1),(1936,1,2,48,'2024-08-14 10:02:18','2024-08-14',153,1,1),(1937,29,1,2,'2024-08-14 10:55:17','2024-08-14',1,1,1),(1938,29,1,3,'2024-08-14 10:55:19','2024-08-14',2,1,1),(1939,29,1,4,'2024-08-14 10:55:20','2024-08-14',3,1,1),(1940,29,1,5,'2024-08-14 10:55:21','2024-08-14',4,1,1),(1941,29,1,6,'2024-08-14 10:55:22','2024-08-14',5,1,1),(1942,29,1,7,'2024-08-14 10:55:22','2024-08-14',6,1,1),(1943,29,1,8,'2024-08-14 10:55:23','2024-08-14',7,1,1),(1944,29,1,9,'2024-08-14 10:55:23','2024-08-14',8,1,1),(1945,29,1,10,'2024-08-14 10:55:24','2024-08-14',9,1,1),(1946,29,1,11,'2024-08-14 10:55:24','2024-08-14',10,1,1),(1947,29,1,13,'2024-08-14 10:55:25','2024-08-14',11,1,1),(1948,29,1,14,'2024-08-14 10:55:25','2024-08-14',12,1,1),(1949,4,1,22,'2024-08-14 13:11:57','2024-08-14',1,1,1),(1950,4,1,23,'2024-08-14 13:11:57','2024-08-14',2,1,1),(1951,4,1,24,'2024-08-14 13:11:58','2024-08-14',3,1,1),(1952,4,1,25,'2024-08-14 13:11:58','2024-08-14',4,1,1),(1953,4,1,26,'2024-08-14 13:11:59','2024-08-14',5,1,1),(1954,4,1,27,'2024-08-14 13:11:59','2024-08-14',6,1,1),(1955,4,1,28,'2024-08-14 13:11:59','2024-08-14',7,1,1),(1956,4,1,29,'2024-08-14 13:11:59','2024-08-14',8,1,1),(1957,4,1,30,'2024-08-14 13:11:59','2024-08-14',9,1,1),(1958,26,1,2,'2024-08-14 13:19:45','2024-08-14',1,1,1),(1959,26,1,2,'2024-08-14 13:22:56','2024-08-14',2,1,1),(1960,26,1,3,'2024-08-14 13:22:58','2024-08-14',3,1,1),(1961,26,1,4,'2024-08-14 13:22:59','2024-08-14',4,1,1),(1962,26,1,5,'2024-08-14 13:22:59','2024-08-14',5,1,1),(1963,26,1,6,'2024-08-14 13:22:59','2024-08-14',6,1,1),(1964,26,1,7,'2024-08-14 13:22:59','2024-08-14',7,1,1),(1965,26,1,8,'2024-08-14 13:22:59','2024-08-14',8,1,1),(1966,26,1,9,'2024-08-14 13:22:59','2024-08-14',9,1,1),(1967,26,1,10,'2024-08-14 13:23:00','2024-08-14',10,1,1),(1968,26,1,11,'2024-08-14 13:23:00','2024-08-14',11,1,1),(1969,26,1,13,'2024-08-14 13:23:00','2024-08-14',12,1,1),(1970,26,1,14,'2024-08-14 13:23:00','2024-08-14',13,1,1),(1971,26,1,15,'2024-08-14 13:23:01','2024-08-14',14,1,1),(1972,26,1,16,'2024-08-14 13:23:01','2024-08-14',15,1,1),(1973,26,1,17,'2024-08-14 13:23:01','2024-08-14',16,1,1),(1974,26,1,18,'2024-08-14 13:23:02','2024-08-14',17,1,1),(1975,26,1,19,'2024-08-14 13:23:02','2024-08-14',18,1,1),(1976,26,1,20,'2024-08-14 13:23:02','2024-08-14',19,1,1),(1977,26,1,21,'2024-08-14 13:23:02','2024-08-14',20,1,1),(1978,26,1,22,'2024-08-14 13:23:02','2024-08-14',21,1,1),(1979,26,1,23,'2024-08-14 13:23:02','2024-08-14',22,1,1),(1980,26,1,24,'2024-08-14 13:23:03','2024-08-14',23,1,1),(1981,26,1,25,'2024-08-14 13:23:03','2024-08-14',24,1,1),(1982,26,1,26,'2024-08-14 13:23:03','2024-08-14',25,1,1),(1983,26,1,27,'2024-08-14 13:23:03','2024-08-14',26,1,1),(1984,26,1,28,'2024-08-14 13:23:03','2024-08-14',27,1,1),(1985,26,1,29,'2024-08-14 13:23:10','2024-08-14',28,1,1),(1986,26,1,30,'2024-08-14 13:23:10','2024-08-14',29,1,1),(1987,26,1,31,'2024-08-14 13:23:10','2024-08-14',30,1,1),(1988,26,1,32,'2024-08-14 13:23:10','2024-08-14',31,1,1),(1989,26,1,33,'2024-08-14 13:23:10','2024-08-14',32,1,1),(1990,26,1,34,'2024-08-14 13:23:11','2024-08-14',33,1,1),(1991,26,1,35,'2024-08-14 13:23:11','2024-08-14',34,1,1),(1992,26,1,36,'2024-08-14 13:23:11','2024-08-14',35,1,1),(1993,26,1,37,'2024-08-14 13:23:12','2024-08-14',36,1,1),(1994,26,1,38,'2024-08-14 13:23:12','2024-08-14',37,1,1),(1995,26,1,39,'2024-08-14 13:23:12','2024-08-14',38,1,1),(1996,26,1,40,'2024-08-14 13:23:12','2024-08-14',39,1,1),(1997,26,2,41,'2024-08-14 13:23:17','2024-08-14',40,1,1),(1998,26,2,41,'2024-08-14 13:23:21','2024-08-14',41,1,1),(1999,26,1,40,'2024-08-14 13:28:35','2024-08-14',42,1,1),(2000,26,1,39,'2024-08-14 13:28:36','2024-08-14',43,1,1),(2001,26,1,38,'2024-08-14 13:28:37','2024-08-14',44,1,1),(2002,26,1,37,'2024-08-14 13:28:37','2024-08-14',45,1,1),(2003,26,1,36,'2024-08-14 13:28:37','2024-08-14',46,1,1),(2004,26,1,35,'2024-08-14 13:28:37','2024-08-14',47,1,1),(2005,26,1,2,'2024-08-14 13:30:19','2024-08-14',48,1,1),(2006,26,1,1,'2024-08-14 13:30:21','2024-08-14',49,1,1),(2007,26,1,2,'2024-08-14 13:30:29','2024-08-14',50,1,1),(2008,26,1,3,'2024-08-14 13:30:29','2024-08-14',51,1,1),(2009,26,1,4,'2024-08-14 13:30:29','2024-08-14',52,1,1),(2010,26,1,5,'2024-08-14 13:30:29','2024-08-14',53,1,1),(2011,26,1,6,'2024-08-14 13:30:29','2024-08-14',54,1,1),(2012,26,1,7,'2024-08-14 13:30:29','2024-08-14',55,1,1),(2013,26,1,8,'2024-08-14 13:30:30','2024-08-14',56,1,1),(2014,26,1,9,'2024-08-14 13:30:30','2024-08-14',57,1,1),(2015,26,1,10,'2024-08-14 13:30:30','2024-08-14',58,1,1),(2016,26,1,11,'2024-08-14 13:30:30','2024-08-14',59,1,1),(2017,26,1,13,'2024-08-14 13:30:30','2024-08-14',60,1,1),(2018,26,1,14,'2024-08-14 13:30:31','2024-08-14',61,1,1),(2019,26,1,15,'2024-08-14 13:30:31','2024-08-14',62,1,1),(2020,26,1,16,'2024-08-14 13:30:31','2024-08-14',63,1,1),(2021,26,1,17,'2024-08-14 13:30:31','2024-08-14',64,1,1),(2022,26,1,18,'2024-08-14 13:30:32','2024-08-14',65,1,1),(2023,26,1,19,'2024-08-14 13:30:32','2024-08-14',66,1,1),(2024,26,1,20,'2024-08-14 13:30:32','2024-08-14',67,1,1),(2025,26,1,21,'2024-08-14 13:30:32','2024-08-14',68,1,1),(2026,26,1,22,'2024-08-14 13:30:33','2024-08-14',69,1,1),(2027,26,1,23,'2024-08-14 13:30:33','2024-08-14',70,1,1),(2028,26,1,24,'2024-08-14 13:30:33','2024-08-14',71,1,1),(2029,26,1,25,'2024-08-14 13:30:34','2024-08-14',72,1,1),(2030,26,1,26,'2024-08-14 13:30:34','2024-08-14',73,1,1),(2031,26,1,27,'2024-08-14 13:30:34','2024-08-14',74,1,1),(2032,26,1,28,'2024-08-14 13:30:34','2024-08-14',75,1,1),(2033,26,1,29,'2024-08-14 13:30:35','2024-08-14',76,1,1),(2034,26,1,30,'2024-08-14 13:30:35','2024-08-14',77,1,1),(2035,26,1,31,'2024-08-14 13:30:36','2024-08-14',78,1,1),(2036,26,1,32,'2024-08-14 13:30:37','2024-08-14',79,1,1),(2037,26,1,33,'2024-08-14 13:30:37','2024-08-14',80,1,1),(2038,26,1,34,'2024-08-14 13:30:38','2024-08-14',81,1,1),(2039,26,1,35,'2024-08-14 13:30:38','2024-08-14',82,1,1),(2040,26,1,36,'2024-08-14 13:30:39','2024-08-14',83,1,1),(2041,26,1,2,'2024-08-14 13:36:10','2024-08-14',84,1,1),(2042,26,1,3,'2024-08-14 13:36:11','2024-08-14',85,1,1),(2043,26,1,4,'2024-08-14 13:36:12','2024-08-14',86,1,1),(2044,26,1,5,'2024-08-14 13:36:12','2024-08-14',87,1,1),(2045,26,1,6,'2024-08-14 13:36:12','2024-08-14',88,1,1),(2046,26,1,7,'2024-08-14 13:36:12','2024-08-14',89,1,1),(2047,26,1,8,'2024-08-14 13:36:13','2024-08-14',90,1,1),(2048,4,2,56,'2024-08-14 14:00:54','2024-08-14',10,1,1),(2049,4,5,772,'2024-08-14 14:01:24','2024-08-14',11,1,1),(2050,29,1,15,'2024-08-14 14:10:31','2024-08-14',13,1,1),(2051,29,1,16,'2024-08-14 14:10:31','2024-08-14',14,1,1),(2052,29,1,17,'2024-08-14 14:10:31','2024-08-14',15,1,1),(2053,29,1,18,'2024-08-14 14:10:32','2024-08-14',16,1,1),(2054,29,1,19,'2024-08-14 14:10:32','2024-08-14',17,1,1),(2055,29,1,20,'2024-08-14 14:10:32','2024-08-14',18,1,1),(2056,29,1,21,'2024-08-14 14:10:32','2024-08-14',19,1,1),(2057,29,1,22,'2024-08-14 14:10:32','2024-08-14',20,1,1),(2058,29,1,23,'2024-08-14 14:10:33','2024-08-14',21,1,1),(2059,29,1,24,'2024-08-14 14:10:33','2024-08-14',22,1,1),(2060,29,1,25,'2024-08-14 14:10:33','2024-08-14',23,1,1),(2061,29,1,26,'2024-08-14 14:10:33','2024-08-14',24,1,1),(2062,29,1,27,'2024-08-14 14:10:33','2024-08-14',25,1,1),(2063,29,1,28,'2024-08-14 14:10:34','2024-08-14',26,1,1),(2064,29,1,29,'2024-08-14 14:10:34','2024-08-14',27,1,1),(2065,29,1,30,'2024-08-14 14:10:34','2024-08-14',28,1,1),(2066,29,1,31,'2024-08-14 14:10:34','2024-08-14',29,1,1),(2067,29,1,32,'2024-08-14 14:10:35','2024-08-14',30,1,1),(2068,29,1,33,'2024-08-14 14:10:35','2024-08-14',31,1,1),(2069,29,1,34,'2024-08-14 14:10:35','2024-08-14',32,1,1),(2070,29,1,35,'2024-08-14 14:10:35','2024-08-14',33,1,1),(2071,29,1,36,'2024-08-14 14:10:35','2024-08-14',34,1,1),(2072,29,1,37,'2024-08-14 14:10:36','2024-08-14',35,1,1),(2073,29,1,38,'2024-08-14 14:10:36','2024-08-14',36,1,1),(2074,29,1,39,'2024-08-14 14:10:36','2024-08-14',37,1,1),(2075,29,1,40,'2024-08-14 14:10:36','2024-08-14',38,1,1),(2076,29,1,2,'2024-08-14 14:11:28','2024-08-14',39,1,1),(2077,29,1,1,'2024-08-14 14:11:29','2024-08-14',40,1,1),(2078,4,2,55,'2024-08-14 14:13:16','2024-08-14',12,1,1),(2079,1,7,2405,'2024-08-14 14:21:27','2024-08-14',154,1,1),(2080,4,7,2409,'2024-08-14 14:21:55','2024-08-14',13,1,1),(2081,1,7,2405,'2024-08-14 14:22:02','2024-08-14',155,1,1),(2082,26,1,40,'2024-08-14 14:30:36','2024-08-14',91,1,1),(2083,26,2,41,'2024-08-14 14:31:10','2024-08-14',92,1,1),(2084,26,1,40,'2024-08-14 14:33:04','2024-08-14',93,1,1),(2085,26,1,39,'2024-08-14 14:33:06','2024-08-14',94,1,1),(2086,26,1,38,'2024-08-14 14:33:07','2024-08-14',95,1,1),(2087,26,1,37,'2024-08-14 14:33:07','2024-08-14',96,1,1),(2088,26,1,36,'2024-08-14 14:33:07','2024-08-14',97,1,1),(2089,26,1,35,'2024-08-14 14:33:08','2024-08-14',98,1,1),(2090,26,1,34,'2024-08-14 14:33:08','2024-08-14',99,1,1),(2091,26,1,33,'2024-08-14 14:33:08','2024-08-14',100,1,1),(2092,26,1,32,'2024-08-14 14:33:09','2024-08-14',101,1,1),(2093,26,1,31,'2024-08-14 14:33:09','2024-08-14',102,1,1),(2094,26,1,30,'2024-08-14 14:33:09','2024-08-14',103,1,1),(2095,26,1,29,'2024-08-14 14:33:09','2024-08-14',104,1,1),(2096,26,1,28,'2024-08-14 14:33:09','2024-08-14',105,1,1),(2097,26,1,29,'2024-08-14 14:33:11','2024-08-14',106,1,1),(2098,26,1,30,'2024-08-14 14:33:11','2024-08-14',107,1,1),(2099,26,1,31,'2024-08-14 14:33:11','2024-08-14',108,1,1),(2100,26,1,32,'2024-08-14 14:33:11','2024-08-14',109,1,1),(2101,26,1,33,'2024-08-14 14:33:12','2024-08-14',110,1,1),(2102,26,1,34,'2024-08-14 14:33:12','2024-08-14',111,1,1),(2103,26,1,35,'2024-08-14 14:33:13','2024-08-14',112,1,1),(2104,26,1,36,'2024-08-14 14:33:13','2024-08-14',113,1,1),(2105,26,1,37,'2024-08-14 14:33:14','2024-08-14',114,1,1),(2106,26,1,38,'2024-08-14 14:33:14','2024-08-14',115,1,1),(2107,26,1,39,'2024-08-14 14:33:15','2024-08-14',116,1,1),(2108,26,1,40,'2024-08-14 14:33:15','2024-08-14',117,1,1),(2109,26,1,40,'2024-08-14 14:33:50','2024-08-14',118,1,1),(2110,26,1,40,'2024-08-14 14:33:54','2024-08-14',119,1,1),(2111,26,1,40,'2024-08-14 14:34:54','2024-08-14',120,1,1),(2112,26,3,440,'2024-08-14 14:36:00','2024-08-14',121,1,1),(2113,4,7,2409,'2024-08-14 14:53:01','2024-08-14',14,1,1),(2114,4,7,2409,'2024-08-14 14:53:13','2024-08-14',15,1,1),(2115,4,7,2409,'2024-08-14 14:53:25','2024-08-14',16,1,1),(2116,4,7,2409,'2024-08-14 14:53:35','2024-08-14',17,1,1),(2117,4,7,2409,'2024-08-14 14:53:46','2024-08-14',18,1,1),(2118,4,7,2409,'2024-08-14 14:54:07','2024-08-14',19,1,1),(2119,4,7,2409,'2024-08-14 14:56:09','2024-08-14',20,1,1),(2120,4,7,2409,'2024-08-14 14:56:31','2024-08-14',21,1,1),(2121,4,7,2409,'2024-08-14 14:57:08','2024-08-14',22,1,1),(2122,4,7,2409,'2024-08-14 14:57:49','2024-08-14',23,1,1),(2123,4,7,2409,'2024-08-14 14:58:01','2024-08-14',24,1,1),(2124,4,7,2409,'2024-08-14 14:58:21','2024-08-14',25,1,1),(2125,4,7,2409,'2024-08-14 14:58:30','2024-08-14',26,1,1),(2126,4,7,2409,'2024-08-14 14:58:41','2024-08-14',27,1,1),(2127,4,7,2409,'2024-08-14 14:58:52','2024-08-14',28,1,1),(2128,4,7,2409,'2024-08-14 14:59:20','2024-08-14',29,1,1),(2129,4,7,2409,'2024-08-14 14:59:44','2024-08-14',30,1,1),(2130,4,7,2409,'2024-08-14 14:59:58','2024-08-14',31,1,1),(2131,4,7,2409,'2024-08-14 15:00:09','2024-08-15',1,1,1),(2132,4,7,2409,'2024-08-14 15:00:25','2024-08-15',2,1,1),(2133,4,7,2409,'2024-08-14 15:00:42','2024-08-15',3,1,1),(2134,4,7,2409,'2024-08-14 15:00:54','2024-08-15',4,1,1),(2135,4,7,2409,'2024-08-14 15:01:06','2024-08-15',5,1,1),(2136,4,7,2409,'2024-08-14 15:01:18','2024-08-15',6,1,1),(2137,4,7,2409,'2024-08-14 15:01:27','2024-08-15',7,1,1),(2138,4,7,2409,'2024-08-14 15:01:41','2024-08-15',8,1,1),(2139,4,7,2409,'2024-08-14 15:01:55','2024-08-15',9,1,1),(2140,4,7,2409,'2024-08-14 15:02:47','2024-08-15',10,1,1),(2141,4,7,2409,'2024-08-14 15:02:53','2024-08-15',11,1,1),(2142,4,7,2409,'2024-08-14 15:03:03','2024-08-15',12,1,1),(2143,4,7,2409,'2024-08-14 15:03:14','2024-08-15',13,1,1),(2144,4,5,779,'2024-08-14 15:08:53','2024-08-15',14,1,1),(2145,4,1,32,'2024-08-14 15:10:55','2024-08-15',15,1,1),(2146,4,1,33,'2024-08-14 15:10:56','2024-08-15',16,1,1),(2147,4,1,34,'2024-08-14 15:10:56','2024-08-15',17,1,1),(2148,4,1,35,'2024-08-14 15:10:56','2024-08-15',18,1,1),(2149,4,1,36,'2024-08-14 15:10:56','2024-08-15',19,1,1),(2150,4,1,37,'2024-08-14 15:10:56','2024-08-15',20,1,1),(2151,4,1,38,'2024-08-14 15:10:57','2024-08-15',21,1,1),(2152,4,1,39,'2024-08-14 15:10:57','2024-08-15',22,1,1),(2153,4,1,40,'2024-08-14 15:10:57','2024-08-15',23,1,1),(2154,4,1,40,'2024-08-14 15:10:59','2024-08-15',24,1,1),(2155,4,1,40,'2024-08-14 15:11:10','2024-08-15',25,1,1),(2156,4,1,40,'2024-08-14 15:11:13','2024-08-15',26,1,1),(2157,4,1,39,'2024-08-14 15:11:14','2024-08-15',27,1,1),(2158,4,1,38,'2024-08-14 15:11:14','2024-08-15',28,1,1),(2159,4,1,37,'2024-08-14 15:11:14','2024-08-15',29,1,1),(2160,4,1,36,'2024-08-14 15:11:15','2024-08-15',30,1,1),(2161,4,1,35,'2024-08-14 15:11:15','2024-08-15',31,1,1),(2162,4,1,34,'2024-08-14 15:11:15','2024-08-15',32,1,1),(2163,4,1,33,'2024-08-14 15:11:15','2024-08-15',33,1,1),(2164,4,1,32,'2024-08-14 15:11:15','2024-08-15',34,1,1),(2165,4,1,31,'2024-08-14 15:11:15','2024-08-15',35,1,1),(2166,4,1,30,'2024-08-14 15:11:15','2024-08-15',36,1,1),(2167,4,1,29,'2024-08-14 15:11:16','2024-08-15',37,1,1),(2168,4,1,28,'2024-08-14 15:11:16','2024-08-15',38,1,1),(2169,4,1,27,'2024-08-14 15:11:16','2024-08-15',39,1,1),(2170,4,1,26,'2024-08-14 15:11:16','2024-08-15',40,1,1),(2171,4,1,25,'2024-08-14 15:11:16','2024-08-15',41,1,1),(2172,4,1,24,'2024-08-14 15:11:16','2024-08-15',42,1,1),(2173,4,1,23,'2024-08-14 15:11:17','2024-08-15',43,1,1),(2174,4,1,22,'2024-08-14 15:11:17','2024-08-15',44,1,1),(2175,4,1,21,'2024-08-14 15:11:17','2024-08-15',45,1,1),(2176,4,1,20,'2024-08-14 15:11:17','2024-08-15',46,1,1),(2177,4,1,19,'2024-08-14 15:11:17','2024-08-15',47,1,1),(2178,4,1,18,'2024-08-14 15:11:17','2024-08-15',48,1,1),(2179,4,1,17,'2024-08-14 15:11:18','2024-08-15',49,1,1),(2180,4,1,16,'2024-08-14 15:11:18','2024-08-15',50,1,1),(2181,4,1,15,'2024-08-14 15:11:18','2024-08-15',51,1,1),(2182,4,1,14,'2024-08-14 15:11:18','2024-08-15',52,1,1),(2183,4,1,13,'2024-08-14 15:11:18','2024-08-15',53,1,1),(2184,4,1,11,'2024-08-14 15:11:18','2024-08-15',54,1,1),(2185,4,1,10,'2024-08-14 15:11:19','2024-08-15',55,1,1),(2186,4,1,9,'2024-08-14 15:11:19','2024-08-15',56,1,1),(2187,4,1,8,'2024-08-14 15:11:19','2024-08-15',57,1,1),(2188,4,1,7,'2024-08-14 15:11:19','2024-08-15',58,1,1),(2189,4,1,6,'2024-08-14 15:11:19','2024-08-15',59,1,1),(2190,4,1,5,'2024-08-14 15:11:19','2024-08-15',60,1,1),(2191,4,1,4,'2024-08-14 15:11:20','2024-08-15',61,1,1),(2192,4,1,3,'2024-08-14 15:11:20','2024-08-15',62,1,1),(2193,4,1,2,'2024-08-14 15:11:20','2024-08-15',63,1,1),(2194,4,1,1,'2024-08-14 15:11:20','2024-08-15',64,1,1),(2195,4,6,2368,'2024-08-14 15:13:41','2024-08-15',65,1,1),(2196,26,5,655,'2024-08-14 15:15:23','2024-08-15',1,1,1),(2197,1,6,1599,'2024-08-14 15:25:57','2024-08-15',1,1,1),(2198,1,6,1592,'2024-08-14 15:26:23','2024-08-15',2,1,1),(2199,1,6,1606,'2024-08-14 15:26:40','2024-08-15',3,1,1),(2200,1,6,1606,'2024-08-14 15:28:06','2024-08-15',4,1,1),(2201,26,5,655,'2024-08-14 15:28:08','2024-08-15',2,1,1),(2202,1,6,1608,'2024-08-14 15:28:13','2024-08-15',5,1,1),(2203,1,6,1609,'2024-08-14 15:28:27','2024-08-15',6,1,1),(2204,1,6,1610,'2024-08-14 15:28:31','2024-08-15',7,1,1),(2205,1,6,1649,'2024-08-14 15:37:10','2024-08-15',8,1,1),(2206,26,6,1599,'2024-08-14 17:33:01','2024-08-15',3,1,1),(2207,26,3,445,'2024-08-14 17:42:25','2024-08-15',4,1,1),(2208,26,3,445,'2024-08-14 17:44:48','2024-08-15',5,1,1),(2209,26,3,445,'2024-08-14 17:44:51','2024-08-15',6,1,1),(2210,26,3,445,'2024-08-14 17:44:59','2024-08-15',7,1,1),(2211,1,1,1,'2024-08-14 18:07:53','2024-08-15',9,1,1),(2212,40,1,1,'2024-08-14 18:12:50','2024-08-15',1,1,1),(2213,26,3,444,'2024-08-14 18:15:19','2024-08-15',8,1,1),(2214,26,3,443,'2024-08-14 18:15:20','2024-08-15',9,1,1),(2215,26,3,442,'2024-08-14 18:15:20','2024-08-15',10,1,1),(2216,26,3,441,'2024-08-14 18:15:21','2024-08-15',11,1,1),(2217,26,3,440,'2024-08-14 18:15:21','2024-08-15',12,1,1),(2218,26,3,445,'2024-08-14 18:16:09','2024-08-15',13,1,1),(2219,26,3,444,'2024-08-14 18:16:24','2024-08-15',14,1,1),(2220,26,3,443,'2024-08-14 18:16:25','2024-08-15',15,1,1),(2221,26,3,442,'2024-08-14 18:16:25','2024-08-15',16,1,1),(2222,26,3,441,'2024-08-14 18:16:25','2024-08-15',17,1,1),(2223,26,3,440,'2024-08-14 18:16:25','2024-08-15',18,1,1),(2224,26,3,445,'2024-08-14 18:18:22','2024-08-15',19,1,1),(2225,26,3,444,'2024-08-14 18:18:24','2024-08-15',20,1,1),(2226,26,3,443,'2024-08-14 18:18:25','2024-08-15',21,1,1),(2227,26,3,442,'2024-08-14 18:18:25','2024-08-15',22,1,1),(2228,26,3,441,'2024-08-14 18:18:25','2024-08-15',23,1,1),(2229,26,3,440,'2024-08-14 18:18:26','2024-08-15',24,1,1),(2230,26,3,440,'2024-08-14 18:25:37','2024-08-15',25,1,1),(2231,26,3,445,'2024-08-14 18:44:48','2024-08-15',26,1,1),(2232,26,3,445,'2024-08-14 18:44:59','2024-08-15',27,1,1),(2233,26,3,445,'2024-08-14 18:45:42','2024-08-15',28,1,1),(2234,26,3,445,'2024-08-14 18:46:32','2024-08-15',29,1,1),(2235,26,3,445,'2024-08-14 18:46:42','2024-08-15',30,1,1),(2236,26,3,445,'2024-08-14 18:51:17','2024-08-15',31,1,1),(2237,26,3,444,'2024-08-14 18:51:17','2024-08-15',32,1,1),(2238,26,3,443,'2024-08-14 18:51:18','2024-08-15',33,1,1),(2239,26,3,445,'2024-08-14 18:51:25','2024-08-15',34,1,1),(2240,26,3,444,'2024-08-14 18:51:25','2024-08-15',35,1,1),(2241,26,3,443,'2024-08-14 18:51:26','2024-08-15',36,1,1),(2242,26,3,442,'2024-08-14 18:51:26','2024-08-15',37,1,1),(2243,26,3,445,'2024-08-14 18:51:42','2024-08-15',38,1,1),(2244,26,3,444,'2024-08-14 18:51:43','2024-08-15',39,1,1),(2245,26,3,443,'2024-08-14 18:51:44','2024-08-15',40,1,1),(2246,26,3,442,'2024-08-14 18:51:44','2024-08-15',41,1,1),(2247,26,3,441,'2024-08-14 18:51:44','2024-08-15',42,1,1),(2248,26,3,440,'2024-08-14 18:51:45','2024-08-15',43,1,1),(2249,4,1,35,'2024-08-14 18:54:26','2024-08-15',66,1,1),(2250,4,1,34,'2024-08-14 18:54:27','2024-08-15',67,1,1),(2251,4,1,35,'2024-08-14 18:54:28','2024-08-15',68,1,1),(2252,26,3,441,'2024-08-14 19:01:33','2024-08-15',44,1,1),(2253,26,3,440,'2024-08-14 19:01:38','2024-08-15',45,1,1),(2254,26,3,446,'2024-08-14 19:03:28','2024-08-15',46,1,1),(2255,26,3,445,'2024-08-14 19:04:39','2024-08-15',47,1,1),(2256,26,3,445,'2024-08-14 19:05:59','2024-08-15',48,1,1),(2257,26,3,444,'2024-08-14 19:06:03','2024-08-15',49,1,1),(2258,26,3,443,'2024-08-14 19:06:03','2024-08-15',50,1,1),(2259,26,3,442,'2024-08-14 19:06:03','2024-08-15',51,1,1),(2260,26,3,441,'2024-08-14 19:06:03','2024-08-15',52,1,1),(2261,26,3,440,'2024-08-14 19:06:04','2024-08-15',53,1,1),(2262,26,1,21,'2024-08-14 19:06:19','2024-08-15',54,1,1),(2263,26,1,22,'2024-08-14 19:06:19','2024-08-15',55,1,1),(2264,26,1,23,'2024-08-14 19:06:19','2024-08-15',56,1,1),(2265,26,1,24,'2024-08-14 19:06:19','2024-08-15',57,1,1),(2266,26,1,25,'2024-08-14 19:06:19','2024-08-15',58,1,1),(2267,26,1,26,'2024-08-14 19:06:20','2024-08-15',59,1,1),(2268,26,1,27,'2024-08-14 19:06:20','2024-08-15',60,1,1),(2269,26,1,28,'2024-08-14 19:06:20','2024-08-15',61,1,1),(2270,26,1,29,'2024-08-14 19:06:20','2024-08-15',62,1,1),(2271,26,1,30,'2024-08-14 19:06:20','2024-08-15',63,1,1),(2272,26,1,31,'2024-08-14 19:06:21','2024-08-15',64,1,1),(2273,26,1,32,'2024-08-14 19:06:21','2024-08-15',65,1,1),(2274,26,1,33,'2024-08-14 19:06:21','2024-08-15',66,1,1),(2275,26,1,34,'2024-08-14 19:06:21','2024-08-15',67,1,1),(2276,26,1,35,'2024-08-14 19:06:21','2024-08-15',68,1,1),(2277,26,1,36,'2024-08-14 19:06:22','2024-08-15',69,1,1),(2278,1,3,441,'2024-08-14 19:25:02','2024-08-15',10,1,1),(2279,1,3,445,'2024-08-14 19:27:32','2024-08-15',11,1,1),(2280,1,3,445,'2024-08-14 19:31:04','2024-08-15',12,1,1),(2281,1,3,445,'2024-08-14 19:32:07','2024-08-15',13,1,1),(2282,1,3,444,'2024-08-14 19:35:44','2024-08-15',14,1,1),(2283,1,3,443,'2024-08-14 19:35:44','2024-08-15',15,1,1),(2284,1,3,442,'2024-08-14 19:35:45','2024-08-15',16,1,1),(2285,1,3,441,'2024-08-14 19:35:45','2024-08-15',17,1,1),(2286,1,3,440,'2024-08-14 19:35:45','2024-08-15',18,1,1),(2287,1,3,445,'2024-08-14 19:36:01','2024-08-15',19,1,1),(2288,1,3,444,'2024-08-14 19:36:05','2024-08-15',20,1,1),(2289,1,3,443,'2024-08-14 19:36:05','2024-08-15',21,1,1),(2290,1,3,442,'2024-08-14 19:36:06','2024-08-15',22,1,1),(2291,1,3,441,'2024-08-14 19:36:06','2024-08-15',23,1,1),(2292,1,3,440,'2024-08-14 19:36:06','2024-08-15',24,1,1),(2293,1,2,41,'2024-08-14 19:47:59','2024-08-15',25,1,1),(2294,1,2,41,'2024-08-14 19:55:21','2024-08-15',26,1,1),(2295,1,2,41,'2024-08-14 19:55:40','2024-08-15',27,1,1),(2296,1,2,42,'2024-08-14 19:57:07','2024-08-15',28,1,1),(2297,1,2,42,'2024-08-14 19:58:16','2024-08-15',29,1,1),(2298,1,2,42,'2024-08-14 19:58:31','2024-08-15',30,1,1),(2299,1,1,40,'2024-08-14 19:58:38','2024-08-15',31,1,1),(2300,1,1,40,'2024-08-14 20:01:17','2024-08-15',32,1,1),(2301,1,2,49,'2024-08-14 20:22:25','2024-08-15',33,1,1),(2302,1,7,2405,'2024-08-14 20:28:40','2024-08-15',34,1,1),(2303,1,2,49,'2024-08-14 20:29:08','2024-08-15',35,1,1),(2304,1,2,49,'2024-08-14 20:29:11','2024-08-15',36,1,1),(2305,1,2,49,'2024-08-14 20:29:28','2024-08-15',37,1,1),(2306,1,2,41,'2024-08-14 20:29:54','2024-08-15',38,1,1),(2307,1,2,49,'2024-08-14 20:33:33','2024-08-15',39,1,1),(2308,1,2,49,'2024-08-14 20:33:39','2024-08-15',40,1,1),(2309,1,2,49,'2024-08-14 20:34:17','2024-08-15',41,1,1),(2310,1,2,49,'2024-08-14 20:34:23','2024-08-15',42,1,1),(2311,1,2,49,'2024-08-14 20:34:25','2024-08-15',43,1,1),(2312,1,2,49,'2024-08-14 20:34:25','2024-08-15',44,1,1),(2313,1,2,49,'2024-08-14 20:34:26','2024-08-15',45,1,1),(2314,1,2,49,'2024-08-14 20:34:26','2024-08-15',46,1,1),(2315,1,2,49,'2024-08-14 20:34:26','2024-08-15',47,1,1),(2316,1,2,49,'2024-08-14 20:34:27','2024-08-15',48,1,1),(2317,1,2,49,'2024-08-14 20:34:27','2024-08-15',49,1,1),(2318,1,2,49,'2024-08-14 20:34:28','2024-08-15',50,1,1),(2319,1,2,49,'2024-08-14 20:34:28','2024-08-15',51,1,1),(2320,1,5,772,'2024-08-14 20:37:57','2024-08-15',52,1,1),(2321,1,5,772,'2024-08-14 20:38:08','2024-08-15',53,1,1),(2322,1,3,442,'2024-08-14 20:38:43','2024-08-15',54,1,1),(2323,1,3,442,'2024-08-14 20:43:56','2024-08-15',55,1,1),(2324,1,5,461,'2024-08-14 21:02:07','2024-08-15',56,1,1),(2325,1,2,251,'2024-08-14 22:30:43','2024-08-15',57,1,1),(2326,1,2,255,'2024-08-14 22:31:10','2024-08-15',58,1,1),(2327,1,7,2405,'2024-08-15 02:44:41','2024-08-15',59,1,1),(2328,1,7,2405,'2024-08-15 02:45:51','2024-08-15',60,1,1),(2329,1,7,2405,'2024-08-15 02:58:07','2024-08-15',61,1,1),(2330,1,2,159,'2024-08-15 03:12:04','2024-08-15',62,1,1),(2331,1,2,163,'2024-08-15 03:12:31','2024-08-15',63,1,1),(2332,1,3,444,'2024-08-15 03:13:27','2024-08-15',64,1,1),(2333,1,7,2405,'2024-08-15 03:14:16','2024-08-15',65,1,1),(2334,1,7,2405,'2024-08-15 03:17:23','2024-08-15',66,1,1),(2335,1,7,2407,'2024-08-15 03:20:05','2024-08-15',67,1,1),(2336,43,1,21,'2024-08-15 03:30:40','2024-08-15',1,1,1),(2337,43,1,22,'2024-08-15 03:30:41','2024-08-15',2,1,1),(2338,43,1,23,'2024-08-15 03:30:42','2024-08-15',3,1,1),(2339,43,1,24,'2024-08-15 03:32:13','2024-08-15',4,1,1),(2340,43,1,25,'2024-08-15 03:32:57','2024-08-15',5,1,1),(2341,43,1,26,'2024-08-15 03:33:08','2024-08-15',6,1,1),(2342,1,6,1649,'2024-08-15 03:40:27','2024-08-15',68,1,1),(2343,1,7,2406,'2024-08-15 03:43:18','2024-08-15',69,1,1),(2344,1,7,2406,'2024-08-15 03:47:32','2024-08-15',70,1,1),(2345,1,7,2406,'2024-08-15 03:47:50','2024-08-15',71,1,1),(2346,1,7,2406,'2024-08-15 03:47:55','2024-08-15',72,1,1),(2347,1,1,21,'2024-08-15 04:21:46','2024-08-15',73,1,1),(2348,1,1,22,'2024-08-15 04:21:46','2024-08-15',74,1,1),(2349,1,1,23,'2024-08-15 04:21:46','2024-08-15',75,1,1),(2350,1,1,24,'2024-08-15 04:21:47','2024-08-15',76,1,1),(2351,1,1,25,'2024-08-15 04:21:47','2024-08-15',77,1,1),(2352,1,1,26,'2024-08-15 04:21:47','2024-08-15',78,1,1),(2353,1,1,27,'2024-08-15 04:21:47','2024-08-15',79,1,1),(2354,1,1,28,'2024-08-15 04:21:47','2024-08-15',80,1,1),(2355,1,1,29,'2024-08-15 04:21:47','2024-08-15',81,1,1),(2356,1,1,30,'2024-08-15 04:21:48','2024-08-15',82,1,1),(2357,1,1,31,'2024-08-15 04:21:48','2024-08-15',83,1,1),(2358,1,1,32,'2024-08-15 04:21:48','2024-08-15',84,1,1),(2359,1,1,33,'2024-08-15 04:21:48','2024-08-15',85,1,1),(2360,1,1,34,'2024-08-15 04:21:48','2024-08-15',86,1,1),(2361,1,1,35,'2024-08-15 04:21:49','2024-08-15',87,1,1),(2362,1,1,36,'2024-08-15 04:21:49','2024-08-15',88,1,1),(2363,1,1,37,'2024-08-15 04:21:49','2024-08-15',89,1,1),(2364,1,1,38,'2024-08-15 04:21:49','2024-08-15',90,1,1),(2365,1,1,39,'2024-08-15 04:21:49','2024-08-15',91,1,1),(2366,1,1,40,'2024-08-15 04:21:49','2024-08-15',92,1,1),(2367,1,1,40,'2024-08-15 04:21:51','2024-08-15',93,1,1),(2368,1,1,40,'2024-08-15 04:21:54','2024-08-15',94,1,1),(2369,1,1,40,'2024-08-15 04:21:54','2024-08-15',95,1,1),(2370,1,1,39,'2024-08-15 04:21:57','2024-08-15',96,1,1),(2371,1,1,38,'2024-08-15 04:21:57','2024-08-15',97,1,1),(2372,1,1,37,'2024-08-15 04:21:57','2024-08-15',98,1,1),(2373,1,1,36,'2024-08-15 04:21:57','2024-08-15',99,1,1),(2374,1,1,35,'2024-08-15 04:21:57','2024-08-15',100,1,1),(2375,1,1,34,'2024-08-15 04:21:57','2024-08-15',101,1,1),(2376,1,1,33,'2024-08-15 04:21:58','2024-08-15',102,1,1),(2377,1,1,32,'2024-08-15 04:21:58','2024-08-15',103,1,1),(2378,1,1,31,'2024-08-15 04:21:58','2024-08-15',104,1,1),(2379,1,1,30,'2024-08-15 04:21:58','2024-08-15',105,1,1),(2380,1,1,29,'2024-08-15 04:21:58','2024-08-15',106,1,1),(2381,1,1,28,'2024-08-15 04:21:58','2024-08-15',107,1,1),(2382,1,1,27,'2024-08-15 04:21:59','2024-08-15',108,1,1),(2383,1,1,26,'2024-08-15 04:21:59','2024-08-15',109,1,1),(2384,1,1,25,'2024-08-15 04:21:59','2024-08-15',110,1,1),(2385,1,1,23,'2024-08-15 04:21:59','2024-08-15',111,1,1),(2386,1,1,24,'2024-08-15 04:21:59','2024-08-15',112,1,1),(2387,1,1,22,'2024-08-15 04:22:00','2024-08-15',113,1,1),(2388,1,1,40,'2024-08-15 04:37:19','2024-08-15',114,1,1),(2389,1,1,39,'2024-08-15 04:37:21','2024-08-15',115,1,1),(2390,1,1,38,'2024-08-15 04:37:21','2024-08-15',116,1,1),(2391,1,1,37,'2024-08-15 04:37:21','2024-08-15',117,1,1),(2392,1,1,36,'2024-08-15 04:37:22','2024-08-15',118,1,1),(2393,1,1,35,'2024-08-15 04:37:22','2024-08-15',119,1,1),(2394,1,1,34,'2024-08-15 04:37:22','2024-08-15',120,1,1),(2395,1,1,33,'2024-08-15 04:37:22','2024-08-15',121,1,1),(2396,1,1,34,'2024-08-15 04:37:23','2024-08-15',122,1,1),(2397,1,1,35,'2024-08-15 04:37:23','2024-08-15',123,1,1),(2398,1,1,36,'2024-08-15 04:37:23','2024-08-15',124,1,1),(2399,1,1,37,'2024-08-15 04:37:23','2024-08-15',125,1,1),(2400,1,1,38,'2024-08-15 04:37:24','2024-08-15',126,1,1),(2401,1,1,39,'2024-08-15 04:37:24','2024-08-15',127,1,1),(2402,1,1,40,'2024-08-15 04:37:24','2024-08-15',128,1,1),(2403,26,1,36,'2024-08-15 05:34:33','2024-08-15',70,1,1),(2404,26,1,37,'2024-08-15 05:34:33','2024-08-15',71,1,1),(2405,26,1,38,'2024-08-15 05:34:33','2024-08-15',72,1,1),(2406,26,1,39,'2024-08-15 05:34:33','2024-08-15',73,1,1),(2407,26,1,40,'2024-08-15 05:34:33','2024-08-15',74,1,1),(2408,26,1,2,'2024-08-15 05:35:17','2024-08-15',75,1,1),(2409,26,1,3,'2024-08-15 05:35:17','2024-08-15',76,1,1),(2410,26,1,4,'2024-08-15 05:35:17','2024-08-15',77,1,1),(2411,26,1,5,'2024-08-15 05:35:19','2024-08-15',78,1,1),(2412,26,1,6,'2024-08-15 05:35:19','2024-08-15',79,1,1),(2413,26,1,7,'2024-08-15 05:35:19','2024-08-15',80,1,1),(2414,26,1,8,'2024-08-15 05:35:19','2024-08-15',81,1,1),(2415,26,3,445,'2024-08-15 05:35:40','2024-08-15',82,1,1),(2416,26,3,444,'2024-08-15 05:35:41','2024-08-15',83,1,1),(2417,26,3,443,'2024-08-15 05:35:42','2024-08-15',84,1,1),(2418,26,3,442,'2024-08-15 05:35:46','2024-08-15',85,1,1),(2419,26,3,441,'2024-08-15 05:35:46','2024-08-15',86,1,1),(2420,26,3,445,'2024-08-15 05:36:07','2024-08-15',87,1,1),(2421,26,3,444,'2024-08-15 05:36:07','2024-08-15',88,1,1),(2422,26,3,445,'2024-08-15 05:37:27','2024-08-15',89,1,1),(2423,26,3,443,'2024-08-15 06:00:42','2024-08-15',90,1,1),(2424,26,3,442,'2024-08-15 06:00:42','2024-08-15',91,1,1),(2425,26,3,441,'2024-08-15 06:00:42','2024-08-15',92,1,1),(2426,26,3,440,'2024-08-15 06:00:44','2024-08-15',93,1,1),(2427,26,3,440,'2024-08-15 06:00:53','2024-08-15',94,1,1),(2428,26,3,440,'2024-08-15 06:00:58','2024-08-15',95,1,1),(2429,1,3,440,'2024-08-15 06:05:04','2024-08-15',129,1,1),(2430,1,3,441,'2024-08-15 06:05:08','2024-08-15',130,1,1),(2431,1,3,440,'2024-08-15 06:05:09','2024-08-15',131,1,1),(2432,1,3,443,'2024-08-15 06:06:52','2024-08-15',132,1,1),(2433,1,3,442,'2024-08-15 06:06:52','2024-08-15',133,1,1),(2434,1,3,441,'2024-08-15 06:06:53','2024-08-15',134,1,1),(2435,1,3,440,'2024-08-15 06:06:53','2024-08-15',135,1,1),(2436,1,4,447,'2024-08-15 06:23:59','2024-08-15',136,1,1),(2437,1,4,448,'2024-08-15 06:24:00','2024-08-15',137,1,1),(2438,1,4,449,'2024-08-15 06:24:01','2024-08-15',138,1,1),(2439,1,4,450,'2024-08-15 06:24:02','2024-08-15',139,1,1),(2440,1,4,448,'2024-08-15 06:28:55','2024-08-15',140,1,1),(2441,1,4,449,'2024-08-15 06:28:57','2024-08-15',141,1,1),(2442,3,4,448,'2024-08-15 06:30:04','2024-08-15',1,1,1),(2443,3,4,449,'2024-08-15 06:30:05','2024-08-15',2,1,1),(2444,3,4,450,'2024-08-15 06:30:08','2024-08-15',3,1,1),(2445,1,2,41,'2024-08-15 06:37:36','2024-08-15',142,0,1),(2446,1,2,41,'2024-08-15 06:37:36','2024-08-15',143,0,1),(2447,1,2,41,'2024-08-15 06:37:51','2024-08-15',144,0,1),(2448,1,2,41,'2024-08-15 06:38:09','2024-08-15',145,0,1),(2449,1,2,41,'2024-08-15 06:38:12','2024-08-15',146,0,1),(2450,1,2,41,'2024-08-15 06:38:12','2024-08-15',147,0,1),(2451,1,2,42,'2024-08-15 06:38:42','2024-08-15',148,0,1),(2452,1,2,42,'2024-08-15 06:38:42','2024-08-15',149,0,1),(2453,1,5,655,'2024-08-15 06:40:04','2024-08-15',150,0,0),(2454,1,5,655,'2024-08-15 06:40:04','2024-08-15',151,0,0),(2455,1,6,1704,'2024-08-15 06:40:27','2024-08-15',152,0,0),(2456,1,6,1704,'2024-08-15 06:40:27','2024-08-15',153,0,0),(2457,1,3,440,'2024-08-15 06:47:32','2024-08-15',154,0,1),(2458,1,3,440,'2024-08-15 06:47:32','2024-08-15',155,0,1),(2459,1,5,655,'2024-08-15 06:47:45','2024-08-15',156,0,0),(2460,1,5,655,'2024-08-15 06:47:45','2024-08-15',157,0,0),(2461,3,1,5,'2024-08-15 06:47:56','2024-08-15',4,0,0),(2462,3,1,6,'2024-08-15 06:48:01','2024-08-15',5,1,1),(2463,3,1,7,'2024-08-15 06:48:02','2024-08-15',6,1,1),(2464,3,1,8,'2024-08-15 06:48:04','2024-08-15',7,1,1),(2465,3,1,9,'2024-08-15 06:48:05','2024-08-15',8,1,1),(2466,3,1,10,'2024-08-15 06:48:07','2024-08-15',9,1,1),(2467,3,1,11,'2024-08-15 06:48:07','2024-08-15',10,1,1),(2468,3,1,13,'2024-08-15 06:48:08','2024-08-15',11,1,1),(2469,3,1,14,'2024-08-15 06:48:08','2024-08-15',12,1,1),(2470,3,1,15,'2024-08-15 06:48:09','2024-08-15',13,1,1),(2471,3,1,16,'2024-08-15 06:48:09','2024-08-15',14,1,1),(2472,3,1,17,'2024-08-15 06:48:09','2024-08-15',15,1,1),(2473,3,1,18,'2024-08-15 06:48:09','2024-08-15',16,1,1),(2474,3,1,19,'2024-08-15 06:48:10','2024-08-15',17,1,1),(2475,3,1,20,'2024-08-15 06:48:10','2024-08-15',18,1,1),(2476,3,1,21,'2024-08-15 06:48:10','2024-08-15',19,1,1),(2477,3,1,22,'2024-08-15 06:48:11','2024-08-15',20,1,1),(2478,3,1,23,'2024-08-15 06:48:11','2024-08-15',21,1,1),(2479,3,1,24,'2024-08-15 06:48:11','2024-08-15',22,1,1),(2480,3,1,25,'2024-08-15 06:48:12','2024-08-15',23,1,1),(2481,3,2,41,'2024-08-15 06:48:21','2024-08-15',24,0,0),(2482,3,2,56,'2024-08-15 06:48:44','2024-08-15',25,0,0),(2483,1,1,21,'2024-08-15 06:49:20','2024-08-15',158,0,1),(2484,1,1,21,'2024-08-15 06:49:20','2024-08-15',159,0,1),(2485,1,6,1735,'2024-08-15 06:54:37','2024-08-15',160,0,0),(2486,1,6,1735,'2024-08-15 06:54:37','2024-08-15',161,0,0),(2487,1,1,20,'2024-08-15 06:55:15','2024-08-15',162,1,1),(2488,1,1,21,'2024-08-15 06:55:16','2024-08-15',163,1,1),(2489,1,1,22,'2024-08-15 06:55:17','2024-08-15',164,1,1),(2490,3,4,451,'2024-08-15 07:28:43','2024-08-15',26,1,1),(2491,3,4,452,'2024-08-15 07:28:46','2024-08-15',27,1,1),(2492,3,3,441,'2024-08-15 07:33:48','2024-08-15',28,0,0),(2493,3,3,441,'2024-08-15 07:33:58','2024-08-15',29,0,0),(2494,3,4,448,'2024-08-15 07:34:08','2024-08-15',30,1,1),(2495,3,3,442,'2024-08-15 07:34:57','2024-08-15',31,0,0),(2496,1,4,447,'2024-08-15 07:37:10','2024-08-15',165,1,1),(2497,1,4,447,'2024-08-15 07:37:10','2024-08-15',166,1,1),(2498,1,4,457,'2024-08-15 07:37:11','2024-08-15',167,1,1),(2499,1,4,457,'2024-08-15 07:37:11','2024-08-15',168,1,1),(2500,3,5,655,'2024-08-15 07:47:37','2024-08-15',32,0,0),(2501,3,1,20,'2024-08-15 08:01:09','2024-08-15',33,0,1),(2502,1,5,810,'2024-08-15 08:02:12','2024-08-15',169,0,0),(2503,1,5,810,'2024-08-15 08:02:12','2024-08-15',170,0,0),(2504,1,5,810,'2024-08-15 08:06:20','2024-08-15',171,0,0),(2505,1,5,810,'2024-08-15 08:06:20','2024-08-15',172,0,0),(2506,1,4,447,'2024-08-15 08:06:24','2024-08-15',173,1,1),(2507,1,7,2405,'2024-08-15 08:08:11','2024-08-15',174,1,1),(2508,1,7,2405,'2024-08-15 08:09:03','2024-08-15',175,1,1),(2509,3,2,41,'2024-08-15 08:09:46','2024-08-15',34,0,0),(2510,1,7,2408,'2024-08-15 08:12:12','2024-08-15',176,1,1),(2511,1,7,2414,'2024-08-15 08:12:44','2024-08-15',177,1,1),(2512,3,4,448,'2024-08-15 08:14:33','2024-08-15',35,1,1),(2513,3,4,447,'2024-08-15 08:14:34','2024-08-15',36,1,1),(2514,3,4,448,'2024-08-15 08:14:35','2024-08-15',37,1,1),(2515,3,4,447,'2024-08-15 08:14:37','2024-08-15',38,1,1),(2516,40,1,1,'2024-08-15 08:16:16','2024-08-15',2,0,1),(2517,40,1,1,'2024-08-15 08:16:16','2024-08-15',3,0,1),(2518,13,1,1,'2024-08-15 08:20:41','2024-08-15',1,1,1),(2519,13,1,1,'2024-08-15 08:20:41','2024-08-15',2,0,1),(2520,13,1,1,'2024-08-15 08:20:41','2024-08-15',3,0,1),(2521,1,3,440,'2024-08-15 08:36:07','2024-08-15',178,0,1),(2522,1,3,440,'2024-08-15 08:36:08','2024-08-15',179,0,1),(2523,1,3,442,'2024-08-15 08:36:13','2024-08-15',180,0,1),(2524,1,3,442,'2024-08-15 08:36:13','2024-08-15',181,0,1),(2525,1,3,441,'2024-08-15 08:36:24','2024-08-15',182,0,1),(2526,1,3,441,'2024-08-15 08:36:24','2024-08-15',183,0,1),(2527,1,3,442,'2024-08-15 08:36:26','2024-08-15',184,0,1),(2528,1,3,442,'2024-08-15 08:36:26','2024-08-15',185,0,1),(2529,1,3,444,'2024-08-15 08:40:49','2024-08-15',186,0,1),(2530,1,3,444,'2024-08-15 08:40:49','2024-08-15',187,0,1),(2531,1,3,444,'2024-08-15 08:40:58','2024-08-15',188,0,1),(2532,1,3,444,'2024-08-15 08:40:58','2024-08-15',189,0,1),(2533,1,3,444,'2024-08-15 08:44:52','2024-08-15',190,0,1),(2534,1,3,444,'2024-08-15 08:44:52','2024-08-15',191,0,1),(2535,1,3,444,'2024-08-15 08:45:05','2024-08-15',192,0,1),(2536,1,3,444,'2024-08-15 08:45:05','2024-08-15',193,0,1),(2537,1,3,444,'2024-08-15 08:45:29','2024-08-15',194,0,1),(2538,1,3,444,'2024-08-15 08:45:29','2024-08-15',195,0,1),(2539,4,5,753,'2024-08-15 08:50:54','2024-08-15',69,0,0),(2540,4,5,753,'2024-08-15 08:50:54','2024-08-15',70,0,0),(2541,4,5,753,'2024-08-15 08:51:11','2024-08-15',71,1,1),(2542,4,5,753,'2024-08-15 08:51:57','2024-08-15',72,1,1),(2543,4,5,753,'2024-08-15 08:53:14','2024-08-15',73,1,1),(2544,4,5,756,'2024-08-15 08:54:53','2024-08-15',74,1,1),(2545,4,5,757,'2024-08-15 08:58:17','2024-08-15',75,1,1),(2546,4,5,757,'2024-08-15 08:58:25','2024-08-15',76,1,1),(2547,1,6,1704,'2024-08-15 09:01:25','2024-08-15',196,0,0),(2548,1,6,1704,'2024-08-15 09:01:25','2024-08-15',197,0,0),(2549,1,6,1704,'2024-08-15 09:01:42','2024-08-15',198,1,1),(2550,1,5,878,'2024-08-15 09:05:32','2024-08-15',199,0,0),(2551,1,5,878,'2024-08-15 09:05:39','2024-08-15',200,1,1),(2552,1,5,880,'2024-08-15 09:05:58','2024-08-15',201,1,1),(2553,1,5,880,'2024-08-15 09:06:45','2024-08-15',202,1,1),(2554,1,5,880,'2024-08-15 09:07:11','2024-08-15',203,1,1),(2555,1,5,880,'2024-08-15 09:07:16','2024-08-15',204,1,1),(2556,3,5,655,'2024-08-15 09:08:41','2024-08-15',39,0,0),(2557,3,5,655,'2024-08-15 09:08:46','2024-08-15',40,0,0),(2558,3,5,655,'2024-08-15 09:08:57','2024-08-15',41,1,1),(2559,3,5,655,'2024-08-15 09:10:31','2024-08-15',42,0,1),(2560,3,6,1457,'2024-08-15 09:11:07','2024-08-15',43,0,0),(2561,1,7,2411,'2024-08-15 09:11:17','2024-08-15',205,1,1),(2562,4,5,813,'2024-08-15 09:15:16','2024-08-15',77,0,0),(2563,26,4,457,'2024-08-15 09:20:13','2024-08-15',96,1,1),(2564,26,4,452,'2024-08-15 09:20:14','2024-08-15',97,1,1),(2565,26,4,452,'2024-08-15 09:20:15','2024-08-15',98,1,1),(2566,26,5,655,'2024-08-15 09:29:25','2024-08-15',99,0,1),(2567,26,5,655,'2024-08-15 09:29:32','2024-08-15',100,1,1),(2568,26,5,655,'2024-08-15 09:30:00','2024-08-15',101,0,1),(2569,26,5,655,'2024-08-15 09:30:07','2024-08-15',102,1,1),(2570,26,5,656,'2024-08-15 09:30:26','2024-08-15',103,1,1),(2571,26,5,655,'2024-08-15 09:31:25','2024-08-15',104,0,1),(2572,26,5,656,'2024-08-15 09:31:31','2024-08-15',105,1,1),(2573,26,5,655,'2024-08-15 09:32:32','2024-08-15',106,0,1),(2574,26,5,656,'2024-08-15 09:32:40','2024-08-15',107,1,1),(2575,26,5,657,'2024-08-15 09:33:12','2024-08-15',108,1,1),(2576,26,5,655,'2024-08-15 09:33:22','2024-08-15',109,0,1),(2577,3,1,33,'2024-08-15 09:37:14','2024-08-15',44,0,0),(2578,3,1,34,'2024-08-15 09:37:20','2024-08-15',45,1,1),(2579,3,5,675,'2024-08-15 09:37:29','2024-08-15',46,0,0),(2580,26,5,779,'2024-08-15 09:49:44','2024-08-15',110,0,0),(2581,26,5,779,'2024-08-15 09:49:52','2024-08-15',111,1,1),(2582,26,5,779,'2024-08-15 09:50:03','2024-08-15',112,1,1),(2583,26,5,779,'2024-08-15 09:52:27','2024-08-15',113,1,1),(2584,26,1,20,'2024-08-15 09:56:56','2024-08-15',114,0,1),(2585,26,1,21,'2024-08-15 10:09:46','2024-08-15',115,1,1),(2586,26,2,41,'2024-08-15 10:09:50','2024-08-15',116,0,1),(2587,4,5,878,'2024-08-15 10:12:35','2024-08-15',78,0,0),(2588,4,5,878,'2024-08-15 10:12:54','2024-08-15',79,1,1),(2589,4,5,878,'2024-08-15 10:12:59','2024-08-15',80,1,1),(2590,1,5,655,'2024-08-15 10:49:12','2024-08-15',206,0,0),(2591,1,5,655,'2024-08-15 10:50:21','2024-08-15',207,0,0),(2592,1,1,20,'2024-08-15 11:03:07','2024-08-15',208,0,1),(2593,1,1,20,'2024-08-15 11:03:07','2024-08-15',209,0,1),(2594,1,1,20,'2024-08-15 11:04:15','2024-08-15',210,0,1),(2595,1,2,41,'2024-08-15 11:06:47','2024-08-15',211,0,1),(2596,1,2,41,'2024-08-15 11:06:47','2024-08-15',212,0,1),(2597,1,2,41,'2024-08-15 11:07:14','2024-08-15',213,0,1),(2598,1,2,41,'2024-08-15 11:08:04','2024-08-15',214,0,1),(2599,1,2,41,'2024-08-15 11:08:08','2024-08-15',215,0,1),(2600,1,2,41,'2024-08-15 11:08:12','2024-08-15',216,0,1),(2601,1,2,41,'2024-08-15 11:08:19','2024-08-15',217,0,1),(2602,1,2,41,'2024-08-15 11:08:24','2024-08-15',218,0,1),(2603,1,2,41,'2024-08-15 11:08:37','2024-08-15',219,0,1),(2604,1,2,41,'2024-08-15 11:08:41','2024-08-15',220,0,1),(2605,1,2,41,'2024-08-15 11:08:47','2024-08-15',221,0,1),(2606,1,2,41,'2024-08-15 11:08:49','2024-08-15',222,0,1),(2607,1,2,41,'2024-08-15 11:08:55','2024-08-15',223,0,1),(2608,1,2,41,'2024-08-15 11:08:56','2024-08-15',224,0,1),(2609,1,2,41,'2024-08-15 11:09:18','2024-08-15',225,0,1),(2610,26,5,675,'2024-08-15 14:24:13','2024-08-15',117,0,0),(2611,26,5,675,'2024-08-15 14:24:25','2024-08-15',118,0,0),(2612,1,1,1,'2024-08-15 14:54:03','2024-08-15',226,0,1),(2613,1,2,209,'2024-08-15 20:53:22','2024-08-16',1,0,0),(2614,1,2,261,'2024-08-15 20:54:16','2024-08-16',2,0,0),(2615,1,1,1,'2024-08-15 20:54:24','2024-08-16',3,0,1),(2616,1,2,41,'2024-08-15 21:09:12','2024-08-16',4,0,1),(2617,1,2,41,'2024-08-15 21:17:20','2024-08-16',5,0,1),(2618,1,2,41,'2024-08-15 21:17:20','2024-08-16',6,0,1),(2619,1,1,40,'2024-08-15 21:18:53','2024-08-16',7,0,1),(2620,1,1,40,'2024-08-15 21:18:53','2024-08-16',8,0,1),(2621,1,1,40,'2024-08-15 21:19:16','2024-08-16',9,0,1),(2622,1,1,40,'2024-08-15 21:19:21','2024-08-16',10,0,1),(2623,1,1,40,'2024-08-15 21:19:48','2024-08-16',11,0,1),(2624,1,1,40,'2024-08-15 21:19:55','2024-08-16',12,0,1),(2625,1,1,40,'2024-08-15 21:19:58','2024-08-16',13,0,1),(2626,1,1,40,'2024-08-15 21:20:03','2024-08-16',14,0,1),(2627,1,1,40,'2024-08-15 21:21:01','2024-08-16',15,0,1),(2628,1,2,49,'2024-08-15 21:21:51','2024-08-16',16,0,1),(2629,1,2,49,'2024-08-15 21:21:51','2024-08-16',17,0,1),(2630,1,5,655,'2024-08-15 23:40:04','2024-08-16',18,0,0),(2631,26,5,655,'2024-08-16 00:00:11','2024-08-16',1,0,1),(2632,26,5,655,'2024-08-16 00:00:30','2024-08-16',2,0,1),(2633,26,5,655,'2024-08-16 00:01:58','2024-08-16',3,0,1),(2634,26,5,655,'2024-08-16 00:02:05','2024-08-16',4,0,1),(2635,1,5,655,'2024-08-16 00:06:29','2024-08-16',19,0,0),(2636,1,5,655,'2024-08-16 00:06:51','2024-08-16',20,1,1),(2637,1,5,655,'2024-08-16 00:09:14','2024-08-16',21,1,1),(2638,1,5,655,'2024-08-16 00:09:53','2024-08-16',22,1,1),(2639,26,5,655,'2024-08-16 00:11:39','2024-08-16',5,0,1),(2640,26,5,655,'2024-08-16 00:25:52','2024-08-16',6,0,1),(2641,26,5,655,'2024-08-16 00:26:27','2024-08-16',7,1,1),(2642,26,6,1916,'2024-08-16 00:27:05','2024-08-16',8,0,0),(2643,26,6,1916,'2024-08-16 00:27:25','2024-08-16',9,1,1),(2644,26,5,655,'2024-08-16 00:31:44','2024-08-16',10,0,1),(2645,26,5,655,'2024-08-16 00:32:05','2024-08-16',11,0,1),(2646,26,5,655,'2024-08-16 00:32:27','2024-08-16',12,1,1),(2647,26,5,655,'2024-08-16 00:32:49','2024-08-16',13,0,1),(2648,26,5,655,'2024-08-16 00:33:23','2024-08-16',14,1,1),(2649,26,5,655,'2024-08-16 00:34:14','2024-08-16',15,0,1),(2650,26,5,655,'2024-08-16 00:34:37','2024-08-16',16,0,1),(2651,26,5,655,'2024-08-16 00:35:01','2024-08-16',17,1,1),(2652,26,5,655,'2024-08-16 00:35:12','2024-08-16',18,0,1),(2653,26,5,675,'2024-08-16 00:35:31','2024-08-16',19,0,0),(2654,26,5,655,'2024-08-16 00:35:41','2024-08-16',20,0,1),(2655,26,5,655,'2024-08-16 00:36:15','2024-08-16',21,1,1),(2656,26,5,655,'2024-08-16 00:36:24','2024-08-16',22,0,1),(2657,26,5,675,'2024-08-16 00:37:53','2024-08-16',23,0,0),(2658,26,5,655,'2024-08-16 00:38:44','2024-08-16',24,0,1),(2659,26,5,655,'2024-08-16 00:41:38','2024-08-16',25,0,1),(2660,26,5,655,'2024-08-16 00:41:39','2024-08-16',26,0,1),(2661,26,5,655,'2024-08-16 00:41:39','2024-08-16',27,0,1),(2662,26,5,655,'2024-08-16 00:41:44','2024-08-16',28,0,1),(2663,26,5,655,'2024-08-16 00:43:37','2024-08-16',29,0,1),(2664,26,5,655,'2024-08-16 00:44:31','2024-08-16',30,1,1),(2665,26,5,655,'2024-08-16 00:45:42','2024-08-16',31,0,1),(2666,26,5,655,'2024-08-16 00:45:53','2024-08-16',32,0,1),(2667,26,5,655,'2024-08-16 00:45:59','2024-08-16',33,1,1),(2668,26,5,655,'2024-08-16 00:46:25','2024-08-16',34,0,1),(2669,26,5,655,'2024-08-16 00:46:28','2024-08-16',35,0,1),(2670,26,5,655,'2024-08-16 00:46:49','2024-08-16',36,0,1),(2671,4,5,655,'2024-08-16 00:47:59','2024-08-16',1,0,0),(2672,26,5,655,'2024-08-16 00:49:00','2024-08-16',37,0,1),(2673,26,5,655,'2024-08-16 00:49:17','2024-08-16',38,1,1),(2674,26,5,655,'2024-08-16 00:49:25','2024-08-16',39,0,1),(2675,26,5,655,'2024-08-16 00:49:42','2024-08-16',40,1,1),(2676,26,5,655,'2024-08-16 00:52:47','2024-08-16',41,0,1),(2677,26,5,655,'2024-08-16 00:53:03','2024-08-16',42,1,1),(2678,26,5,655,'2024-08-16 00:53:59','2024-08-16',43,0,1),(2679,26,5,655,'2024-08-16 00:54:00','2024-08-16',44,0,1),(2680,26,5,655,'2024-08-16 00:54:52','2024-08-16',45,0,1),(2681,26,5,655,'2024-08-16 00:54:52','2024-08-16',45,0,1),(2682,26,5,655,'2024-08-16 00:55:11','2024-08-16',46,0,1),(2683,26,5,655,'2024-08-16 00:55:11','2024-08-16',46,0,1),(2684,26,5,655,'2024-08-16 00:55:21','2024-08-16',47,1,1),(2685,4,5,655,'2024-08-16 00:56:08','2024-08-16',2,0,0),(2686,4,5,655,'2024-08-16 00:56:25','2024-08-16',3,0,0),(2687,4,5,655,'2024-08-16 01:01:53','2024-08-16',4,0,0),(2688,4,5,655,'2024-08-16 01:01:59','2024-08-16',5,1,1),(2689,4,5,675,'2024-08-16 01:02:16','2024-08-16',6,0,0),(2690,4,5,704,'2024-08-16 01:02:38','2024-08-16',7,0,0),(2691,4,5,704,'2024-08-16 01:03:36','2024-08-16',8,0,0),(2692,4,5,704,'2024-08-16 01:03:44','2024-08-16',9,1,1),(2693,4,5,724,'2024-08-16 01:04:06','2024-08-16',10,0,0),(2694,26,5,655,'2024-08-16 01:05:53','2024-08-16',48,0,1),(2695,26,5,655,'2024-08-16 01:53:12','2024-08-16',49,0,1),(2696,1,5,675,'2024-08-16 03:06:22','2024-08-16',23,0,0),(2697,1,5,655,'2024-08-16 03:12:11','2024-08-16',24,0,1),(2698,26,5,655,'2024-08-16 03:13:28','2024-08-16',50,0,1),(2699,26,5,655,'2024-08-16 03:13:40','2024-08-16',51,0,1),(2700,26,5,655,'2024-08-16 03:13:51','2024-08-16',52,1,1),(2701,1,5,655,'2024-08-16 03:30:11','2024-08-16',25,1,1),(2702,26,5,655,'2024-08-16 03:49:26','2024-08-16',53,0,1),(2703,26,5,655,'2024-08-16 04:08:18','2024-08-16',54,0,1),(2704,26,5,655,'2024-08-16 04:09:19','2024-08-16',55,1,1),(2705,1,5,655,'2024-08-16 06:06:36','2024-08-16',26,0,1),(2706,44,1,1,'2024-08-16 06:24:43','2024-08-16',1,1,1),(2707,44,1,1,'2024-08-16 06:24:43','2024-08-16',2,0,1),(2708,44,1,1,'2024-08-16 06:25:16','2024-08-16',3,0,1),(2709,44,1,2,'2024-08-16 06:25:32','2024-08-16',4,1,1),(2710,1,7,2370,'2024-08-16 08:53:11','2024-08-16',27,1,1),(2711,1,6,1649,'2024-08-16 08:53:38','2024-08-16',28,0,1),(2712,1,2,110,'2024-08-16 11:12:42','2024-08-16',29,0,1),(2713,1,1,20,'2024-08-16 14:52:00','2024-08-16',30,0,1),(2714,1,1,21,'2024-08-16 14:52:27','2024-08-16',31,1,1),(2715,1,5,724,'2024-08-16 15:12:58','2024-08-17',1,0,0),(2716,1,5,779,'2024-08-16 15:13:11','2024-08-17',2,0,1),(2717,1,5,907,'2024-08-16 15:13:19','2024-08-17',3,0,0),(2718,1,2,41,'2024-08-17 11:55:14','2024-08-17',4,0,1),(2719,49,1,1,'2024-08-18 02:10:44','2024-08-18',1,1,1),(2720,49,1,1,'2024-08-18 02:10:44','2024-08-18',2,0,1),(2721,49,1,2,'2024-08-18 02:11:54','2024-08-18',3,1,1),(2722,49,1,1,'2024-08-18 02:11:57','2024-08-18',4,1,1),(2723,49,1,2,'2024-08-18 02:11:59','2024-08-18',5,1,1),(2724,49,1,3,'2024-08-18 02:12:02','2024-08-18',6,1,1),(2725,49,1,4,'2024-08-18 02:12:08','2024-08-18',7,1,1),(2726,49,1,5,'2024-08-18 02:12:10','2024-08-18',8,1,1),(2727,49,1,6,'2024-08-18 02:12:10','2024-08-18',9,1,1),(2728,49,1,7,'2024-08-18 02:12:10','2024-08-18',10,1,1),(2729,49,1,8,'2024-08-18 02:12:11','2024-08-18',11,1,1),(2730,49,1,9,'2024-08-18 02:12:11','2024-08-18',12,1,1),(2731,49,1,10,'2024-08-18 02:12:11','2024-08-18',13,1,1),(2732,49,1,11,'2024-08-18 02:12:11','2024-08-18',14,1,1),(2733,49,1,13,'2024-08-18 02:12:11','2024-08-18',15,1,1),(2734,49,1,14,'2024-08-18 02:12:12','2024-08-18',16,1,1),(2735,49,1,15,'2024-08-18 02:12:12','2024-08-18',17,1,1),(2736,49,1,16,'2024-08-18 02:12:12','2024-08-18',18,1,1),(2737,49,1,17,'2024-08-18 02:12:12','2024-08-18',19,1,1),(2738,49,1,18,'2024-08-18 02:12:13','2024-08-18',20,1,1),(2739,49,1,19,'2024-08-18 02:12:14','2024-08-18',21,1,1),(2740,49,1,20,'2024-08-18 02:12:14','2024-08-18',22,1,1),(2741,49,1,21,'2024-08-18 02:12:14','2024-08-18',23,1,1),(2742,49,1,22,'2024-08-18 02:12:15','2024-08-18',24,1,1),(2743,49,1,23,'2024-08-18 02:12:15','2024-08-18',25,1,1),(2744,49,1,24,'2024-08-18 02:12:17','2024-08-18',26,1,1),(2745,49,1,25,'2024-08-18 02:12:17','2024-08-18',27,1,1),(2746,49,1,26,'2024-08-18 02:12:17','2024-08-18',28,1,1),(2747,49,1,27,'2024-08-18 02:12:17','2024-08-18',29,1,1),(2748,49,1,28,'2024-08-18 02:12:17','2024-08-18',30,1,1),(2749,49,1,29,'2024-08-18 02:12:18','2024-08-18',31,1,1),(2750,49,1,30,'2024-08-18 02:12:18','2024-08-18',32,1,1),(2751,49,1,31,'2024-08-18 02:12:18','2024-08-18',33,1,1),(2752,49,1,32,'2024-08-18 02:12:18','2024-08-18',34,1,1),(2753,49,1,33,'2024-08-18 02:12:18','2024-08-18',35,1,1),(2754,1,1,1,'2024-08-18 08:27:55','2024-08-18',1,0,1),(2755,1,1,2,'2024-08-18 08:29:06','2024-08-18',2,1,1),(2756,1,1,3,'2024-08-18 08:29:08','2024-08-18',3,1,1),(2757,1,1,4,'2024-08-18 08:29:09','2024-08-18',4,1,1),(2758,1,1,5,'2024-08-18 08:29:10','2024-08-18',5,1,1),(2759,1,1,6,'2024-08-18 08:29:12','2024-08-18',6,1,1),(2760,1,1,7,'2024-08-18 08:29:13','2024-08-18',7,1,1),(2761,1,1,8,'2024-08-18 08:29:14','2024-08-18',8,1,1),(2762,1,1,9,'2024-08-18 08:29:15','2024-08-18',9,1,1),(2763,1,1,10,'2024-08-18 08:29:16','2024-08-18',10,1,1),(2764,1,2,41,'2024-08-18 08:30:11','2024-08-18',11,0,1),(2765,1,2,41,'2024-08-18 08:31:56','2024-08-18',12,1,1),(2766,1,3,440,'2024-08-18 08:32:34','2024-08-18',13,0,1),(2767,1,4,448,'2024-08-18 08:34:08','2024-08-18',14,1,1),(2768,1,4,449,'2024-08-18 08:34:10','2024-08-18',15,1,1),(2769,1,4,450,'2024-08-18 08:34:12','2024-08-18',16,1,1),(2770,1,7,2405,'2024-08-18 08:35:49','2024-08-18',17,1,1),(2771,1,7,2375,'2024-08-18 08:39:31','2024-08-18',18,1,1),(2772,1,5,675,'2024-08-18 08:40:09','2024-08-18',19,0,0),(2773,1,5,675,'2024-08-18 08:40:17','2024-08-18',20,0,0),(2774,1,5,655,'2024-08-18 08:40:27','2024-08-18',21,0,1),(2775,1,5,655,'2024-08-18 08:41:06','2024-08-18',22,1,1),(2776,1,5,655,'2024-08-18 12:53:19','2024-08-18',23,0,1),(2777,1,5,655,'2024-08-18 12:54:59','2024-08-18',24,0,1),(2778,1,5,655,'2024-08-18 12:56:38','2024-08-18',25,0,1),(2779,1,5,655,'2024-08-18 12:59:16','2024-08-18',26,0,1),(2780,1,5,724,'2024-08-18 13:03:23','2024-08-18',27,0,0),(2781,1,5,724,'2024-08-18 13:04:22','2024-08-18',28,0,0),(2782,1,5,724,'2024-08-18 13:05:10','2024-08-18',29,0,0),(2783,1,5,704,'2024-08-18 13:05:51','2024-08-18',30,0,1),(2784,1,5,704,'2024-08-18 13:06:09','2024-08-18',31,0,1),(2785,1,5,704,'2024-08-18 13:24:04','2024-08-18',32,0,1),(2786,1,3,440,'2024-08-18 13:27:36','2024-08-18',33,0,1),(2787,1,2,41,'2024-08-18 13:44:32','2024-08-18',34,0,1),(2788,3,1,20,'2024-08-22 04:34:10','2024-08-22',1,0,1),(2789,3,4,457,'2024-08-22 04:35:03','2024-08-22',2,1,1),(2790,3,4,454,'2024-08-22 04:35:09','2024-08-22',3,1,1),(2791,3,4,453,'2024-08-22 04:35:10','2024-08-22',4,1,1),(2792,3,4,455,'2024-08-22 04:35:12','2024-08-22',5,1,1),(2793,3,5,675,'2024-08-22 04:35:36','2024-08-22',6,0,0),(2794,1,2,41,'2024-08-22 04:54:23','2024-08-22',1,0,1),(2795,1,4,448,'2024-08-22 04:54:28','2024-08-22',2,1,1),(2796,1,4,457,'2024-08-22 04:54:30','2024-08-22',3,1,1),(2797,1,4,452,'2024-08-22 04:54:32','2024-08-22',4,1,1),(2798,1,4,454,'2024-08-22 04:54:33','2024-08-22',5,1,1),(2799,1,2,41,'2024-08-22 06:33:00','2024-08-22',6,0,1);
/*!40000 ALTER TABLE `study_log` ENABLE KEYS */;
UNLOCK TABLES;

--
-- Table structure for table `study_phonology`
--

DROP TABLE IF EXISTS `study_phonology`;
/*!40101 SET @saved_cs_client     = @@character_set_client */;
/*!50503 SET character_set_client = utf8mb4 */;
CREATE TABLE `study_phonology` (
  `study_id` int unsigned NOT NULL AUTO_INCREMENT COMMENT 'AI, 학습 단어 식별 번호',
  `phonology_rule` varchar(10) NOT NULL,
  `phonology_explanation` text,
  `example` text NOT NULL,
  PRIMARY KEY (`study_id`),
  CONSTRAINT `FKbslu3uw7dp1nv8dugor80yjrj` FOREIGN KEY (`study_id`) REFERENCES `study` (`study_id`)
) ENGINE=InnoDB AUTO_INCREMENT=458 DEFAULT CHARSET=utf8mb4 COLLATE=utf8mb4_0900_ai_ci;
/*!40101 SET character_set_client = @saved_cs_client */;

--
-- Dumping data for table `study_phonology`
--

LOCK TABLES `study_phonology` WRITE;
/*!40000 ALTER TABLE `study_phonology` DISABLE KEYS */;
INSERT INTO `study_phonology` VALUES (447,'비음화','파열음 \'ㄱ, ㄷ, ㅂ\'이 비음 \'ㄴ, ㅁ\' 앞에서 각각 동일한 조음 위치의 비음이 ‘ㅇ,ㄴ,ㅁ’으로 발음되는 현상','국물 [궁물],받는다 [반는다],입는다 [임는다]'),(448,'유음화','비음 \'ㄴ\'이 앞이나 뒤에 오는 유음 \'ㄹ\'의 영향으로 \'ㄹ\'로 발음되는 현상','신라 [실라],칼날 [칼랄]'),(449,'구개음화','받침 \'ㄷ, ㅌ\'인 형태소가 모음 ‘ㅣ\'나 반모음 \'j\'로 시작되는 형식 형태소와 만나 구개음인 \'ㅈ, ㅊ\'으로 발음되는 현상\\‘ㄷ’ 뒤에 형식 형태소 ‘-히-’가 올 때 ‘ㄷ’과 ‘ㅎ’이 결합하여 이루어진 ‘ㅌ’이 ‘ㅊ’ 으로 발음되는 경우 존재','굳이 [구지],같이 [가치]\\닫히다 [다치다]'),(450,'경음화','앞 음절의 받침에 의해 뒷 소리 초성이 평음에서 경음(된소리)으로 발음되는 현상\\받침 ‘ㄱ, ㄷ, ㅂ’ 뒤의 경음화\\어간 받침 ‘ㄴ, ㅁ’ 뒤의 경음화\\한자어에서 ‘ㄹ’ 받침 뒤에 연결되는 ‘ㄷ, ㅅ, ㅈ’의 경음화\\관형사형 어미 ‘-(으)ㄹ’ 뒤의 경음화','국밥 [국빱],먹도록 [먹또록],믿지 [믿찌],춥고 [춥꼬]\\신고 [신꼬],껴안고 [껴안꼬],감다 [감따]\\발달 [발딸],질서 [질써],물질 [물찔],갈등 [갈뜽]\\할 것을 [할꺼슬]'),(451,'ㄴ\' 첨가','합성어 및 파생어에서 앞말이 자음으로 끝나고 뒷말이 모음’ㅣ’나 반모음 ‘j’로 시작할 때, ‘ㄴ’이 그 사이에 첨가되는 현상','맨입 [맨닙],솜이불 [솜니불],한여름 [한녀름]'),(452,'반모음 첨가','모음으로 끝난 형태소 뒤에 단모음으로 시작하는 형태소가 올 때 반모음 ‘j’가 첨가되는 현상','피어 [피어/피여],되어 [되어/되여]'),(453,'자음군 단순화','음절 끝에 두 개의 자음이 올 때, 이 중 한 자음이 탈락하는 현상','몫 [목],값 [갑],젊다 [점따],읊다 [읍따]'),(454,'자음탈락','ㄹ 탈락\\실질 형태소의 끝소리 ‘ㄹ’이 ‘ㄴ, ㅅ’ 등의앞에서 탈락하는 현상\\ㅎ 탈락\\어간 끝소리 ‘ㅎ’이 모음으로 시작하는 형태 형태소와 결합할 때 탈락하는 현상','알- + -니 ⇒ 아:니,알- + -시- + -고 ⇒ 아:시고\\넣어 [너어],쌓이다 [싸이다]'),(455,'모음탈락','ㅡ 탈락\\어간 끝소리 ‘ㅡ’가 ‘아/어’로 시작하는 어미 앞에서 탈락하는 현상\\동일 모음 탈락\\어간 말 모음과 어미 첫 모음이 동일할 때 한 모음이 탈락하는 현상','끄- + -어서 ⇒ 꺼서,담그- + -아도 ⇒ 담가도\\자- + -아서 ⇒ 자서,서- + -어 ⇒ 서'),(456,'두음법칙','한자음 ‘랴,려,례,료,류,리’와 ‘녀,뇨,뉴,니’가 단어의 첫머리에 올때는 ‘ㄹ’이나’ㄴ’이 탈락되어 각[야,여,예,요,유,이]와 [여,요,유,이]로 발음된다.','불량 [불양],량심 [양심],자녀 [자여],녀성 [여성]'),(457,'거센소리되기','‘ㅎ’과 예사소리인 ‘ㄱ, ㄷ, ㅂ, ㅈ’이 만나 각각 거센소리인 [ㅋ, ㅌ, ㅍ, ㅊ]으로 발음되는 현상','입학 [이팍],좋다 [조타],각하 [가카],넣지 [너치]');
/*!40000 ALTER TABLE `study_phonology` ENABLE KEYS */;
UNLOCK TABLES;

--
-- Table structure for table `study_resource`
--

DROP TABLE IF EXISTS `study_resource`;
/*!40101 SET @saved_cs_client     = @@character_set_client */;
/*!50503 SET character_set_client = utf8mb4 */;
CREATE TABLE `study_resource` (
  `study_id` int unsigned NOT NULL AUTO_INCREMENT COMMENT 'AI, 학습 식별 번호',
  `pronounce_method` text NOT NULL,
  `mouth_img` varchar(255) NOT NULL COMMENT '입모양 이미지',
  `tongue_img` varchar(255) NOT NULL COMMENT '혀모양 이미지',
  `syllable_location` varchar(10) NOT NULL COMMENT '초성, 중성, 종성',
  PRIMARY KEY (`study_id`),
  CONSTRAINT `FKq2mxgoub518wtn6wxg8sdrk9n` FOREIGN KEY (`study_id`) REFERENCES `study` (`study_id`)
) ENGINE=InnoDB AUTO_INCREMENT=2438 DEFAULT CHARSET=utf8mb4 COLLATE=utf8mb4_0900_ai_ci;
/*!40101 SET character_set_client = @saved_cs_client */;

--
-- Dumping data for table `study_resource`
--

LOCK TABLES `study_resource` WRITE;
/*!40000 ALTER TABLE `study_resource` DISABLE KEYS */;
INSERT INTO `study_resource` VALUES (1,'목젖으로 콧길을 막고 혀뿌리를 높여 여린입천장을 막았다가 뗄 때, 막았던 공기를 터뜨리며 소리를 내요. 성대를 진동시키지 않고 내는 안울림소리예요. 초성일 때는 안울림소리, 모음 사이에서는 울림소리예요','/images/study_resource/consonants/mouth/1.png','/images/study_resource/consonants/tongue/1.png','INITIAL'),(2,'목젖으로 콧길을 막고 혀뿌리로 여린입천장을 막았다가 세게 공기를 터뜨려 소리를 내요.','/images/study_resource/consonants/mouth/2.png','/images/study_resource/consonants/tongue/2.png','INITIAL'),(3,'혀끝을 윗잇몸에 붙였다가 떼면서 날숨을 콧구멍으로 나오게 해, 코안의 공명을 일으키며 소리를 내요. 목청이 떨리는 울림소리예요.','/images/study_resource/consonants/mouth/3.png','/images/study_resource/consonants/tongue/3.png','INITIAL'),(4,'목젖으로 콧길을 막고 혀끝을 윗잇몸에 대어 입길을 막았다가, 공기를 터뜨리면서 소리를 내요.','/images/study_resource/consonants/mouth/4.png','/images/study_resource/consonants/tongue/4.png','INITIAL'),(5,'목젖으로 콧길을 막고 혀끝을 윗잇몸에 대어 입길을 막았다가 세게 공기를 터뜨려 소리를 내요. 성대를 진동시키지 않고 내는 안울림소리예요.','/images/study_resource/consonants/mouth/5.png','/images/study_resource/consonants/tongue/5.png','INITIAL'),(6,'모음 사이에서는 혀끝으로 윗잇몸을 한 번 가볍게 치면서 진동하는 소리예요.','/images/study_resource/consonants/mouth/6.png','/images/study_resource/consonants/tongue/6.png','INITIAL'),(7,'입을 다물고 날숨을 코안으로 내보내며 목청을 울려서 소리를 내요.','/images/study_resource/consonants/mouth/7.png','/images/study_resource/consonants/tongue/7.png','INITIAL'),(8,'목젖으로 콧길을 막고 두 입술을 다물었다가 벌려 입안의 공기를 밖으로 터뜨리며 소리를 내요. 성대를 진동시키지 않고 내는 안울림소리예요.','/images/study_resource/consonants/mouth/8.png','/images/study_resource/consonants/tongue/8.png','INITIAL'),(9,'목젖으로 콧길을 막고 두 입술을 다물었다가 벌려 입안의 공기를 밖으로 터뜨리며 소리를 내요. 성대를 진동시키지 않고 내는 안울림소리예요.','/images/study_resource/consonants/mouth/9.png','/images/study_resource/consonants/tongue/9.png','INITIAL'),(10,'혀끝을 윗잇몸이나 센입천장에 거의 붙이다시피 올려요. 날숨이 그 사이를 비집고 나오면서 마찰하도록 해 소리를 내요. 성대를 진동시키지 않고 내는 안울림소리예요.','/images/study_resource/consonants/mouth/10.png','/images/study_resource/consonants/tongue/10.png','INITIAL'),(11,'혀끝을 윗잇몸이나 센입천장에 거의 붙이다시피 올려요. 날숨이 그 사이를 비집고 나오면서 마찰하도록 해 소리를 내요. 성대를 진동시키지 않고 내는 안울림소리예요.','/images/study_resource/consonants/mouth/11.png','/images/study_resource/consonants/tongue/11.png','INITIAL'),(12,'종성일 때는 혀뿌리를 높여 여린입천장을 막고 날숨을 코안으로 내보내며 소리를 내요. 코가 막힌 듯한 소리인 비음이에요.','','/images/study_resource/consonants/tongue/12.png','FINAL'),(13,'혓바닥을 센입천장에 넓게 대었다가 공기를 터뜨리면서 마찰도 함께 일으키며 소리를 내요. 성대를 진동시키지 않고 내는 안울림소리예요.','/images/study_resource/consonants/mouth/13.png','/images/study_resource/consonants/tongue/13.png','INITIAL'),(14,'혓바닥을 센입천장에 넓게 대었다가 공기를 터뜨리면서 마찰도 함께 일으키며 소리를 내요. 성대를 진동시키지 않고 내는 안울림소리예요.','/images/study_resource/consonants/mouth/14.png','/images/study_resource/consonants/tongue/14.png','INITIAL'),(15,'혓바닥을 센입천장에 넓게 대었다가 터뜨릴 때, 날숨을 거세게 내뿜으며 마찰도 함께 일으키며 소리를 내요. 성대를 진동시키지 않고 내는 안울림소리이며, 거센소리에요.','/images/study_resource/consonants/mouth/15.png','/images/study_resource/consonants/tongue/15.png','INITIAL'),(16,'목젖으로 콧길을 막고 혀뿌리를 높여 여린입천장에 붙여 입길을 막았다가 뗄 때, 거세게 공기를 터뜨리며 소리를 내요. 성대를 진동시키지 않고 내는 안울림소리예요.','/images/study_resource/consonants/mouth/16.png','/images/study_resource/consonants/tongue/16.png','INITIAL'),(17,'목젖으로 콧길을 막고 혀끝을 윗잇몸에 대었다가 뗄 때, 거세게 공기를 터뜨리며 소리를 내요. 성대를 진동시키지 않고 내는 안울림소리예요.','/images/study_resource/consonants/mouth/17.png','/images/study_resource/consonants/tongue/17.png','INITIAL'),(18,'목젖으로 콧길을 막고 두 입술을 다물었다가 뗄 때, 거세게 공기를 터뜨리며 소리를 내요. 성대를 진동시키지 않고 내는 안울림소리예요.','/images/study_resource/consonants/mouth/18.png','/images/study_resource/consonants/tongue/18.png','INITIAL'),(19,'목청을 좁혀 숨을 내쉴 때 공기가 그 가장자리를 마찰하도록 해 소리를 내요. 성대를 진동시키지 않고 내는 안울림소리예요.','/images/study_resource/consonants/mouth/19.png','/images/study_resource/consonants/tongue/19.png','INITIAL'),(20,'발음할 때 입술이나 혀가 고정되어 움직이지 않아요. 입이 크게 열려서 혀의 위치가 낮고 혀의 최고점이 뒤쪽에 있어요. 입술을 납작하게 하여 내는 소리에요.','/images/study_resource/vowels/mouth/20.png','/images/study_resource/vowels/tongue/20.png','MIDDLE'),(21,'발음할 때 입술이나 혀가 고정되어 움직이지 않아요. 입이 크게 열려서 혀의 위치가 낮고 혀의 최고점이 앞쪽에 있어요. 입술을 납작하게 하여 내는 소리에요.','/images/study_resource/vowels/mouth/21.png','/images/study_resource/vowels/tongue/21.png','MIDDLE'),(22,'발음할 때 입술 모양이 바뀌거나 혀가 움직이며 내는 소리에요.[ㅣ+ㅏ]로 ㅣ를 약하고 짧게 발음해요.\\ㅣ = 입이 조금 열려서 혀의 위치가 높고 혀의 최고점이 앞쪽에 있어요. 입술을 납작하게 하여 내는 소리에요.\\ㅏ = 입이 크게 열려서 혀의 위치가 낮고 혀의 최고점이 뒤쪽에 있어요. 입술을 납작하게 하여 내는 소리에요.','/images/study_resource/vowels/mouth/22.png','/images/study_resource/vowels/tongue/22.png','MIDDLE'),(23,'[ㅣ+ㅐ]로 ㅣ를 약하고 짧게 발음해요.\\ㅣ = 입이 조금 열려서 혀의 위치가 높고 혀의 최고점이 앞쪽에 있어요. 입술을 납작하게 하여 내는 소리에요.\\ㅐ = 입이 크게 열려서 혀의 위치가 낮고 혀의 최고점이 앞쪽에 있어요. 입술을 납작하게 하여 내는 소리에요.','/images/study_resource/vowels/mouth/23.png','/images/study_resource/vowels/tongue/23.png','MIDDLE'),(24,'발음할 때 입술이나 혀가 고정되어 움직이지 않아요. 입이 더 열려서 혀의 위치가 중간이고 혀의 최고점이 뒤쪽에 있어요.  입술을 납작하게 하여 내는 소리에요.','/images/study_resource/vowels/mouth/24.png','/images/study_resource/vowels/tongue/24.png','MIDDLE'),(25,'발음할 때 입술이나 혀가 고정되어 움직이지 않아요. 입이 더 열려서 혀의 위치가 중간이고 혀의 최고점이 앞쪽에 있어요. 입술을 납작하게 하여 내는 소리에요.','/images/study_resource/vowels/mouth/25.png','/images/study_resource/vowels/tongue/25.png','MIDDLE'),(26,'[ㅣ+ㅓ]로 ㅣ를 약하고 짧게 발음해요.\\ㅣ = 입이 조금 열려서 혀의 위치가 높고 혀의 최고점이 앞쪽에 있어요. 입술을 납작하게 하여 내는 소리에요.\\ㅓ =  입이 더 열려서 혀의 위치가 중간이고 혀의 최고점이 뒤쪽에 있어요.  입술을 납작하게 하여 내는 소리에요.','/images/study_resource/vowels/mouth/26.png','/images/study_resource/vowels/tongue/26.png','MIDDLE'),(27,'[ㅣ+ㅔ]로 ㅣ를 약하고 짧게 발음해요.\\ㅣ = 입이 조금 열려서 혀의 위치가 높고 혀의 최고점이 앞쪽에 있어요. 입술을 납작하게 하여 내는 소리에요.\\ㅔ = 입이 더 열려서 혀의 위치가 중간이고 혀의 최고점이 앞쪽에 있어요. 입술을 납작하게 하여 내는 소리에요.','/images/study_resource/vowels/mouth/27.png','/images/study_resource/vowels/tongue/27.png','MIDDLE'),(28,'발음할 때 입술이나 혀가 고정되어 움직이지 않아요.입이 더 열려서 혀의 위치가 중간이고 혀의 최고점이 뒤쪽에 있어요. 입술을 둥글게 하여 내는 소리에요.','/images/study_resource/vowels/mouth/28.png','/images/study_resource/vowels/tongue/28.png','MIDDLE'),(29,'[ㅗ+ㅏ]로 ㅗ를 약하고 짧게 발음해요.\\ㅗ = 입이 더 열려서 혀의 위치가 중간이고 혀의 최고점이 뒤쪽에 있어요. 입술을 둥글게 하여 내는 소리에요.\\ㅏ = 입이 크게 열려서 혀의 위치가 낮고 혀의 최고점이 뒤쪽에 있어요. 입술을 납작하게 하여 내는 소리에요.','/images/study_resource/vowels/mouth/29.gif','/images/study_resource/vowels/tongue/29.png','MIDDLE'),(30,'[ㅗ+ㅐ]로 ㅗ를 약하고 짧게 발음해요.\\ㅗ = 입이 더 열려서 혀의 위치가 중간이고 혀의 최고점이 뒤쪽에 있어요. 입술을 둥글게 하여 내는 소리에요.\\ㅐ = 입이 크게 열려서 혀의 위치가 낮고 혀의 최고점이 앞쪽에 있어요. 입술을 납작하게 하여 내는 소리에요.','/images/study_resource/vowels/mouth/30.gif','/images/study_resource/vowels/tongue/30.png','MIDDLE'),(31,'발음할 때 입술이나 혀가 고정되어 움직이지 않아요.입이 더 열려서 혀의 위치가 중간이고 혀의 최고점이 앞쪽에 있어요. 입술을 둥글게 하여 내는 소리에요.','/images/study_resource/vowels/mouth/31.gif','/images/study_resource/vowels/tongue/31.png','MIDDLE'),(32,'[ㅣ+ㅗ]로 ㅣ를 약하고 짧게 발음해요.\\ㅣ = 입이 조금 열려서 혀의 위치가 높고 혀의 최고점이 앞쪽에 있어요. 입술을 납작하게 하여 내는 소리에요.\\ㅗ = 입이 더 열려서 혀의 위치가 중간이고 혀의 최고점이 뒤쪽에 있어요. 입술을 둥글게 하여 내는 소리에요.','/images/study_resource/vowels/mouth/32.png','/images/study_resource/vowels/tongue/32.png','MIDDLE'),(33,'발음할 때 입술이나 혀가 고정되어 움직이지 않아요.입이 조금 열려서 혀의 위치가 높고 혀의 최고점이 뒤쪽에 있어요.  입술을 둥글게 하여 내는 소리에요.','/images/study_resource/vowels/mouth/33.png','/images/study_resource/vowels/tongue/33.png','MIDDLE'),(34,'[ㅜ+ㅓ]로 ㅜ를 약하고 짧게 발음해요.\\ㅜ = 입이 조금 열려서 혀의 위치가 높고 혀의 최고점이 뒤쪽에 있어요. 입술을 둥글게 하여 내는 소리에요.\\ㅓ =  입이 더 열려서 혀의 위치가 중간이고 혀의 최고점이 뒤쪽에 있어요.  입술을 납작하게 하여 내는 소리에요.','/images/study_resource/vowels/mouth/34.gif','/images/study_resource/vowels/tongue/34.png','MIDDLE'),(35,'[ㅜ+ㅔ]로 ㅜ를 약하고 짧게 발음해요.\\ㅜ = 입이 조금 열려서 혀의 위치가 높고 혀의 최고점이 뒤쪽에 있어요. 입술을 둥글게 하여 내는 소리에요.\\ㅔ = 입이 더 열려서 혀의 위치가 중간이고 혀의 최고점이 앞쪽에 있어요. 입술을 납작하게 하여 내는 소리에요.','/images/study_resource/vowels/mouth/35.gif','/images/study_resource/vowels/tongue/35.png','MIDDLE'),(36,'발음할 때 입술이나 혀가 고정되어 움직이지 않아요.입이 조금 열려서 혀의 위치가 높고 혀의 최고점이 앞쪽에 있어요. 입술을 둥글게 하여 내는 소리에요.','/images/study_resource/vowels/mouth/36.gif','/images/study_resource/vowels/tongue/36.png','MIDDLE'),(37,'[ㅣ+ㅜ]로 ㅣ를 약하고 짧게 발음해요.\\ㅣ = 입이 조금 열려서 혀의 위치가 높고 혀의 최고점이 앞쪽에 있어요. 입술을 납작하게 하여 내는 소리에요.\\ㅜ = 입이 조금 열려서 혀의 위치가 높고 혀의 최고점이 뒤쪽에 있어요. 입술을 둥글게 하여 내는 소리에요.','/images/study_resource/vowels/mouth/37.png','/images/study_resource/vowels/tongue/37.png','MIDDLE'),(38,'발음할 때 입술이나 혀가 고정되어 움직이지 않아요.입이 조금 열려서 혀의 위치가 높고 혀의 최고점이 뒤쪽에 있어요. 입술을 납작하게 하여 내는 소리에요.','/images/study_resource/vowels/mouth/38.png','/images/study_resource/vowels/tongue/38.png','MIDDLE'),(39,'[ㅡ+ㅣ]로 ㅡ 또는 ㅣ 로 발음 해요.\\ㅣ = 입이 조금 열려서 혀의 위치가 높고 혀의 최고점이 앞쪽에 있어요. 입술을 납작하게 하여 내는 소리에요.\\ㅔ = 입이 더 열려서 혀의 위치가 중간이고 혀의 최고점이 앞쪽에 있어요. 입술을 납작하게 하여 내는 소리에요.','/images/study_resource/vowels/mouth/39.gif','/images/study_resource/vowels/tongue/39.png','MIDDLE'),(40,'발음할 때 입술이나 혀가 고정되어 움직이지 않아요.입이 조금 열려서 혀의 위치가 높고 혀의 최고점이 앞쪽에 있어요. 입술을 납작하게 하여 내는 소리에요.','/images/study_resource/vowels/mouth/40.png','/images/study_resource/vowels/tongue/40.png','MIDDLE'),(2431,'목젖으로 콧길을 막고 혀뿌리를 높여 여린입천장을 막아요','/images/study_resource/consonants/mouth/2431.png','/images/study_resource/consonants/tongue/2431.png','FINAL'),(2432,'혀끝을 윗잇몸에 붙이고 날숨을 콧구멍으로 나오게 해, 코안의 공명을 일으키며 소리를 내요.','/images/study_resource/consonants/mouth/2432.png','/images/study_resource/consonants/tongue/2432.png','FINAL'),(2433,'목젖으로 콧길을 막고 혀끝을 윗잇몸에 대어 입길을 막아 발음해요','/images/study_resource/consonants/mouth/2433.png','/images/study_resource/consonants/tongue/2433.png','FINAL'),(2434,'혀끝을 윗잇몸에 갖다 대고 그 사이로 공기가 지나가게 하며 내는 소리예요.','/images/study_resource/consonants/mouth/2434.png','/images/study_resource/consonants/tongue/2434.png','FINAL'),(2435,'입을 다물고 날숨을 코안으로 내보내며 목청을 울려서 소리를 내요.','/images/study_resource/consonants/mouth/2435.png','/images/study_resource/consonants/tongue/2435.png','FINAL'),(2436,'목젖으로 콧길을 막고 두 입술을 다물어 내는 소리예요','/images/study_resource/consonants/mouth/2436.png','/images/study_resource/consonants/tongue/2436.png','FINAL'),(2437,'ㅇ이 초성일 때에는 음가가 없어요.','','','INITIAL');
/*!40000 ALTER TABLE `study_resource` ENABLE KEYS */;
UNLOCK TABLES;

--
-- Table structure for table `vocabulary`
--

DROP TABLE IF EXISTS `vocabulary`;
/*!40101 SET @saved_cs_client     = @@character_set_client */;
/*!50503 SET character_set_client = utf8mb4 */;
CREATE TABLE `vocabulary` (
  `member_id` bigint NOT NULL,
  `study_id` int unsigned NOT NULL COMMENT '사용자가 북마크한 학습 식별 번호',
  PRIMARY KEY (`member_id`,`study_id`),
  KEY `member_study_idx` (`member_id`,`study_id`),
  KEY `vocab_member_idx` (`member_id`),
  KEY `vocab_study_idx` (`study_id`),
  CONSTRAINT `FKn2u9igwdn9ormot5mc3vgmh1l` FOREIGN KEY (`member_id`) REFERENCES `member` (`member_id`),
  CONSTRAINT `FKy6dswrl5i9pksvyf81bvfo5x` FOREIGN KEY (`study_id`) REFERENCES `study` (`study_id`)
) ENGINE=InnoDB DEFAULT CHARSET=utf8mb4 COLLATE=utf8mb4_0900_ai_ci;
/*!40101 SET character_set_client = @saved_cs_client */;

--
-- Dumping data for table `vocabulary`
--

LOCK TABLES `vocabulary` WRITE;
/*!40000 ALTER TABLE `vocabulary` DISABLE KEYS */;
INSERT INTO `vocabulary` VALUES (26,42),(26,43),(26,440),(1,442),(1,444),(1,655),(26,655),(1,675),(3,675),(1,704),(1,724),(1,813),(1,1002),(1,1003),(1,1004),(1,1005),(1,1500),(1,1501),(1,1579),(26,1579),(26,1678),(26,1716);
/*!40000 ALTER TABLE `vocabulary` ENABLE KEYS */;
UNLOCK TABLES;
/*!40103 SET TIME_ZONE=@OLD_TIME_ZONE */;

/*!40101 SET SQL_MODE=@OLD_SQL_MODE */;
/*!40014 SET FOREIGN_KEY_CHECKS=@OLD_FOREIGN_KEY_CHECKS */;
/*!40014 SET UNIQUE_CHECKS=@OLD_UNIQUE_CHECKS */;
/*!40101 SET CHARACTER_SET_CLIENT=@OLD_CHARACTER_SET_CLIENT */;
/*!40101 SET CHARACTER_SET_RESULTS=@OLD_CHARACTER_SET_RESULTS */;
/*!40101 SET COLLATION_CONNECTION=@OLD_COLLATION_CONNECTION */;
/*!40111 SET SQL_NOTES=@OLD_SQL_NOTES */;

-- Dump completed on 2024-08-22 15:53:04
